gene_id,gene_symbol,chr,gene_length
gene_0,100130426,,
gene_1,100133144,chr15,2420
gene_2,100134869,chr15,3190
gene_3,10357,,
gene_4,10431,,
gene_5,136542,,
gene_6,155060,chr7,4756
gene_7,26823,,
gene_8,280660,chrX,580
gene_9,317712,,
gene_10,340602,,
gene_11,388795,,
gene_12,390284,,
gene_13,391343,,
gene_14,391714,,
gene_15,404770,,
gene_16,441362,,
gene_17,442388,,
gene_18,553137,,
gene_19,57714,,
gene_20,645851,,
gene_21,652919,,
gene_22,653553,,
gene_23,728045,,
gene_24,728603,,
gene_25,728788,,
gene_26,729884,,
gene_27,8225,chrX,4434
gene_28,90288,chr3,2154
gene_29,A1BG,chr19,4309
gene_30,A1CF,chr10,9880
gene_31,A2BP1,chr16,8875
gene_32,A2LD1,chr13,2903
gene_33,A2ML1,chr12,6309
gene_34,A2M,chr12,4653
gene_35,A4GALT,chr22,2606
gene_36,A4GNT,chr3,1771
gene_37,AAA1,chr7,7248
gene_38,AAAS,chr12,1837
gene_39,AACSL,chr5,3018
gene_40,AACS,chr12,4560
gene_41,AADACL2,chr3,1500
gene_42,AADACL3,chr1,4049
gene_43,AADACL4,chr1,1575
gene_44,AADAC,chr3,1606
gene_45,AADAT,chr4,2642
gene_46,AAGAB,chr15,3584
gene_47,AAK1,chr2,22077
gene_48,AAMP,chr2,1949
gene_49,AANAT,chr17,2304
gene_50,AARS2,chr6,4782
gene_51,AARSD1,chr17,1798
gene_52,AARS,chr16,3695
gene_53,AASDHPPT,chr11,2990
gene_54,AASDH,chr4,7532
gene_55,AASS,chr7,6399
gene_56,AATF,chr17,2141
gene_57,AATK,chr17,6893
gene_58,ABAT,chr16,5930
gene_59,ABCA10,chr17,7146
gene_60,ABCA11P,chr4,3515
gene_61,ABCA12,chr2,9446
gene_62,ABCA13,chr7,22448
gene_63,ABCA17P,chr16,5442
gene_64,ABCA1,chr9,10865
gene_65,ABCA2,chr9,11734
gene_66,ABCA3,chr16,7542
gene_67,ABCA4,chr1,8728
gene_68,ABCA5,chr17,10130
gene_69,ABCA6,chr17,6323
gene_70,ABCA7,chr19,7644
gene_71,ABCA8,chr17,7442
gene_72,ABCA9,chr17,7101
gene_73,ABCB10,chr1,3857
gene_74,ABCB11,chr2,5437
gene_75,ABCB1,chr7,4893
gene_76,ABCB4,chr7,4935
gene_77,ABCB5,chr7,9337
gene_78,ABCB6,chr2,4480
gene_79,ABCB7,chrX,2606
gene_80,ABCB8,chr7,6303
gene_81,ABCB9,chr12,6591
gene_82,ABCC10,chr6,8696
gene_83,ABCC11,chr16,5155
gene_84,ABCC12,chr16,7325
gene_85,ABCC13,chr21,5397
gene_86,ABCC1,chr16,7063
gene_87,ABCC2,chr10,5051
gene_88,ABCC3,chr17,6541
gene_89,ABCC4,chr13,6518
gene_90,ABCC5,chr3,12438
gene_91,ABCC6P1,chr16,2840
gene_92,ABCC6P2,chr16,706
gene_93,ABCC6,chr16,5981
gene_94,ABCC8,chr11,5530
gene_95,ABCC9,chr12,12318
gene_96,ABCD1,chrX,3664
gene_97,ABCD2,chr12,5341
gene_98,ABCD3,chr1,5616
gene_99,ABCD4,chr14,3649
gene_100,ABCE1,chr4,4531
gene_101,ABCF1,chr6,3594
gene_102,ABCF2,chr7,4308
gene_103,ABCF3,chr3,2790
gene_104,ABCG1,chr21,4972
gene_105,ABCG2,chr4,5501
gene_106,ABCG4,chr11,3935
gene_107,ABCG5,chr2,4256
gene_108,ABCG8,chr2,2746
gene_109,ABHD10,chr3,2806
gene_110,ABHD11,chr7,2000
gene_111,ABHD12B,chr14,1708
gene_112,ABHD12,chr20,2411
gene_113,ABHD13,chr13,5302
gene_114,ABHD14A,chr3,1857
gene_115,ABHD14B,chr3,4256
gene_116,ABHD15,chr17,3355
gene_117,ABHD1,chr2,1636
gene_118,ABHD2,chr15,9226
gene_119,ABHD3,chr18,4191
gene_120,ABHD4,chr14,3456
gene_121,ABHD5,chr3,5353
gene_122,ABHD6,chr3,2458
gene_123,ABHD8,chr19,2090
gene_124,ABI1,chr10,3950
gene_125,ABI2,chr2,7443
gene_126,ABI3BP,chr3,10067
gene_127,ABI3,chr17,2259
gene_128,ABL1,chr9,5963
gene_129,ABL2,chr1,23124
gene_130,ABLIM1,chr10,9830
gene_131,ABLIM2,chr4,6240
gene_132,ABLIM3,chr5,5802
gene_133,ABO,chr9,1842
gene_134,ABP1,chr7,6828
gene_135,ABRA,chr8,2754
gene_136,ABR,chr17,8155
gene_137,ABT1,chr6,2263
gene_138,ABTB1,chr3,2387
gene_139,ABTB2,chr11,4903
gene_140,ACAA1,chr3,1819
gene_141,ACAA2,chr18,1934
gene_142,ACACA,chr17,11969
gene_143,ACACB,chr12,9535
gene_144,ACAD10,chr12,5977
gene_145,ACAD11,chr3,3556
gene_146,ACAD8,chr11,5287
gene_147,ACAD9,chr3,4322
gene_148,ACADL,chr2,3118
gene_149,ACADM,chr1,3764
gene_150,ACADSB,chr10,6030
gene_151,ACADS,chr12,2057
gene_152,ACADVL,chr17,4097
gene_153,ACAN,chr15,15435
gene_154,ACAP1,chr17,2508
gene_155,ACAP2,chr3,8231
gene_156,ACAP3,chr1,7322
gene_157,ACAT1,chr11,4505
gene_158,ACAT2,chr6,2839
gene_159,ACBD3,chr1,3565
gene_160,ACBD4,chr17,4106
gene_161,ACBD5,chr10,4908
gene_162,ACBD6,chr1,1616
gene_163,ACBD7,chr10,4189
gene_164,ACCN1,chr17,4271
gene_165,ACCN2,chr12,5306
gene_166,ACCN3,chr7,2497
gene_167,ACCN4,chr2,7784
gene_168,ACCN5,chr4,1692
gene_169,ACCSL,chr11,1927
gene_170,ACCS,chr11,4979
gene_171,ACD,chr16,4063
gene_172,ACE2,chrX,3861
gene_173,ACER1,chr19,1088
gene_174,ACER2,chr9,4093
gene_175,ACER3,chr11,5259
gene_176,ACE,chr17,11114
gene_177,ACHE,chr7,6237
gene_178,ACIN1,chr14,7163
gene_179,ACLY,chr17,4539
gene_180,ACMSD,chr2,1357
gene_181,ACN9,chr7,2057
gene_182,ACO1,chr9,4278
gene_183,ACO2,chr22,2741
gene_184,ACOT11,chr1,5309
gene_185,ACOT12,chr5,2175
gene_186,ACOT13,chr6,4393
gene_187,ACOT1,chr14,2354
gene_188,ACOT2,chr14,2408
gene_189,ACOT4,chr14,1632
gene_190,ACOT6,chr14,1004
gene_191,ACOT7,chr1,2462
gene_192,ACOT8,chr20,4221
gene_193,ACOT9,chrX,2189
gene_194,ACOX1,chr17,8389
gene_195,ACOX2,chr3,2309
gene_196,ACOX3,chr4,3005
gene_197,ACOXL,chr2,3321
gene_198,ACP1,chr2,3097
gene_199,ACP2,chr11,3397
gene_200,ACP5,chr19,2688
gene_201,ACP6,chr1,4313
gene_202,ACPL2,chr3,3389
gene_203,ACPP,chr3,3988
gene_204,ACPT,chr19,1347
gene_205,ACRBP,chr12,2433
gene_206,ACRC,chrX,3178
gene_207,ACRV1,chr11,2177
gene_208,ACR,chr22,2036
gene_209,ACSBG1,chr15,3057
gene_210,ACSBG2,chr19,3646
gene_211,ACSF2,chr17,2562
gene_212,ACSF3,chr16,4532
gene_213,ACSL1,chr4,4627
gene_214,ACSL3,chr2,4361
gene_215,ACSL4,chrX,5812
gene_216,ACSL5,chr10,3826
gene_217,ACSL6,chr5,9667
gene_218,ACSM1,chr16,2685
gene_219,ACSM2A,chr16,4845
gene_220,ACSM2B,chr16,2767
gene_221,ACSM3,chr16,2483
gene_222,ACSM4,chr12,1743
gene_223,ACSM5,chr16,2987
gene_224,ACSS1,chr20,8492
gene_225,ACSS2,chr20,3193
gene_226,ACSS3,chr12,3679
gene_227,ACTA1,chr1,1492
gene_228,ACTA2,chr10,3145
gene_229,ACTBL2,chr5,2794
gene_230,ACTB,chr7,2973
gene_231,ACTC1,chr15,3693
gene_232,ACTG1,chr17,2952
gene_233,ACTG2,chr2,2529
gene_234,ACTL6A,chr3,2158
gene_235,ACTL6B,chr7,1635
gene_236,ACTL7A,chr9,1433
gene_237,ACTL7B,chr9,1407
gene_238,ACTL8,chr1,1861
gene_239,ACTL9,chr19,1422
gene_240,ACTN1,chr14,7641
gene_241,ACTN2,chr1,4909
gene_242,ACTN3,chr11,3510
gene_243,ACTN4,chr19,4295
gene_244,ACTR10,chr14,3180
gene_245,ACTR1A,chr10,2873
gene_246,ACTR1B,chr2,2258
gene_247,ACTR2,chr2,4477
gene_248,ACTR3B,chr7,2217
gene_249,ACTR3C,chr7,1420
gene_250,ACTR3,chr2,5881
gene_251,ACTR5,chr20,2479
gene_252,ACTR6,chr12,3872
gene_253,ACTR8,chr3,4036
gene_254,ACTRT1,chrX,1442
gene_255,ACTRT2,chr1,1422
gene_256,ACVR1B,chr12,5815
gene_257,ACVR1C,chr2,9077
gene_258,ACVR1,chr2,3269
gene_259,ACVR2A,chr2,5713
gene_260,ACVR2B,chr3,11751
gene_261,ACVRL1,chr12,4755
gene_262,ACY1,chr3,2765
gene_263,ACY3,chr11,1300
gene_264,ACYP1,chr14,686
gene_265,ACYP2,chr2,1222
gene_266,ADAD1,chr4,2690
gene_267,ADAD2,chr16,2455
gene_268,ADAL,chr15,4106
gene_269,ADAM10,chr15,6191
gene_270,ADAM11,chr17,4596
gene_271,ADAM12,chr10,7958
gene_272,ADAM15,chr1,6218
gene_273,ADAM17,chr2,5133
gene_274,ADAM18,chr8,3446
gene_275,ADAM19,chr5,7896
gene_276,ADAM20,chr14,2792
gene_277,ADAM21P1,chr14,2049
gene_278,ADAM21,chr14,2664
gene_279,ADAM22,chr7,11696
gene_280,ADAM23,chr2,6434
gene_281,ADAM28,chr8,4091
gene_282,ADAM29,chr4,3440
gene_283,ADAM2,chr8,2866
gene_284,ADAM30,chr1,2992
gene_285,ADAM32,chr8,3495
gene_286,ADAM33,chr20,9353
gene_287,ADAM3A,chr8,3315
gene_288,ADAM5P,chr8,2741
gene_289,ADAM6,chr14,1842
gene_290,ADAM7,chr8,4531
gene_291,ADAM8,chr10,4366
gene_292,ADAM9,chr8,6152
gene_293,ADAMDEC1,chr8,2438
gene_294,ADAMTS10,chr19,5217
gene_295,ADAMTS12,chr5,5305
gene_296,ADAMTS13,chr9,8544
gene_297,ADAMTS14,chr10,7076
gene_298,ADAMTS15,chr11,5676
gene_299,ADAMTS16,chr5,6149
gene_300,ADAMTS17,chr15,8316
gene_301,ADAMTS18,chr16,6621
gene_302,ADAMTS19,chr5,5363
gene_303,ADAMTS1,chr21,4651
gene_304,ADAMTS20,chr12,6981
gene_305,ADAMTS2,chr5,7070
gene_306,ADAMTS3,chr4,6184
gene_307,ADAMTS4,chr1,5234
gene_308,ADAMTS5,chr21,9663
gene_309,ADAMTS6,chr5,8292
gene_310,ADAMTS7,chr15,6762
gene_311,ADAMTS8,chr11,4360
gene_312,ADAMTS9,chr3,9025
gene_313,ADAMTSL1,chr9,12950
gene_314,ADAMTSL2,chr9,5918
gene_315,ADAMTSL3,chr15,8844
gene_316,ADAMTSL4,chr1,5050
gene_317,ADAMTSL5,chr19,3234
gene_318,ADAP1,chr7,3090
gene_319,ADAP2,chr17,2934
gene_320,ADARB1,chr21,12184
gene_321,ADARB2,chr10,9017
gene_322,ADAR,chr1,7676
gene_323,ADAT1,chr16,3658
gene_324,ADAT2,chr6,7493
gene_325,ADAT3,chr19,1626
gene_326,ADA,chr20,1532
gene_327,ADCK1,chr14,3950
gene_328,ADCK2,chr7,2538
gene_329,ADCK4,chr19,4927
gene_330,ADCK5,chr8,2089
gene_331,ADCY10,chr1,6340
gene_332,ADCY1,chr7,13225
gene_333,ADCY2,chr5,6894
gene_334,ADCY3,chr2,4669
gene_335,ADCY4,chr14,5078
gene_336,ADCY5,chr3,7026
gene_337,ADCY6,chr12,9404
gene_338,ADCY7,chr16,6651
gene_339,ADCY8,chr8,4101
gene_340,ADCY9,chr16,7727
gene_341,ADCYAP1R1,chr7,6740
gene_342,ADCYAP1,chr18,3488
gene_343,ADC,chr1,9129
gene_344,ADD1,chr4,12034
gene_345,ADD2,chr2,7462
gene_346,ADD3,chr10,6111
gene_347,ADH1A,chr4,1631
gene_348,ADH1B,chr4,5076
gene_349,ADH1C,chr4,1470
gene_350,ADH4,chr4,2220
gene_351,ADH5,chr4,3971
gene_352,ADH6,chr4,3145
gene_353,ADH7,chr4,2397
gene_354,ADHFE1,chr8,2343
gene_355,ADI1,chr2,4616
gene_356,ADIG,chr20,770
gene_357,ADIPOQ,chr3,4629
gene_358,ADIPOR1,chr1,2572
gene_359,ADIPOR2,chr12,4084
gene_360,ADK,chr10,2439
gene_361,ADM2,chr22,4434
gene_362,ADM,chr11,1449
gene_363,ADNP2,chr18,5387
gene_364,ADNP,chr20,4713
gene_365,ADORA1,chr1,4583
gene_366,ADORA2A,chr22,4253
gene_367,ADORA2B,chr17,1885
gene_368,ADORA3,chr1,3408
gene_369,ADO,chr10,3724
gene_370,ADPGK,chr15,5098
gene_371,ADPRHL1,chr13,2173
gene_372,ADPRHL2,chr1,1691
gene_373,ADPRH,chr3,3842
gene_374,ADRA1A,chr8,4120
gene_375,ADRA1B,chr5,2254
gene_376,ADRA1D,chr20,2666
gene_377,ADRA2A,chr10,3873
gene_378,ADRA2B,chr2,3266
gene_379,ADRA2C,chr4,1958
gene_380,ADRB1,chr10,2862
gene_381,ADRB2,chr5,2042
gene_382,ADRB3,chr8,2646
gene_383,ADRBK1,chr11,3444
gene_384,ADRBK2,chr22,9445
gene_385,ADRM1,chr20,2875
gene_386,ADSL,chr22,1997
gene_387,ADSSL1,chr14,2128
gene_388,ADSS,chr1,3107
gene_389,AEBP1,chr7,4977
gene_390,AEBP2,chr12,9399
gene_391,AEN,chr15,5659
gene_392,AES,chr19,6345
gene_393,AFAP1L1,chr5,4751
gene_394,AFAP1L2,chr10,7734
gene_395,AFAP1,chr4,7770
gene_396,AFARP1,chr1,1324
gene_397,AFF1,chr4,11399
gene_398,AFF2,chrX,14416
gene_399,AFF3,chr2,9093
gene_400,AFF4,chr5,10668
gene_401,AFG3L1,chr16,9754
gene_402,AFG3L2,chr18,3209
gene_403,AFMID,chr17,3619
gene_404,AFM,chr4,1997
gene_405,AFP,chr4,2459
gene_406,AFTPH,chr2,5240
gene_407,AG2,chr11,1328
gene_408,AGAP11,chr10,6030
gene_409,AGAP1,chr2,11367
gene_410,AGAP2,chr12,6205
gene_411,AGAP3,chr7,7738
gene_412,AGAP4,chr10,3076
gene_413,AGAP5,chr10,4136
gene_414,AGAP6,chr10,2772
gene_415,AGAP7,chr10,2431
gene_416,AGAP8,chr10,3424
gene_417,AGA,chr4,2256
gene_418,AGBL1,chr15,4767
gene_419,AGBL2,chr11,3988
gene_420,AGBL3,chr7,3533
gene_421,AGBL4,chr1,6570
gene_422,AGBL5,chr2,3630
gene_423,AGER,chr6,5182
gene_424,AGFG1,chr2,8824
gene_425,AGFG2,chr7,5569
gene_426,AGGF1,chr5,5140
gene_427,AGK,chr7,3878
gene_428,AGL,chr1,8648
gene_429,AGMAT,chr1,3154
gene_430,AGPAT1,chr6,3930
gene_431,AGPAT2,chr9,1548
gene_432,AGPAT3,chr21,7635
gene_433,AGPAT4,chr6,9032
gene_434,AGPAT5,chr8,5519
gene_435,AGPAT6,chr8,6310
gene_436,AGPAT9,chr4,3182
gene_437,AGPHD1,chr15,2194
gene_438,AGPS,chr2,7749
gene_439,AGR2,chr7,1934
gene_440,AGR3,chr7,750
gene_441,AGRN,chr1,7326
gene_442,AGRP,chr16,764
gene_443,AGTPBP1,chr9,5114
gene_444,AGTR1,chr3,2571
gene_445,AGTR2,chrX,2899
gene_446,AGTRAP,chr1,1455
gene_447,AGT,chr1,3356
gene_448,AGXT2L1,chr4,2520
gene_449,AGXT2L2,chr5,5900
gene_450,AGXT2,chr5,3974
gene_451,AGXT,chr2,2928
gene_452,AHCTF1,chr1,8844
gene_453,AHCYL1,chr1,5869
gene_454,AHCYL2,chr7,5887
gene_455,AHCY,chr20,3593
gene_456,AHDC1,chr1,7962
gene_457,AHI1,chr6,6635
gene_458,AHNAK2,chr14,18345
gene_459,AHNAK,chr11,19265
gene_460,AHRR,chr5,7175
gene_461,AHR,chr7,6247
gene_462,AHSA1,chr14,1537
gene_463,AHSA2,chr2,4189
gene_464,AHSG,chr3,2088
gene_465,AHSP,chr16,506
gene_466,AICDA,chr12,2880
gene_467,AIDA,chr1,4806
gene_468,AIF1L,chr9,3877
gene_469,AIF1,chr6,2202
gene_470,AIFM1,chrX,3564
gene_471,AIFM2,chr10,5023
gene_472,AIFM3,chr22,2742
gene_473,AIG1,chr6,5655
gene_474,AIM1L,chr1,5512
gene_475,AIM1,chr6,8139
gene_476,AIM2,chr1,1484
gene_477,AIMP1,chr4,3260
gene_478,AIMP2,chr7,1219
gene_479,AIPL1,chr17,4926
gene_480,AIP,chr11,1233
gene_481,AIRE,chr21,3859
gene_482,AJAP1,chr1,3317
gene_483,AK1,chr9,2266
gene_484,AK2,chr1,6038
gene_485,AK3L1,chr1,7595
gene_486,AK3,chr9,4621
gene_487,AK5,chr1,5882
gene_488,AK7,chr14,4517
gene_489,AKAP10,chr17,4196
gene_490,AKAP11,chr13,9920
gene_491,AKAP12,chr6,9241
gene_492,AKAP13,chr15,17543
gene_493,AKAP14,chrX,1004
gene_494,AKAP1,chr17,5046
gene_495,AKAP2,chr9,7318
gene_496,AKAP3,chr12,3316
gene_497,AKAP4,chrX,6145
gene_498,AKAP5,chr14,6487
gene_499,AKAP6,chr14,12547
gene_500,AKAP7,chr6,3461
gene_501,AKAP8L,chr19,3271
gene_502,AKAP8,chr19,4051
gene_503,AKAP9,chr7,17562
gene_504,AKD1,chr6,9652
gene_505,AKIRIN1,chr1,2726
gene_506,AKIRIN2,chr6,1932
gene_507,AKNAD1,chr1,4158
gene_508,AKNA,chr9,12265
gene_509,AKR1A1,chr1,2493
gene_510,AKR1B10,chr7,1596
gene_511,AKR1B15,chr7,3446
gene_512,AKR1B1,chr7,1398
gene_513,AKR1C1,chr10,2954
gene_514,AKR1C2,chr10,4155
gene_515,AKR1C3,chr10,2729
gene_516,AKR1C4,chr10,1192
gene_517,AKR1CL1,chr10,2127
gene_518,AKR1D1,chr7,3499
gene_519,AKR1E2,chr10,2315
gene_520,AKR7A2,chr1,3143
gene_521,AKR7A3,chr1,1241
gene_522,AKR7L,chr1,2314
gene_523,AKT1S1,chr19,3524
gene_524,AKT1,chr14,5496
gene_525,AKT2,chr19,7557
gene_526,AKT3,chr1,7459
gene_527,AKTIP,chr16,3926
gene_528,ALAD,chr9,3587
gene_529,ALAS1,chr3,2672
gene_530,ALAS2,chrX,2134
gene_531,ALB,chr4,2412
gene_532,ALCAM,chr3,7769
gene_533,ALDH16A1,chr19,3106
gene_534,ALDH18A1,chr10,3616
gene_535,ALDH1A1,chr9,2464
gene_536,ALDH1A2,chr15,4030
gene_537,ALDH1A3,chr15,3495
gene_538,ALDH1B1,chr9,3070
gene_539,ALDH1L1,chr3,12653
gene_540,ALDH1L2,chr12,8559
gene_541,ALDH2,chr12,2060
gene_542,ALDH3A1,chr17,4697
gene_543,ALDH3A2,chr17,4364
gene_544,ALDH3B1,chr11,9935
gene_545,ALDH3B2,chr11,3023
gene_546,ALDH4A1,chr1,4096
gene_547,ALDH5A1,chr6,5170
gene_548,ALDH6A1,chr14,2769
gene_549,ALDH7A1,chr5,5337
gene_550,ALDH8A1,chr6,2599
gene_551,ALDH9A1,chr1,3268
gene_552,ALDOA,chr16,3663
gene_553,ALDOB,chr9,2426
gene_554,ALDOC,chr17,1651
gene_555,ALG10B,chr12,10074
gene_556,ALG10,chr12,3127
gene_557,ALG11,chr13,2007
gene_558,ALG12,chr22,2373
gene_559,ALG13,chrX,7298
gene_560,ALG14,chr1,1057
gene_561,ALG1L2,chr3,1167
gene_562,ALG1L,chr3,921
gene_563,ALG1,chr16,5532
gene_564,ALG2,chr9,2989
gene_565,ALG3,chr3,2604
gene_566,ALG5,chr13,1421
gene_567,ALG6,chr1,3371
gene_568,ALG8,chr11,1838
gene_569,ALG9,chr11,8081
gene_570,ALKBH1,chr14,2585
gene_571,ALKBH2,chr12,1617
gene_572,ALKBH3,chr11,1869
gene_573,ALKBH4,chr7,2228
gene_574,ALKBH5,chr17,3433
gene_575,ALKBH6,chr19,2366
gene_576,ALKBH7,chr19,1331
gene_577,ALKBH8,chr11,4263
gene_578,ALK,chr2,6572
gene_579,ALLC,chr2,2696
gene_580,ALMS1P,chr2,1592
gene_581,ALMS1,chr2,14857
gene_582,ALOX12B,chr17,2502
gene_583,ALOX12P2,chr17,3502
gene_584,ALOX12,chr17,2717
gene_585,ALOX15B,chr17,3474
gene_586,ALOX15,chr17,3271
gene_587,ALOX5AP,chr13,1395
gene_588,ALOX5,chr10,2644
gene_589,ALOXE3,chr17,4299
gene_590,ALPI,chr2,2824
gene_591,ALPK1,chr4,9178
gene_592,ALPK2,chr18,7787
gene_593,ALPK3,chr15,11229
gene_594,ALPL,chr1,2821
gene_595,ALPPL2,chr2,2494
gene_596,ALPP,chr2,2867
gene_597,ALS2CL,chr3,5790
gene_598,ALS2CR11,chr2,7707
gene_599,ALS2CR12,chr2,2555
gene_600,ALS2CR4,chr2,6137
gene_601,ALS2CR8,chr2,8103
gene_602,ALS2,chr2,11224
gene_603,ALX1,chr12,1293
gene_604,ALX3,chr1,1478
gene_605,ALX4,chr11,5466
gene_606,AMAC1L2,chr8,1201
gene_607,AMAC1L3,chr17,1195
gene_608,AMAC1,chr17,1874
gene_609,AMACR,chr5,5632
gene_610,AMBN,chr4,2002
gene_611,AMBP,chr9,2429
gene_612,AMBRA1,chr11,7000
gene_613,AMD1,chr6,3616
gene_614,AMDHD1,chr12,2136
gene_615,AMDHD2,chr16,2511
gene_616,AMELX,chrX,835
gene_617,AMELY,chrY,844
gene_618,AMFR,chr16,3600
gene_619,AMHR2,chr12,4158
gene_620,AMH,chr19,2018
gene_621,AMICA1,chr11,4909
gene_622,AMIGO1,chr1,2471
gene_623,AMIGO2,chr12,4058
gene_624,AMIGO3,chr3,2972
gene_625,AMMECR1L,chr2,4776
gene_626,AMMECR1,chrX,6158
gene_627,AMN1,chr12,2590
gene_628,AMN,chr14,2465
gene_629,AMOTL1,chr11,8999
gene_630,AMOTL2,chr3,6252
gene_631,AMOT,chrX,7920
gene_632,AMPD1,chr1,2406
gene_633,AMPD2,chr1,5672
gene_634,AMPD3,chr11,6225
gene_635,AMPH,chr7,5513
gene_636,AMTN,chr4,1077
gene_637,AMT,chr3,3466
gene_638,AMY1A,chr1,6090
gene_639,AMY2A,chr1,2000
gene_640,AMY2B,chr1,7543
gene_641,AMZ1,chr7,4924
gene_642,AMZ2P1,chr17,4332
gene_643,AMZ2,chr17,3570
gene_644,ANAPC10,chr4,2042
gene_645,ANAPC11,chr17,1743
gene_646,ANAPC13,chr3,2201
gene_647,ANAPC16,chr10,4636
gene_648,ANAPC1,chr2,7736
gene_649,ANAPC2,chr9,4242
gene_650,ANAPC4,chr4,4190
gene_651,ANAPC5,chr12,4879
gene_652,ANAPC7,chr12,3795
gene_653,ANGEL1,chr14,4111
gene_654,ANGEL2,chr1,5890
gene_655,ANGPT1,chr8,5544
gene_656,ANGPT2,chr8,6868
gene_657,ANGPT4,chr20,1921
gene_658,ANGPTL1,chr1,4483
gene_659,ANGPTL2,chr9,3572
gene_660,ANGPTL3,chr1,2951
gene_661,ANGPTL4,chr19,2317
gene_662,ANGPTL5,chr11,2368
gene_663,ANGPTL6,chr19,1963
gene_664,ANGPTL7,chr1,2290
gene_665,ANG,chr14,1324
gene_666,ANK1,chr8,9420
gene_667,ANK2,chr4,15252
gene_668,ANK3,chr10,20233
gene_669,ANKAR,chr2,6339
gene_670,ANKDD1A,chr15,4792
gene_671,ANKFN1,chr17,2426
gene_672,ANKFY1,chr17,9887
gene_673,ANKHD1-EIF4EBP3,chr5,8750
gene_674,ANKHD1,chr5,8948
gene_675,ANKH,chr5,8207
gene_676,ANKIB1,chr7,6081
gene_677,ANKK1,chr11,2543
gene_678,ANKLE1,chr19,4445
gene_679,ANKLE2,chr12,4906
gene_680,ANKMY1,chr2,6413
gene_681,ANKMY2,chr7,2667
gene_682,ANKRA2,chr5,2198
gene_683,ANKRD10,chr13,3551
gene_684,ANKRD11,chr16,14828
gene_685,ANKRD12,chr18,11865
gene_686,ANKRD13A,chr12,6382
gene_687,ANKRD13B,chr17,4376
gene_688,ANKRD13C,chr1,5667
gene_689,ANKRD13D,chr11,6107
gene_690,ANKRD16,chr10,2829
gene_691,ANKRD17,chr4,9846
gene_692,ANKRD19,chr9,2688
gene_693,ANKRD1,chr10,1974
gene_694,ANKRD20A3,chr9,12138
gene_695,ANKRD20A4,chr9,3858
gene_696,ANKRD20B,chr2,9245
gene_697,ANKRD22,chr10,3983
gene_698,ANKRD23,chr2,3903
gene_699,ANKRD24,chr19,4122
gene_700,ANKRD26P1,chr16,6320
gene_701,ANKRD26,chr10,7094
gene_702,ANKRD27,chr19,6642
gene_703,ANKRD28,chr3,11844
gene_704,ANKRD29,chr18,2273
gene_705,ANKRD2,chr10,1451
gene_706,ANKRD30A,chr10,4671
gene_707,ANKRD30B,chr18,5845
gene_708,ANKRD31,chr5,6036
gene_709,ANKRD32,chr5,4370
gene_710,ANKRD33,chr12,7118
gene_711,ANKRD34A,chr1,3612
gene_712,ANKRD34B,chr5,4181
gene_713,ANKRD34C,chr15,5424
gene_714,ANKRD35,chr1,3363
gene_715,ANKRD36BP1,chr1,1850
gene_716,ANKRD36B,chr2,6872
gene_717,ANKRD36,chr2,10132
gene_718,ANKRD37,chr4,1993
gene_719,ANKRD39,chr2,898
gene_720,ANKRD40,chr17,4169
gene_721,ANKRD42,chr11,5966
gene_722,ANKRD43,chr5,3457
gene_723,ANKRD44,chr2,11771
gene_724,ANKRD45,chr1,4464
gene_725,ANKRD46,chr8,5539
gene_726,ANKRD49,chr11,5522
gene_727,ANKRD50,chr4,8797
gene_728,ANKRD52,chr12,8789
gene_729,ANKRD53,chr2,2120
gene_730,ANKRD54,chr22,2193
gene_731,ANKRD55,chr5,2837
gene_732,ANKRD56,chr4,2921
gene_733,ANKRD57,chr2,4654
gene_734,ANKRD58,chrX,1590
gene_735,ANKRD5,chr20,3869
gene_736,ANKRD6,chr6,6861
gene_737,ANKRD7,chr7,1357
gene_738,ANKRD9,chr14,1969
gene_739,ANKS1A,chr6,7382
gene_740,ANKS1B,chr12,11741
gene_741,ANKS3,chr16,6815
gene_742,ANKS4B,chr16,2906
gene_743,ANKS6,chr9,9762
gene_744,ANKZF1,chr2,5369
gene_745,ANLN,chr7,5208
gene_746,ANO10,chr3,2854
gene_747,ANO1,chr11,6534
gene_748,ANO2,chr12,5144
gene_749,ANO3,chr11,6199
gene_750,ANO4,chr12,4936
gene_751,ANO5,chr11,6709
gene_752,ANO6,chr12,7314
gene_753,ANO7,chr2,4588
gene_754,ANO8,chr19,5532
gene_755,ANO9,chr11,3376
gene_756,ANP32A,chr15,2466
gene_757,ANP32B,chr9,1616
gene_758,ANP32C,chr4,705
gene_759,ANP32D,chr12,396
gene_760,ANP32E,chr1,5891
gene_761,ANPEP,chr15,3650
gene_762,ANTXR1,chr2,7725
gene_763,ANTXR2,chr4,9020
gene_764,ANTXRL,,
gene_765,ANUBL1,chr10,6077
gene_766,ANXA10,chr4,1590
gene_767,ANXA11,chr10,4448
gene_768,ANXA13,chr8,1593
gene_769,ANXA1,chr9,3026
gene_770,ANXA2P1,chr4,1343
gene_771,ANXA2P2,chr9,1310
gene_772,ANXA2P3,chr10,1350
gene_773,ANXA2,chr15,2596
gene_774,ANXA3,chr4,1618
gene_775,ANXA4,chr2,3176
gene_776,ANXA5,chr4,1678
gene_777,ANXA6,chr5,3209
gene_778,ANXA7,chr10,3138
gene_779,ANXA8L1,,
gene_780,ANXA8L2,chr10,4591
gene_781,ANXA8,chr10,10125
gene_782,ANXA9,chr1,1824
gene_783,AOAH,chr7,2991
gene_784,AOC2,chr17,2870
gene_785,AOC3,chr17,4351
gene_786,AOX1,chr2,5128
gene_787,AOX2P,chr2,4956
gene_788,AP1AR,chr4,3219
gene_789,AP1B1,chr22,7652
gene_790,AP1G1,chr16,8180
gene_791,AP1G2,chr14,6402
gene_792,AP1M1,chr19,2391
gene_793,AP1M2,chr19,1900
gene_794,AP1S1,chr7,1297
gene_795,AP1S2,chrX,4283
gene_796,AP1S3,chr2,4215
gene_797,AP2A1,chr19,6898
gene_798,AP2A2,chr11,6388
gene_799,AP2B1,chr17,6243
gene_800,AP2M1,chr3,3592
gene_801,AP2S1,chr19,890
gene_802,AP3B1,chr5,4353
gene_803,AP3B2,chr15,4883
gene_804,AP3D1,chr19,5350
gene_805,AP3M1,chr10,5690
gene_806,AP3M2,chr8,4084
gene_807,AP3S1,chr5,1325
gene_808,AP3S2,chr15,6141
gene_809,AP4B1,chr1,7452
gene_810,AP4E1,chr15,7146
gene_811,AP4M1,chr7,2986
gene_812,AP4S1,chr14,6335
gene_813,APAF1,chr12,7348
gene_814,APBA1,chr9,6584
gene_815,APBA2,chr15,6045
gene_816,APBA3,chr19,2761
gene_817,APBB1IP,chr10,4371
gene_818,APBB1,chr11,6692
gene_819,APBB2,chr4,9783
gene_820,APBB3,chr5,4602
gene_821,APC2,chr19,13327
gene_822,APCDD1L,chr20,3283
gene_823,APCDD1,chr18,2562
gene_824,APCS,chr1,931
gene_825,APC,chr5,11402
gene_826,APEH,chr3,2988
gene_827,APEX1,chr14,2218
gene_828,APEX2,chrX,2095
gene_829,APH1A,chr1,3221
gene_830,APH1B,chr15,4257
gene_831,API5,chr11,6397
gene_832,APIP,chr11,1611
gene_833,APITD1,chr1,1243
gene_834,APLF,chr2,5362
gene_835,APLNR,chr11,5819
gene_836,APLN,chrX,3224
gene_837,APLP1,chr19,2870
gene_838,APLP2,chr11,4155
gene_839,APOA1BP,chr1,2562
gene_840,APOA1,chr11,897
gene_841,APOA2,chr1,473
gene_842,APOA4,chr11,1460
gene_843,APOA5,chr11,3683
gene_844,APOB48R,chr16,6458
gene_845,APOBEC1,chr12,892
gene_846,APOBEC2,chr6,2030
gene_847,APOBEC3A,chr22,1535
gene_848,APOBEC3B,chr22,1758
gene_849,APOBEC3C,chr22,1109
gene_850,APOBEC3D,chr22,3105
gene_851,APOBEC3F,chr22,6248
gene_852,APOBEC3G,chr22,3710
gene_853,APOBEC3H,chr22,1519
gene_854,APOBEC4,chr1,2778
gene_855,APOB,chr2,14121
gene_856,APOC1P1,chr19,1183
gene_857,APOC1,chr19,842
gene_858,APOC2,chr19,944
gene_859,APOC3,chr11,533
gene_860,APOC4,,
gene_861,APOD,chr3,1905
gene_862,APOE,chr19,1180
gene_863,APOF,chr12,1689
gene_864,APOH,chr17,1201
gene_865,APOL1,chr22,4983
gene_866,APOL2,chr22,3014
gene_867,APOL3,chr22,4430
gene_868,APOL4,chr22,6983
gene_869,APOL5,chr22,1437
gene_870,APOL6,chr22,11485
gene_871,APOLD1,chr12,4825
gene_872,APOM,chr6,1065
gene_873,APOOL,chrX,6467
gene_874,APOO,chrX,1292
gene_875,APPBP2,chr17,6468
gene_876,APPL1,chr3,6394
gene_877,APPL2,chr12,3927
gene_878,APP,chr21,4480
gene_879,APRT,chr16,1045
gene_880,APTX,chr9,4569
gene_881,AQP10,chr1,1791
gene_882,AQP11,chr11,2526
gene_883,AQP12A,chr2,3653
gene_884,AQP12B,chr2,3683
gene_885,AQP1,chr7,4366
gene_886,AQP2,chr12,4179
gene_887,AQP3,chr9,4608
gene_888,AQP4,chr18,5632
gene_889,AQP5,chr12,1825
gene_890,AQP6,chr12,7018
gene_891,AQP7P1,chr9,4872
gene_892,AQP7P3,chr9,529
gene_893,AQP7,chr9,3008
gene_894,AQP8,chr16,1308
gene_895,AQP9,chr15,3107
gene_896,AQPEP,chr5,5407
gene_897,AQR,chr15,5080
gene_898,ARAF,chrX,4247
gene_899,ARAP1,chr11,7283
gene_900,ARAP2,chr4,10033
gene_901,ARAP3,chr5,7768
gene_902,ARCN1,chr11,4179
gene_903,ARC,chr8,2948
gene_904,AREG,chr4,2476
gene_905,ARF1,chr1,2507
gene_906,ARF3,chr12,3537
gene_907,ARF4,chr3,1740
gene_908,ARF5,chr7,1749
gene_909,ARF6,chr14,3939
gene_910,ARFGAP1,chr20,5832
gene_911,ARFGAP2,chr11,3573
gene_912,ARFGAP3,chr22,2833
gene_913,ARFGEF1,chr8,13047
gene_914,ARFGEF2,chr20,9081
gene_915,ARFIP1,chr4,3222
gene_916,ARFIP2,chr11,4995
gene_917,ARFRP1,chr20,5552
gene_918,ARG1,chr6,2238
gene_919,ARG2,chr14,1980
gene_920,ARGFXP2,chr17,1204
gene_921,ARGFX,chr3,5065
gene_922,ARGLU1,chr13,4574
gene_923,ARHGAP10,chr4,4625
gene_924,ARHGAP11A,chr15,6282
gene_925,ARHGAP11B,chr15,1876
gene_926,ARHGAP12,chr10,5539
gene_927,ARHGAP15,chr2,2310
gene_928,ARHGAP17,chr16,8440
gene_929,ARHGAP18,chr6,3776
gene_930,ARHGAP19,chr10,5660
gene_931,ARHGAP1,chr11,5558
gene_932,ARHGAP20,chr11,9076
gene_933,ARHGAP21,chr10,8664
gene_934,ARHGAP22,chr10,5725
gene_935,ARHGAP23,chr17,5929
gene_936,ARHGAP24,chr4,6588
gene_937,ARHGAP25,chr2,5656
gene_938,ARHGAP26,chr5,9152
gene_939,ARHGAP27,chr17,6546
gene_940,ARHGAP28,chr18,9351
gene_941,ARHGAP29,chr1,17572
gene_942,ARHGAP30,chr1,7344
gene_943,ARHGAP31,chr3,8079
gene_944,ARHGAP32,chr11,19443
gene_945,ARHGAP33,chr19,6586
gene_946,ARHGAP36,chrX,3544
gene_947,ARHGAP39,chr8,5267
gene_948,ARHGAP42,chr11,5127
gene_949,ARHGAP4,chrX,3422
gene_950,ARHGAP5,chr14,9820
gene_951,ARHGAP6,chrX,6823
gene_952,ARHGAP8,chr22,3759
gene_953,ARHGAP9,chr12,4906
gene_954,ARHGDIA,chr17,3408
gene_955,ARHGDIB,chr12,1216
gene_956,ARHGDIG,chr16,1307
gene_957,ARHGEF10L,chr1,10556
gene_958,ARHGEF10,chr8,10675
gene_959,ARHGEF11,chr1,7331
gene_960,ARHGEF12,chr11,10324
gene_961,ARHGEF15,chr17,6287
gene_962,ARHGEF16,chr1,4710
gene_963,ARHGEF17,chr11,7813
gene_964,ARHGEF18,chr19,9023
gene_965,ARHGEF19,chr1,3154
gene_966,ARHGEF1,chr19,6687
gene_967,ARHGEF2,chr1,5743
gene_968,ARHGEF33,chr2,4304
gene_969,ARHGEF35,chr7,2474
gene_970,ARHGEF37,chr5,4865
gene_971,ARHGEF38,chr4,6239
gene_972,ARHGEF3,chr3,6080
gene_973,ARHGEF4,chr2,9948
gene_974,ARHGEF5,chr7,6180
gene_975,ARHGEF6,chrX,5707
gene_976,ARHGEF7,chr13,11108
gene_977,ARHGEF9,chrX,8326
gene_978,ARID1A,chr1,9623
gene_979,ARID1B,chr6,13620
gene_980,ARID2,chr12,11910
gene_981,ARID3A,chr19,2810
gene_982,ARID3B,chr15,6329
gene_983,ARID3C,chr9,1239
gene_984,ARID4A,chr14,6179
gene_985,ARID4B,chr1,12550
gene_986,ARID5A,chr2,3182
gene_987,ARID5B,chr10,8565
gene_988,ARIH1,chr15,5251
gene_989,ARIH2,chr3,5408
gene_990,ARL10,chr5,3559
gene_991,ARL11,chr13,3760
gene_992,ARL13A,chrX,1807
gene_993,ARL13B,chr3,6445
gene_994,ARL14,chr3,1288
gene_995,ARL15,chr5,2545
gene_996,ARL16,chr17,1976
gene_997,ARL17A,chr17,13220
gene_998,ARL17B,,
gene_999,ARL1,chr12,3404
gene_1000,ARL2BP,chr16,3221
gene_1001,ARL2,chr11,1995
gene_1002,ARL3,chr10,3874
gene_1003,ARL4A,chr7,6193
gene_1004,ARL4C,chr2,4008
gene_1005,ARL4D,chr17,1585
gene_1006,ARL5A,chr2,4216
gene_1007,ARL5B,chr10,3589
gene_1008,ARL5C,chr17,2064
gene_1009,ARL6IP1,chr16,2436
gene_1010,ARL6IP4,chr12,3049
gene_1011,ARL6IP5,chr3,2128
gene_1012,ARL6IP6,chr2,3481
gene_1013,ARL6,chr3,2040
gene_1014,ARL8A,chr1,1795
gene_1015,ARL8B,chr3,3039
gene_1016,ARL9,chr4,836
gene_1017,ARMC10,chr7,2634
gene_1018,ARMC1,chr8,3042
gene_1019,ARMC2,chr6,3413
gene_1020,ARMC3,chr10,4965
gene_1021,ARMC4,chr10,4353
gene_1022,ARMC5,chr16,9195
gene_1023,ARMC6,chr19,3097
gene_1024,ARMC7,chr17,2553
gene_1025,ARMC8,chr3,7800
gene_1026,ARMC9,chr2,5287
gene_1027,ARMCX1,chrX,2184
gene_1028,ARMCX2,chrX,3671
gene_1029,ARMCX3,chrX,3614
gene_1030,ARMCX5,chrX,3751
gene_1031,ARMCX6,chrX,2674
gene_1032,ARMS2,chr10,808
gene_1033,ARNT2,chr15,7312
gene_1034,ARNTL2,chr12,7694
gene_1035,ARNTL,chr11,3826
gene_1036,ARNT,chr1,5474
gene_1037,ARPC1A,chr7,2299
gene_1038,ARPC1B,chr7,1531
gene_1039,ARPC2,chr2,3046
gene_1040,ARPC3,chr12,884
gene_1041,ARPC4,chr3,2313
gene_1042,ARPC5L,chr9,1025
gene_1043,ARPC5,chr1,2159
gene_1044,ARPM1,chr3,2003
gene_1045,ARPP19,chr15,5269
gene_1046,ARPP21,chr3,7431
gene_1047,ARR3,chrX,1443
gene_1048,ARRB1,chr11,7522
gene_1049,ARRB2,chr17,2277
gene_1050,ARRDC1,chr9,4654
gene_1051,ARRDC2,chr19,2942
gene_1052,ARRDC3,chr5,4161
gene_1053,ARRDC4,chr15,4113
gene_1054,ARRDC5,chr19,1638
gene_1055,ARSA,chr22,6055
gene_1056,ARSB,chr5,7342
gene_1057,ARSD,chrX,5527
gene_1058,ARSE,chrX,2603
gene_1059,ARSF,chrX,2349
gene_1060,ARSG,chr17,3255
gene_1061,ARSH,chrX,1689
gene_1062,ARSI,chr5,3167
gene_1063,ARSJ,chr4,7287
gene_1064,ARSK,chr5,4301
gene_1065,ART1,chr11,1464
gene_1066,ART3,chr4,2523
gene_1067,ART4,chr12,2237
gene_1068,ART5,chr11,2818
gene_1069,ARTN,chr1,2691
gene_1070,ARV1,chr1,1726
gene_1071,ARVCF,chr22,4351
gene_1072,ARX,chrX,2874
gene_1073,AR,chrX,12577
gene_1074,AS3MT,chr10,2646
gene_1075,ASAH1,chr8,2962
gene_1076,ASAH2B,chr10,847
gene_1077,ASAH2,chr10,2418
gene_1078,ASAM,chr11,2630
gene_1079,ASAP1IT1,chr8,1179
gene_1080,ASAP1,chr8,6355
gene_1081,ASAP2,chr2,5717
gene_1082,ASAP3,chr1,4943
gene_1083,ASB10,chr7,2315
gene_1084,ASB11,chrX,3153
gene_1085,ASB12,chrX,2150
gene_1086,ASB13,chr10,3094
gene_1087,ASB14,chr3,3806
gene_1088,ASB15,chr7,3121
gene_1089,ASB16,chr17,2342
gene_1090,ASB17,chr1,1325
gene_1091,ASB18,chr2,1737
gene_1092,ASB1,chr2,6833
gene_1093,ASB2,chr14,5297
gene_1094,ASB3,chr2,3317
gene_1095,ASB4,chr7,4813
gene_1096,ASB5,chr4,3244
gene_1097,ASB6,chr9,5608
gene_1098,ASB7,chr15,5736
gene_1099,ASB8,chr12,2771
gene_1100,ASB9,chrX,2701
gene_1101,ASCC1,chr10,3631
gene_1102,ASCC2,chr22,3164
gene_1103,ASCC3,chr6,11599
gene_1104,ASCL1,chr12,2484
gene_1105,ASCL2,chr11,1849
gene_1106,ASCL3,chr11,650
gene_1107,ASCL4,chr12,2260
gene_1108,ASF1A,chr6,2508
gene_1109,ASF1B,chr19,1731
gene_1110,ASFMR1,chrX,5284
gene_1111,ASGR1,chr17,2013
gene_1112,ASGR2,chr17,2594
gene_1113,ASH1L,chr1,12022
gene_1114,ASH2L,chr8,3301
gene_1115,ASIP,chr20,584
gene_1116,ASL,chr7,3519
gene_1117,ASMTL,chrX,4556
gene_1118,ASMT,chrX,3252
gene_1119,ASNA1,chr19,1280
gene_1120,ASNSD1,chr2,2471
gene_1121,ASNS,chr7,3127
gene_1122,ASPA,chr17,1745
gene_1123,ASPDH,chr19,1257
gene_1124,ASPG,chr14,2942
gene_1125,ASPHD1,chr16,1801
gene_1126,ASPHD2,chr22,3313
gene_1127,ASPH,chr8,12072
gene_1128,ASPM,chr1,13541
gene_1129,ASPN,chr9,2524
gene_1130,ASPRV1,chr2,2174
gene_1131,ASPSCR1,chr17,2407
gene_1132,ASRGL1,chr11,4071
gene_1133,ASS1,chr9,2290
gene_1134,ASTE1,chr3,2858
gene_1135,ASTL,chr2,1296
gene_1136,ASTN1,chr1,9479
gene_1137,ASTN2,chr9,9380
gene_1138,ASXL1,chr20,7522
gene_1139,ASXL2,chr2,9013
gene_1140,ASXL3,chr18,7807
gene_1141,ASZ1,chr7,1952
gene_1142,ATAD1,chr10,3566
gene_1143,ATAD2B,chr2,9236
gene_1144,ATAD2,chr8,7274
gene_1145,ATAD3A,chr1,2909
gene_1146,ATAD3B,chr1,4181
gene_1147,ATAD3C,chr1,3859
gene_1148,ATAD5,chr17,6458
gene_1149,ATCAY,chr19,5171
gene_1150,ATE1,chr10,2694
gene_1151,ATF1,chr12,2657
gene_1152,ATF2,chr2,7644
gene_1153,ATF3,chr1,5660
gene_1154,ATF4,chr22,3855
gene_1155,ATF5,chr19,2533
gene_1156,ATF6B,chr6,4261
gene_1157,ATF6,chr1,10304
gene_1158,ATF7IP2,chr16,3708
gene_1159,ATF7IP,chr12,8290
gene_1160,ATF7,chr12,8037
gene_1161,ATG10,chr5,3354
gene_1162,ATG12,chr5,4562
gene_1163,ATG16L1,chr2,3917
gene_1164,ATG16L2,chr11,6633
gene_1165,ATG2A,chr11,6820
gene_1166,ATG2B,chr14,11099
gene_1167,ATG3,chr3,3463
gene_1168,ATG4A,chrX,2697
gene_1169,ATG4B,chr2,4739
gene_1170,ATG4C,chr1,2844
gene_1171,ATG4D,chr19,3006
gene_1172,ATG5,chr6,3476
gene_1173,ATG7,chr3,5051
gene_1174,ATG9A,chr2,5123
gene_1175,ATG9B,chr7,5472
gene_1176,ATHL1,chr11,4874
gene_1177,ATIC,chr2,2718
gene_1178,ATL1,chr14,3545
gene_1179,ATL2,chr2,5023
gene_1180,ATL3,chr11,2779
gene_1181,ATMIN,chr16,6117
gene_1182,ATM,chr11,16634
gene_1183,ATN1,chr12,7929
gene_1184,ATOH1,chr4,1065
gene_1185,ATOH7,chr10,1519
gene_1186,ATOH8,chr2,8459
gene_1187,ATOX1,chr5,489
gene_1188,ATP10A,chr15,5865
gene_1189,ATP10B,chr5,10031
gene_1190,ATP10D,chr4,7911
gene_1191,ATP11A,chr13,14660
gene_1192,ATP11B,chr3,8733
gene_1193,ATP11C,chrX,6275
gene_1194,ATP12A,chr13,4003
gene_1195,ATP13A1,chr19,6402
gene_1196,ATP13A2,chr1,5237
gene_1197,ATP13A3,chr3,9315
gene_1198,ATP13A4,chr3,5597
gene_1199,ATP13A5,chr3,3657
gene_1200,ATP1A1,chr1,5972
gene_1201,ATP1A2,chr1,6596
gene_1202,ATP1A3,chr19,4617
gene_1203,ATP1A4,chr1,6105
gene_1204,ATP1B1,chr1,2200
gene_1205,ATP1B2,chr17,3332
gene_1206,ATP1B3,chr3,1965
gene_1207,ATP1B4,chrX,5186
gene_1208,ATP2A1,chr16,3695
gene_1209,ATP2A2,chr12,9979
gene_1210,ATP2A3,chr17,7522
gene_1211,ATP2B1,chr12,7085
gene_1212,ATP2B2,chr3,9968
gene_1213,ATP2B3,chrX,6849
gene_1214,ATP2B4,chr1,9435
gene_1215,ATP2C1,chr3,7913
gene_1216,ATP2C2,chr16,5548
gene_1217,ATP4A,chr19,4116
gene_1218,ATP4B,chr13,2132
gene_1219,ATP5A1,chr18,3726
gene_1220,ATP5B,chr12,1843
gene_1221,ATP5C1,chr10,1917
gene_1222,ATP5D,chr19,1211
gene_1223,ATP5EP2,chr13,368
gene_1224,ATP5E,chr20,439
gene_1225,ATP5F1,chr1,2598
gene_1226,ATP5G1,chr17,701
gene_1227,ATP5G2,chr12,1554
gene_1228,ATP5G3,chr2,5941
gene_1229,ATP5H,chr17,622
gene_1230,ATP5I,chr4,680
gene_1231,ATP5J2,chr7,584
gene_1232,ATP5J,chr21,3186
gene_1233,ATP5L2,chr22,799
gene_1234,ATP5L,chr11,1391
gene_1235,ATP5O,chr21,1395
gene_1236,ATP5SL,chr19,2976
gene_1237,ATP5S,chr14,2816
gene_1238,ATP6AP1L,chr5,2028
gene_1239,ATP6AP1,chrX,5039
gene_1240,ATP6AP2,chrX,3191
gene_1241,ATP6V0A1,chr17,5779
gene_1242,ATP6V0A2,chr12,6985
gene_1243,ATP6V0A4,chr7,3357
gene_1244,ATP6V0B,chr1,3170
gene_1245,ATP6V0C,chr16,1334
gene_1246,ATP6V0D1,chr16,2009
gene_1247,ATP6V0D2,chr8,2370
gene_1248,ATP6V0E1,chr5,882
gene_1249,ATP6V0E2,chr7,3028
gene_1250,ATP6V1A,chr3,4645
gene_1251,ATP6V1B1,chr2,4044
gene_1252,ATP6V1B2,chr8,3044
gene_1253,ATP6V1C1,chr8,5824
gene_1254,ATP6V1C2,chr2,3240
gene_1255,ATP6V1D,chr14,1806
gene_1256,ATP6V1E1,chr22,1405
gene_1257,ATP6V1E2,chr2,1979
gene_1258,ATP6V1F,chr7,817
gene_1259,ATP6V1G1,chr9,1611
gene_1260,ATP6V1G2,chr6,2932
gene_1261,ATP6V1G3,chr1,696
gene_1262,ATP6V1H,chr8,2848
gene_1263,ATP7A,chrX,14245
gene_1264,ATP7B,chr13,9504
gene_1265,ATP8A1,chr4,8342
gene_1266,ATP8A2,chr13,6007
gene_1267,ATP8B1,chr18,5937
gene_1268,ATP8B2,chr1,6777
gene_1269,ATP8B3,chr19,8333
gene_1270,ATP8B4,chr15,9258
gene_1271,ATP8B5P,chr9,7889
gene_1272,ATP9A,chr20,7718
gene_1273,ATP9B,chr18,11157
gene_1274,ATPAF1,chr1,2152
gene_1275,ATPAF2,chr17,3785
gene_1276,ATPBD4,chr15,4053
gene_1277,ATPIF1,chr1,2631
gene_1278,ATRIP,chr3,6029
gene_1279,ATRNL1,chr10,9632
gene_1280,ATRN,chr20,8848
gene_1281,ATRX,chrX,14401
gene_1282,ATR,chr3,12247
gene_1283,ATXN10,chr22,3480
gene_1284,ATXN1L,chr16,7886
gene_1285,ATXN1,chr6,13151
gene_1286,ATXN2L,chr16,6686
gene_1287,ATXN2,chr12,10608
gene_1288,ATXN3L,chrX,1751
gene_1289,ATXN3,chr14,8167
gene_1290,ATXN7L1,chr7,12077
gene_1291,ATXN7L2,chr1,3664
gene_1292,ATXN7L3B,chr12,3682
gene_1293,ATXN7L3,chr17,3722
gene_1294,ATXN7,chr3,9486
gene_1295,ATXN8OS,chr13,1472
gene_1296,AUH,chr9,2003
gene_1297,AUP1,chr2,3850
gene_1298,AURKAIP1,chr1,1464
gene_1299,AURKAPS1,chr1,1537
gene_1300,AURKA,chr20,2889
gene_1301,AURKB,chr17,1876
gene_1302,AURKC,chr19,1504
gene_1303,AUTS2,chr7,6766
gene_1304,AVEN,chr15,1531
gene_1305,AVIL,chr12,4192
gene_1306,AVL9,chr7,3050
gene_1307,AVPI1,chr10,1687
gene_1308,AVPR1A,chr12,7831
gene_1309,AVPR1B,chr1,1773
gene_1310,AVPR2,chrX,4121
gene_1311,AVP,chr20,619
gene_1312,AWAT1,chrX,1399
gene_1313,AWAT2,chrX,2124
gene_1314,AXIN1,chr16,3660
gene_1315,AXIN2,chr17,5078
gene_1316,AXL,chr19,4986
gene_1317,AZGP1,chr7,1265
gene_1318,AZI1,chr17,4348
gene_1319,AZI2,chr3,4660
gene_1320,AZIN1,chr8,4348
gene_1321,AZU1,chr19,912
gene_1322,B2M,chr15,2114
gene_1323,B3GALNT1,chr3,4807
gene_1324,B3GALNT2,chr1,5690
gene_1325,B3GALT1,chr2,2168
gene_1326,B3GALT2,chr1,3548
gene_1327,B3GALT4,chr6,1686
gene_1328,B3GALT5,chr21,3866
gene_1329,B3GALT6,chr1,2792
gene_1330,B3GALTL,chr13,4601
gene_1331,B3GAT1,chr11,4134
gene_1332,B3GAT2,chr6,2241
gene_1333,B3GAT3,chr11,2156
gene_1334,B3GNT1,chr11,2070
gene_1335,B3GNT2,chr2,2749
gene_1336,B3GNT3,chr19,3970
gene_1337,B3GNT4,chr12,1504
gene_1338,B3GNT5,chr3,4761
gene_1339,B3GNT6,chr11,2498
gene_1340,B3GNT7,chr2,3625
gene_1341,B3GNT8,chr19,1874
gene_1342,B3GNT9,chr16,2705
gene_1343,B3GNTL1,chr17,3710
gene_1344,B4GALNT1,chr12,5361
gene_1345,B4GALNT2,chr17,2110
gene_1346,B4GALNT3,chr12,5896
gene_1347,B4GALNT4,chr11,3454
gene_1348,B4GALT1,chr9,4199
gene_1349,B4GALT2,chr1,2617
gene_1350,B4GALT3,chr1,3956
gene_1351,B4GALT4,chr3,7288
gene_1352,B4GALT5,chr20,4727
gene_1353,B4GALT6,chr18,4930
gene_1354,B4GALT7,chr5,2409
gene_1355,B9D1,chr17,2520
gene_1356,B9D2,chr19,1031
gene_1357,BAALC,chr8,3113
gene_1358,BAAT,chr9,3528
gene_1359,BACE1,chr11,6197
gene_1360,BACE2,chr21,2993
gene_1361,BACH1,chr21,6731
gene_1362,BACH2,chr6,11202
gene_1363,BAD,chr11,1915
gene_1364,BAG1,chr9,4172
gene_1365,BAG2,chr6,2271
gene_1366,BAG3,chr10,3604
gene_1367,BAG4,chr8,4464
gene_1368,BAG5,chr14,5473
gene_1369,BAGE2,,
gene_1370,BAGE,chr21,1135
gene_1371,BAHCC1,chr17,10721
gene_1372,BAHD1,chr15,5243
gene_1373,BAI1,chr8,5528
gene_1374,BAI2,chr1,7317
gene_1375,BAI3,chr6,5861
gene_1376,BAIAP2L1,chr7,3670
gene_1377,BAIAP2L2,chr22,2145
gene_1378,BAIAP2,chr17,8165
gene_1379,BAIAP3,chr16,5465
gene_1380,BAK1,chr6,2549
gene_1381,BAMBI,chr10,1724
gene_1382,BANF1,chr11,1587
gene_1383,BANF2,chr20,640
gene_1384,BANK1,chr4,4001
gene_1385,BANP,chr16,3369
gene_1386,BAP1,chr3,4136
gene_1387,BARD1,chr2,3230
gene_1388,BARHL1,chr9,1907
gene_1389,BARHL2,chr1,1496
gene_1390,BARX1,chr9,2018
gene_1391,BARX2,chr11,1767
gene_1392,BASE,chr20,1476
gene_1393,BASP1,chr5,1963
gene_1394,BAT1,chr6,7078
gene_1395,BAT2L1,chr9,12587
gene_1396,BAT2L2,chr1,11017
gene_1397,BAT2,chr6,7565
gene_1398,BAT3,chr6,4765
gene_1399,BAT4,chr6,4444
gene_1400,BAT5,chr6,3409
gene_1401,BATF2,chr11,2221
gene_1402,BATF3,chr1,981
gene_1403,BATF,chr14,940
gene_1404,BAX,chr19,1589
gene_1405,BAZ1A,chr14,6457
gene_1406,BAZ1B,chr7,6115
gene_1407,BAZ2A,chr12,10651
gene_1408,BAZ2B,chr2,13607
gene_1409,BBC3,chr19,2095
gene_1410,BBOX1,chr11,2595
gene_1411,BBS10,chr12,3583
gene_1412,BBS12,chr4,3432
gene_1413,BBS1,chr11,6539
gene_1414,BBS2,chr16,7186
gene_1415,BBS4,chr15,3534
gene_1416,BBS5,chr2,3157
gene_1417,BBS7,chr4,5125
gene_1418,BBS9,chr7,6277
gene_1419,BBX,chr3,9608
gene_1420,BCAM,chr19,3694
gene_1421,BCAN,chr1,4695
gene_1422,BCAP29,chr7,6098
gene_1423,BCAP31,chrX,2532
gene_1424,BCAR1,chr16,7301
gene_1425,BCAR3,chr1,4727
gene_1426,BCAR4,chr16,1513
gene_1427,BCAS1,chr20,5017
gene_1428,BCAS2,chr1,1301
gene_1429,BCAS3,chr17,5446
gene_1430,BCAS4,chr20,1732
gene_1431,BCAT1,chr12,10227
gene_1432,BCAT2,chr19,4653
gene_1433,BCCIP,chr10,4328
gene_1434,BCDIN3D,chr12,3249
gene_1435,BCHE,chr3,2447
gene_1436,BCKDHA,chr19,3321
gene_1437,BCKDHB,chr6,4157
gene_1438,BCKDK,chr16,3051
gene_1439,BCL10,chr1,3104
gene_1440,BCL11A,chr2,12605
gene_1441,BCL11B,chr14,8181
gene_1442,BCL2A1,chr15,943
gene_1443,BCL2L10,chr15,887
gene_1444,BCL2L11,chr2,6439
gene_1445,BCL2L12,chr19,2136
gene_1446,BCL2L13,chr22,6382
gene_1447,BCL2L14,chr12,2989
gene_1448,BCL2L15,chr1,7940
gene_1449,BCL2L1,chr20,3897
gene_1450,BCL2L2,chr14,3835
gene_1451,BCL2,chr18,8834
gene_1452,BCL3,chr19,1864
gene_1453,BCL6B,chr17,3570
gene_1454,BCL6,chr3,4135
gene_1455,BCL7A,chr12,3836
gene_1456,BCL7B,chr7,2935
gene_1457,BCL7C,chr16,1058
gene_1458,BCL8,chr15,3255
gene_1459,BCL9L,chr11,8109
gene_1460,BCL9,chr1,7450
gene_1461,BCLAF1,chr6,9216
gene_1462,BCMO1,chr16,2828
gene_1463,BCO2,chr11,5560
gene_1464,BCORL1,chrX,7349
gene_1465,BCORL2,chrY,3668
gene_1466,BCOR,chrX,10452
gene_1467,BCR,chr22,9740
gene_1468,BCS1L,chr2,2770
gene_1469,BCYRN1,chrX,180
gene_1470,BDH1,chr3,3689
gene_1471,BDH2,chr4,2920
gene_1472,BDKRB1,chr14,1301
gene_1473,BDKRB2,chr14,10927
gene_1474,BDNFOS,chr11,4587
gene_1475,BDNF,chr11,13224
gene_1476,BDP1,chr5,13956
gene_1477,BEAN,chr16,5497
gene_1478,BECN1,chr17,3099
gene_1479,BEGAIN,chr14,3115
gene_1480,BEND2,chrX,4900
gene_1481,BEND3,chr6,6660
gene_1482,BEND4,chr4,9357
gene_1483,BEND5,chr1,1795
gene_1484,BEND6,chr6,5743
gene_1485,BEND7,chr10,10253
gene_1486,BEST1,chr11,6190
gene_1487,BEST2,chr19,1910
gene_1488,BEST3,chr12,5343
gene_1489,BEST4,chr1,2096
gene_1490,BET1L,chr11,5559
gene_1491,BET1,chr7,6299
gene_1492,BET3L,chr6,1511
gene_1493,BEX1,chrX,862
gene_1494,BEX2,chrX,1757
gene_1495,BEX4,chrX,1282
gene_1496,BEX5,chrX,1017
gene_1497,BEYLA,chr8,2896
gene_1498,BFAR,chr16,3043
gene_1499,BFSP1,chr20,3008
gene_1500,BFSP2,chr3,1626
gene_1501,BGLAP,chr1,545
gene_1502,BGN,chrX,2444
gene_1503,BHLHA15,chr7,1274
gene_1504,BHLHB9,chrX,4539
gene_1505,BHLHE22,chr8,3397
gene_1506,BHLHE23,chr20,1057
gene_1507,BHLHE40,chr3,3481
gene_1508,BHLHE41,chr12,3780
gene_1509,BHMT2,chr5,2651
gene_1510,BHMT,chr5,2500
gene_1511,BICC1,chr10,3604
gene_1512,BICD1,chr12,4459
gene_1513,BICD2,chr9,8726
gene_1514,BID,chr22,2755
gene_1515,BIK,chr22,953
gene_1516,BIN1,chr2,2948
gene_1517,BIN2,chr12,3128
gene_1518,BIN3,chr8,1847
gene_1519,BIRC2,chr11,5017
gene_1520,BIRC3,chr11,6912
gene_1521,BIRC5,chr17,3386
gene_1522,BIRC6,chr2,15702
gene_1523,BIRC7,chr20,1965
gene_1524,BIRC8,chr19,2022
gene_1525,BIVM,chr13,7390
gene_1526,BLCAP,chr20,2591
gene_1527,BLID,chr11,862
gene_1528,BLK,chr8,4450
gene_1529,BLMH,chr17,2537
gene_1530,BLM,chr15,4937
gene_1531,BLNK,chr10,2035
gene_1532,BLOC1S1,chr12,2001
gene_1533,BLOC1S2,chr10,3273
gene_1534,BLOC1S3,chr19,2600
gene_1535,BLVRA,chr7,1175
gene_1536,BLVRB,chr19,856
gene_1537,BLZF1,chr1,4465
gene_1538,BMF,chr15,4876
gene_1539,BMI1,chr10,3430
gene_1540,BMP10,chr2,1584
gene_1541,BMP15,chrX,1262
gene_1542,BMP1,chr8,6029
gene_1543,BMP2K,chr4,5028
gene_1544,BMP2,chr20,3150
gene_1545,BMP3,chr4,5734
gene_1546,BMP4,chr14,2331
gene_1547,BMP5,chr6,2170
gene_1548,BMP6,chr6,3105
gene_1549,BMP7,chr20,4346
gene_1550,BMP8A,chr1,5626
gene_1551,BMP8B,chr1,4284
gene_1552,BMPER,chr7,5031
gene_1553,BMPR1A,chr10,3616
gene_1554,BMPR1B,chr4,6157
gene_1555,BMPR2,chr2,12162
gene_1556,BMS1P4,chr10,2481
gene_1557,BMS1P5,,
gene_1558,BMS1,chr10,8048
gene_1559,BMX,chrX,2864
gene_1560,BNC1,chr15,4792
gene_1561,BNC2,chr9,16939
gene_1562,BNIP1,chr5,1487
gene_1563,BNIP2,chr15,2712
gene_1564,BNIP3L,chr8,3729
gene_1565,BNIP3,chr10,2635
gene_1566,BNIPL,chr1,2662
gene_1567,BOC,chr3,11130
gene_1568,BOD1L,chr4,13595
gene_1569,BOD1,chr5,1934
gene_1570,BOK,chr2,2647
gene_1571,BOLA1,chr1,857
gene_1572,BOLA2,chr16,3971
gene_1573,BOLA3,chr2,554
gene_1574,BOLL,chr2,3844
gene_1575,BOP1,chr8,2373
gene_1576,BPESC1,chr3,3514
gene_1577,BPGM,chr7,2105
gene_1578,BPHL,chr6,1976
gene_1579,BPIL1,chr20,1920
gene_1580,BPIL2,chr22,2490
gene_1581,BPIL3,chr20,1773
gene_1582,BPI,chr20,1845
gene_1583,BPNT1,chr1,2461
gene_1584,BPTF,chr17,12531
gene_1585,BPY2,chrY,4002
gene_1586,BRAF,chr7,2946
gene_1587,BRAP,chr12,4159
gene_1588,BRCA1,chr17,12274
gene_1589,BRCA2,chr13,11488
gene_1590,BRCC3,chrX,2987
gene_1591,BRD1,chr22,7412
gene_1592,BRD2,chr6,5793
gene_1593,BRD3,chr9,6402
gene_1594,BRD4,chr19,8555
gene_1595,BRD7P3,chr6,2461
gene_1596,BRD7,chr16,2424
gene_1597,BRD8,chr5,6071
gene_1598,BRD9,chr5,5137
gene_1599,BRDT,chr1,4353
gene_1600,BREA2,chr8,1002
gene_1601,BRE,chr2,2612
gene_1602,BRF1,chr14,7686
gene_1603,BRF2,chr8,2000
gene_1604,BRI3BP,chr12,1272
gene_1605,BRI3,chr7,1116
gene_1606,BRIP1,chr17,9560
gene_1607,BRIX1,chr5,4006
gene_1608,BRMS1L,chr14,2697
gene_1609,BRMS1,chr11,2606
gene_1610,BRP44L,chr6,2813
gene_1611,BRP44,chr1,3425
gene_1612,BRPF1,chr3,5178
gene_1613,BRPF3,chr6,6445
gene_1614,BRS3,chrX,1413
gene_1615,BRSK1,chr19,3870
gene_1616,BRSK2,chr11,10451
gene_1617,BRWD1,chr21,23325
gene_1618,BRWD3,chrX,13460
gene_1619,BSCL2,chr11,2895
gene_1620,BSDC1,chr1,6672
gene_1621,BSG,chr19,3198
gene_1622,BSND,chr1,1370
gene_1623,BSN,chr3,15959
gene_1624,BSPH1,chr19,654
gene_1625,BSPRY,chr9,2348
gene_1626,BST1,chr4,1480
gene_1627,BST2,chr19,939
gene_1628,BSX,chr11,702
gene_1629,BTAF1,chr10,7357
gene_1630,BTBD10,chr11,3555
gene_1631,BTBD11,chr12,7728
gene_1632,BTBD12,chr16,8978
gene_1633,BTBD16,chr10,2000
gene_1634,BTBD17,chr17,1678
gene_1635,BTBD18,chr11,3358
gene_1636,BTBD19,chr1,1637
gene_1637,BTBD1,chr15,3290
gene_1638,BTBD2,chr19,4605
gene_1639,BTBD3,chr20,5762
gene_1640,BTBD6,chr14,1987
gene_1641,BTBD7,chr14,11364
gene_1642,BTBD8,chr1,1870
gene_1643,BTBD9,chr6,9815
gene_1644,BTC,chr4,1323
gene_1645,BTD,chr3,2733
gene_1646,BTF3L1,chr13,640
gene_1647,BTF3L4,chr1,4643
gene_1648,BTF3,chr5,1901
gene_1649,BTG1,chr12,4680
gene_1650,BTG2,chr1,2711
gene_1651,BTG3,chr21,1594
gene_1652,BTG4,chr11,1323
gene_1653,BTK,chrX,4278
gene_1654,BTLA,chr3,3215
gene_1655,BTN1A1,chr6,2888
gene_1656,BTN2A1,chr6,5341
gene_1657,BTN2A2,chr6,11192
gene_1658,BTN2A3,chr6,2959
gene_1659,BTN3A1,chr6,8984
gene_1660,BTN3A2,chr6,8555
gene_1661,BTN3A3,chr6,3021
gene_1662,BTNL2,chr6,1931
gene_1663,BTNL3,chr5,2569
gene_1664,BTNL8,chr5,2528
gene_1665,BTNL9,chr5,4291
gene_1666,BTRC,chr10,6164
gene_1667,BUB1B,chr15,3818
gene_1668,BUB1,chr2,4635
gene_1669,BUB3,chr10,6004
gene_1670,BUD13,chr11,3020
gene_1671,BUD31,chr7,1522
gene_1672,BVES,chr6,5787
gene_1673,BYSL,chr6,1990
gene_1674,BZRAP1,chr17,7743
gene_1675,BZW1,chr2,3727
gene_1676,BZW2,chr7,3834
gene_1677,C10orf105,chr10,4934
gene_1678,C10orf107,chr10,1252
gene_1679,C10orf108,chr10,4766
gene_1680,C10orf10,chr10,2060
gene_1681,C10orf110,chr10,1438
gene_1682,C10orf111,chr10,1714
gene_1683,C10orf113,chr10,975
gene_1684,C10orf114,chr10,1989
gene_1685,C10orf116,chr10,672
gene_1686,C10orf118,chr10,8903
gene_1687,C10orf119,chr10,5530
gene_1688,C10orf11,chr10,892
gene_1689,C10orf120,chr10,1064
gene_1690,C10orf122,chr10,1093
gene_1691,C10orf125,chr10,914
gene_1692,C10orf128,chr10,2662
gene_1693,C10orf129,chr10,1794
gene_1694,C10orf12,chr10,4545
gene_1695,C10orf131,chr10,1176
gene_1696,C10orf137,chr10,7487
gene_1697,C10orf140,chr10,6596
gene_1698,C10orf18,chr10,12044
gene_1699,C10orf25,chr10,3212
gene_1700,C10orf26,chr10,5308
gene_1701,C10orf27,chr10,4038
gene_1702,C10orf28,chr10,3565
gene_1703,C10orf2,chr10,4113
gene_1704,C10orf32,chr10,3727
gene_1705,C10orf35,chr10,1076
gene_1706,C10orf40,chr10,6112
gene_1707,C10orf41,chr10,2764
gene_1708,C10orf46,chr10,7265
gene_1709,C10orf47,chr10,3333
gene_1710,C10orf4,chr10,7598
gene_1711,C10orf50,chr10,1083
gene_1712,C10orf53,chr10,3463
gene_1713,C10orf54,chr10,5120
gene_1714,C10orf55,chr10,2513
gene_1715,C10orf57,chr10,3083
gene_1716,C10orf58,chr10,2743
gene_1717,C10orf62,chr10,1242
gene_1718,C10orf67,chr10,2943
gene_1719,C10orf68,chr10,3411
gene_1720,C10orf71,chr10,5286
gene_1721,C10orf72,chr10,8043
gene_1722,C10orf75,chr10,1314
gene_1723,C10orf76,chr10,4398
gene_1724,C10orf78,chr10,3587
gene_1725,C10orf79,chr10,7633
gene_1726,C10orf81,chr10,4621
gene_1727,C10orf82,chr10,2719
gene_1728,C10orf84,chr10,2766
gene_1729,C10orf88,chr10,3287
gene_1730,C10orf90,chr10,4645
gene_1731,C10orf91,chr10,738
gene_1732,C10orf93,,
gene_1733,C10orf95,chr10,1469
gene_1734,C10orf96,chr10,1699
gene_1735,C10orf99,chr10,828
gene_1736,C11orf10,chr11,411
gene_1737,C11orf16,chr11,1925
gene_1738,C11orf17,chr11,2621
gene_1739,C11orf1,chr11,1823
gene_1740,C11orf20,chr11,1789
gene_1741,C11orf21,chr11,2262
gene_1742,C11orf24,chr11,2102
gene_1743,C11orf2,chr11,3195
gene_1744,C11orf30,chr11,10955
gene_1745,C11orf31,chr11,1294
gene_1746,C11orf34,chr11,1541
gene_1747,C11orf35,chr11,2098
gene_1748,C11orf36,chr11,1879
gene_1749,C11orf40,chr11,654
gene_1750,C11orf41,chr11,14319
gene_1751,C11orf42,chr11,1143
gene_1752,C11orf45,chr11,3867
gene_1753,C11orf46,chr11,1770
gene_1754,C11orf48,chr11,1853
gene_1755,C11orf49,chr11,4178
gene_1756,C11orf51,chr11,2593
gene_1757,C11orf52,,
gene_1758,C11orf53,chr11,1051
gene_1759,C11orf54,chr11,4340
gene_1760,C11orf57,chr11,8676
gene_1761,C11orf58,chr11,3980
gene_1762,C11orf59,chr11,1179
gene_1763,C11orf61,chr11,4005
gene_1764,C11orf63,chr11,3864
gene_1765,C11orf64,chr11,851
gene_1766,C11orf65,chr11,3472
gene_1767,C11orf66,chr11,1539
gene_1768,C11orf67,chr11,1178
gene_1769,C11orf68,chr11,2962
gene_1770,C11orf70,chr11,2866
gene_1771,C11orf71,chr11,2797
gene_1772,C11orf73,chr11,1347
gene_1773,C11orf74,chr11,3408
gene_1774,C11orf75,chr11,975
gene_1775,C11orf80,chr11,2595
gene_1776,C11orf82,chr11,4863
gene_1777,C11orf83,chr11,1950
gene_1778,C11orf84,chr11,1961
gene_1779,C11orf85,chr11,1866
gene_1780,C11orf86,chr11,1185
gene_1781,C11orf87,chr11,5937
gene_1782,C11orf88,chr11,3414
gene_1783,C11orf90,chr11,603
gene_1784,C11orf92,chr11,5717
gene_1785,C11orf93,chr11,1783
gene_1786,C11orf94,chr11,368
gene_1787,C11orf95,chr11,5582
gene_1788,C11orf9,chr11,6397
gene_1789,C12orf10,chr12,2315
gene_1790,C12orf11,chr12,2976
gene_1791,C12orf12,chr12,2962
gene_1792,C12orf23,chr12,3465
gene_1793,C12orf24,chr12,2264
gene_1794,C12orf26,chr12,2094
gene_1795,C12orf27,chr12,2455
gene_1796,C12orf29,chr12,2874
gene_1797,C12orf32,chr12,3198
gene_1798,C12orf34,chr12,3140
gene_1799,C12orf35,chr12,6232
gene_1800,C12orf36,chr12,3202
gene_1801,C12orf39,chr12,921
gene_1802,C12orf40,chr12,4380
gene_1803,C12orf41,chr12,3477
gene_1804,C12orf42,chr12,3367
gene_1805,C12orf43,chr12,3429
gene_1806,C12orf44,chr12,1535
gene_1807,C12orf45,chr12,622
gene_1808,C12orf47,chr12,2887
gene_1809,C12orf48,chr12,5747
gene_1810,C12orf49,chr12,2775
gene_1811,C12orf4,chr12,4014
gene_1812,C12orf50,chr12,4665
gene_1813,C12orf51,chr12,17456
gene_1814,C12orf52,chr12,1775
gene_1815,C12orf53,chr12,4524
gene_1816,C12orf54,chr12,1088
gene_1817,C12orf56,chr12,2169
gene_1818,C12orf57,chr12,1522
gene_1819,C12orf59,chr12,2833
gene_1820,C12orf5,chr12,8225
gene_1821,C12orf60,chr12,1126
gene_1822,C12orf61,chr12,1684
gene_1823,C12orf62,chr12,1320
gene_1824,C12orf63,,
gene_1825,C12orf65,chr12,3674
gene_1826,C12orf66,chr12,2600
gene_1827,C12orf68,chr12,2344
gene_1828,C12orf69,chr12,2104
gene_1829,C12orf70,chr12,1272
gene_1830,C12orf71,chr12,966
gene_1831,C12orf72,chr12,2381
gene_1832,C12orf73,chr12,1994
gene_1833,C12orf74,chr12,3937
gene_1834,C12orf75,chr12,1366
gene_1835,C12orf76,chr12,3291
gene_1836,C12orf77,chr12,2576
gene_1837,C13orf15,chr13,1108
gene_1838,C13orf16,chr13,709
gene_1839,C13orf18,chr13,6852
gene_1840,C13orf1,chr13,3678
gene_1841,C13orf23,chr13,5169
gene_1842,C13orf26,chr13,998
gene_1843,C13orf27,chr13,2110
gene_1844,C13orf28,chr13,783
gene_1845,C13orf29,chr13,6322
gene_1846,C13orf30,chr13,3415
gene_1847,C13orf31,chr13,4550
gene_1848,C13orf33,chr13,2390
gene_1849,C13orf34,chr13,3130
gene_1850,C13orf35,chr13,2241
gene_1851,C13orf36,chr13,3206
gene_1852,C13orf37,chr13,2412
gene_1853,C13orf38,chr13,2780
gene_1854,C13orf39,chr13,1102
gene_1855,C14orf101,chr14,6868
gene_1856,C14orf102,chr14,4010
gene_1857,C14orf104,chr14,2963
gene_1858,C14orf105,chr14,3954
gene_1859,C14orf106,chr14,4896
gene_1860,C14orf109,chr14,1365
gene_1861,C14orf115,chr14,3416
gene_1862,C14orf118,chr14,7209
gene_1863,C14orf119,chr14,2945
gene_1864,C14orf126,chr14,2680
gene_1865,C14orf128,chr14,1281
gene_1866,C14orf129,chr14,2844
gene_1867,C14orf132,chr14,7583
gene_1868,C14orf135,chr14,4504
gene_1869,C14orf138,chr14,2185
gene_1870,C14orf139,chr14,2824
gene_1871,C14orf142,chr14,1176
gene_1872,C14orf143,chr14,2383
gene_1873,C14orf145,chr14,8193
gene_1874,C14orf147,chr14,2534
gene_1875,C14orf148,chr14,2129
gene_1876,C14orf149,chr14,2736
gene_1877,C14orf153,chr14,1235
gene_1878,C14orf156,chr14,735
gene_1879,C14orf159,chr14,4852
gene_1880,C14orf162,chr14,4179
gene_1881,C14orf165,,
gene_1882,C14orf166B,chr14,2749
gene_1883,C14orf166,chr14,1051
gene_1884,C14orf167,chr14,3499
gene_1885,C14orf169,,
gene_1886,C14orf174,chr14,2025
gene_1887,C14orf176,chr14,1526
gene_1888,C14orf177,chr14,1289
gene_1889,C14orf178,chr14,646
gene_1890,C14orf179,chr14,2214
gene_1891,C14orf180,chr14,2515
gene_1892,C14orf181,,
gene_1893,C14orf182,chr14,2686
gene_1894,C14orf183,chr14,975
gene_1895,C14orf184,,
gene_1896,C14orf19,chr14,575
gene_1897,C14orf1,chr14,1540
gene_1898,C14orf21,chr14,2207
gene_1899,C14orf23,chr14,3730
gene_1900,C14orf28,chr14,6314
gene_1901,C14orf2,chr14,2551
gene_1902,C14orf33,chr14,3390
gene_1903,C14orf34,chr14,2069
gene_1904,C14orf37,chr14,3827
gene_1905,C14orf39,chr14,2852
gene_1906,C14orf43,chr14,11009
gene_1907,C14orf45,chr14,3666
gene_1908,C14orf48,chr14,3670
gene_1909,C14orf49,chr14,3899
gene_1910,C14orf4,chr14,4157
gene_1911,C14orf50,chr14,2670
gene_1912,C14orf53,chr14,1212
gene_1913,C14orf64,chr14,5522
gene_1914,C14orf68,chr14,1866
gene_1915,C14orf70,chr14,1627
gene_1916,C14orf72,chr14,642
gene_1917,C14orf73,chr14,2579
gene_1918,C14orf79,chr14,2098
gene_1919,C14orf80,chr14,2401
gene_1920,C14orf86,chr14,2402
gene_1921,C14orf93,chr14,4728
gene_1922,C15orf17,chr15,8597
gene_1923,C15orf21,chr15,3330
gene_1924,C15orf23,chr15,3066
gene_1925,C15orf24,chr15,1053
gene_1926,C15orf26,chr15,1824
gene_1927,C15orf27,chr15,3905
gene_1928,C15orf28,chr15,3281
gene_1929,C15orf29,chr15,4321
gene_1930,C15orf2,chr15,8053
gene_1931,C15orf32,chr15,1884
gene_1932,C15orf33,chr15,2418
gene_1933,C15orf34,chr15,2676
gene_1934,C15orf37,chr15,2084
gene_1935,C15orf38,chr15,2667
gene_1936,C15orf39,chr15,5893
gene_1937,C15orf40,chr15,3509
gene_1938,C15orf41,chr15,4482
gene_1939,C15orf42,chr15,6908
gene_1940,C15orf43,chr15,1275
gene_1941,C15orf44,chr15,4608
gene_1942,C15orf48,chr15,1143
gene_1943,C15orf50,chr15,1330
gene_1944,C15orf51,chr15,3491
gene_1945,C15orf52,chr15,7871
gene_1946,C15orf53,chr15,2043
gene_1947,C15orf54,chr15,3080
gene_1948,C15orf55,chr15,4275
gene_1949,C15orf56,chr15,2127
gene_1950,C15orf57,chr15,3787
gene_1951,C15orf58,chr15,1351
gene_1952,C15orf59,chr15,1344
gene_1953,C15orf5,chr15,1497
gene_1954,C15orf60,chr15,925
gene_1955,C15orf61,chr15,1297
gene_1956,C15orf62,chr15,2490
gene_1957,C15orf63,chr15,4212
gene_1958,C16orf11,chr16,2217
gene_1959,C16orf13,chr16,840
gene_1960,C16orf3,chr16,994
gene_1961,C16orf42,chr16,1204
gene_1962,C16orf45,chr16,2342
gene_1963,C16orf46,chr16,3159
gene_1964,C16orf48,chr16,2114
gene_1965,C16orf52,chr16,5386
gene_1966,C16orf53,chr16,3825
gene_1967,C16orf54,chr16,2596
gene_1968,C16orf55,chr16,6860
gene_1969,C16orf57,chr16,6537
gene_1970,C16orf58,chr16,3886
gene_1971,C16orf59,chr16,5515
gene_1972,C16orf5,chr16,3361
gene_1973,C16orf61,chr16,730
gene_1974,C16orf62,chr16,4837
gene_1975,C16orf63,chr16,2250
gene_1976,C16orf68,chr16,1570
gene_1977,C16orf70,chr16,5696
gene_1978,C16orf71,chr16,2706
gene_1979,C16orf72,chr16,3979
gene_1980,C16orf73,chr16,2120
gene_1981,C16orf74,chr16,897
gene_1982,C16orf75,chr16,2183
gene_1983,C16orf78,chr16,971
gene_1984,C16orf79,chr16,1376
gene_1985,C16orf7,chr16,3430
gene_1986,C16orf80,chr16,1772
gene_1987,C16orf81,chr16,2243
gene_1988,C16orf82,chr16,2269
gene_1989,C16orf86,chr16,3025
gene_1990,C16orf87,chr16,1383
gene_1991,C16orf88,chr16,1950
gene_1992,C16orf89,chr16,2264
gene_1993,C16orf90,chr16,904
gene_1994,C16orf91,chr16,2049
gene_1995,C16orf92,chr16,1054
gene_1996,C16orf93,chr16,3740
gene_1997,C17orf100,,
gene_1998,C17orf101,chr17,4735
gene_1999,C17orf102,chr17,3997
gene_2000,C17orf103,chr17,4783
gene_2001,C17orf104,chr17,7179
gene_2002,C17orf105,chr17,827
gene_2003,C17orf106,,
gene_2004,C17orf107,chr17,3946
gene_2005,C17orf108,chr17,3488
gene_2006,C17orf28,chr17,4431
gene_2007,C17orf37,chr17,754
gene_2008,C17orf39,chr17,4232
gene_2009,C17orf42,chr17,3094
gene_2010,C17orf44,chr17,2094
gene_2011,C17orf46,chr17,1925
gene_2012,C17orf47,chr17,2127
gene_2013,C17orf48,chr17,2977
gene_2014,C17orf49,,
gene_2015,C17orf50,chr17,1031
gene_2016,C17orf51,chr17,10168
gene_2017,C17orf53,chr17,2834
gene_2018,C17orf54,chr17,1549
gene_2019,C17orf55,chr17,2970
gene_2020,C17orf56,chr17,5737
gene_2021,C17orf57,chr17,5246
gene_2022,C17orf58,chr17,1756
gene_2023,C17orf59,chr17,1914
gene_2024,C17orf60,chr17,1003
gene_2025,C17orf61,chr17,481
gene_2026,C17orf62,chr17,7251
gene_2027,C17orf63,chr17,6805
gene_2028,C17orf64,chr17,960
gene_2029,C17orf65,chr17,2927
gene_2030,C17orf66,chr17,3169
gene_2031,C17orf67,chr17,2012
gene_2032,C17orf68,chr17,7112
gene_2033,C17orf69,chr17,2859
gene_2034,C17orf70,chr17,5653
gene_2035,C17orf71,chr17,3266
gene_2036,C17orf72,chr17,3715
gene_2037,C17orf73,chr17,825
gene_2038,C17orf74,chr17,1649
gene_2039,C17orf75,chr17,4583
gene_2040,C17orf76,chr17,3421
gene_2041,C17orf77,chr17,2525
gene_2042,C17orf78,chr17,1862
gene_2043,C17orf79,chr17,1084
gene_2044,C17orf80,chr17,4073
gene_2045,C17orf81,chr17,3464
gene_2046,C17orf82,chr17,1530
gene_2047,C17orf85,chr17,9869
gene_2048,C17orf86,chr17,1771
gene_2049,C17orf87,chr17,4351
gene_2050,C17orf88,chr17,780
gene_2051,C17orf89,chr17,743
gene_2052,C17orf90,chr17,620
gene_2053,C17orf91,chr17,5337
gene_2054,C17orf93,chr17,564
gene_2055,C17orf95,chr17,2099
gene_2056,C17orf96,chr17,3229
gene_2057,C17orf97,chr17,1839
gene_2058,C17orf98,chr17,566
gene_2059,C17orf99,chr17,3194
gene_2060,C18orf10,chr18,5689
gene_2061,C18orf16,chr18,4425
gene_2062,C18orf18,chr18,1306
gene_2063,C18orf19,chr18,4512
gene_2064,C18orf1,chr18,11759
gene_2065,C18orf20,chr18,1073
gene_2066,C18orf21,chr18,1547
gene_2067,C18orf22,chr18,6409
gene_2068,C18orf25,chr18,5465
gene_2069,C18orf26,chr18,2027
gene_2070,C18orf2,chr18,3718
gene_2071,C18orf32,chr18,1721
gene_2072,C18orf34,chr18,3762
gene_2073,C18orf45,chr18,3798
gene_2074,C18orf54,chr18,7199
gene_2075,C18orf55,chr18,1534
gene_2076,C18orf56,chr18,844
gene_2077,C18orf62,chr18,3544
gene_2078,C18orf8,chr18,2328
gene_2079,C19orf10,chr19,1051
gene_2080,C19orf12,chr19,9097
gene_2081,C19orf18,chr19,915
gene_2082,C19orf20,chr19,1114
gene_2083,C19orf21,chr19,2851
gene_2084,C19orf22,chr19,1809
gene_2085,C19orf23,chr19,1356
gene_2086,C19orf24,chr19,978
gene_2087,C19orf25,chr19,2571
gene_2088,C19orf26,chr19,2564
gene_2089,C19orf28,chr19,3091
gene_2090,C19orf29,chr19,5633
gene_2091,C19orf2,chr19,4756
gene_2092,C19orf30,chr19,1088
gene_2093,C19orf33,chr19,583
gene_2094,C19orf34,chr19,1313
gene_2095,C19orf35,chr19,2570
gene_2096,C19orf36,chr19,2164
gene_2097,C19orf38,chr19,1089
gene_2098,C19orf39,chr19,1662
gene_2099,C19orf40,chr19,1138
gene_2100,C19orf41,chr19,814
gene_2101,C19orf42,chr19,1730
gene_2102,C19orf43,chr19,910
gene_2103,C19orf44,chr19,5326
gene_2104,C19orf45,chr19,2416
gene_2105,C19orf46,chr19,2003
gene_2106,C19orf47,chr19,2417
gene_2107,C19orf48,chr19,1990
gene_2108,C19orf50,chr19,2416
gene_2109,C19orf51,chr19,3404
gene_2110,C19orf52,chr19,1396
gene_2111,C19orf53,chr19,909
gene_2112,C19orf54,chr19,4620
gene_2113,C19orf55,chr19,3697
gene_2114,C19orf56,chr19,861
gene_2115,C19orf57,chr19,2513
gene_2116,C19orf59,chr19,1308
gene_2117,C19orf60,chr19,3257
gene_2118,C19orf61,chr19,3454
gene_2119,C19orf62,chr19,3230
gene_2120,C19orf63,chr19,2358
gene_2121,C19orf66,chr19,3650
gene_2122,C19orf69,chr19,946
gene_2123,C19orf6,chr19,2814
gene_2124,C19orf70,chr19,900
gene_2125,C19orf71,chr19,671
gene_2126,C19orf73,chr19,744
gene_2127,C19orf75,chr19,2395
gene_2128,C19orf76,chr19,2112
gene_2129,C19orf77,chr19,908
gene_2130,C1D,chr2,1497
gene_2131,C1GALT1C1,chrX,1904
gene_2132,C1GALT1,chr7,8224
gene_2133,C1QA,chr1,1098
gene_2134,C1QBP,chr17,1163
gene_2135,C1QB,chr1,1044
gene_2136,C1QC,chr1,1281
gene_2137,C1QL1,chr17,1500
gene_2138,C1QL2,chr2,2049
gene_2139,C1QL3,chr10,2493
gene_2140,C1QL4,chr12,2065
gene_2141,C1QTNF1,chr17,4173
gene_2142,C1QTNF2,chr5,2397
gene_2143,C1QTNF3,chr5,4816
gene_2144,C1QTNF4,chr11,1414
gene_2145,C1QTNF6,chr22,8895
gene_2146,C1QTNF7,chr4,4839
gene_2147,C1QTNF8,chr16,3406
gene_2148,C1QTNF9B,chr13,2028
gene_2149,C1QTNF9,chr13,1826
gene_2150,C1RL,chr12,4001
gene_2151,C1R,chr12,3421
gene_2152,C1S,chr12,3643
gene_2153,C1orf100,chr1,651
gene_2154,C1orf101,chr1,3857
gene_2155,C1orf103,chr1,3765
gene_2156,C1orf104,chr1,1306
gene_2157,C1orf105,chr1,985
gene_2158,C1orf106,chr1,4408
gene_2159,C1orf107,chr1,8695
gene_2160,C1orf109,chr1,3723
gene_2161,C1orf110,chr1,2552
gene_2162,C1orf111,chr1,1173
gene_2163,C1orf112,chr1,6474
gene_2164,C1orf113,chr1,4580
gene_2165,C1orf114,chr1,2999
gene_2166,C1orf115,chr1,2972
gene_2167,C1orf116,chr1,5502
gene_2168,C1orf122,chr1,1824
gene_2169,C1orf123,chr1,1084
gene_2170,C1orf124,chr1,7300
gene_2171,C1orf125,chr1,6079
gene_2172,C1orf126,chr1,7100
gene_2173,C1orf127,chr1,3043
gene_2174,C1orf128,chr1,1622
gene_2175,C1orf129,chr1,4057
gene_2176,C1orf130,chr1,3990
gene_2177,C1orf131,chr1,6037
gene_2178,C1orf133,chr1,800
gene_2179,C1orf135,chr1,2061
gene_2180,C1orf141,chr1,2533
gene_2181,C1orf144,chr1,4972
gene_2182,C1orf146,chr1,870
gene_2183,C1orf14,chr1,2942
gene_2184,C1orf150,chr1,3092
gene_2185,C1orf151,chr1,4231
gene_2186,C1orf152,chr1,1913
gene_2187,C1orf156,chr1,1475
gene_2188,C1orf157,chr1,2467
gene_2189,C1orf158,chr1,1475
gene_2190,C1orf159,chr1,3807
gene_2191,C1orf161,chr1,3229
gene_2192,C1orf162,chr1,917
gene_2193,C1orf163,chr1,2114
gene_2194,C1orf168,chr1,4422
gene_2195,C1orf170,chr1,3183
gene_2196,C1orf172,chr1,1803
gene_2197,C1orf173,chr1,8103
gene_2198,C1orf174,chr1,3199
gene_2199,C1orf175,chr1,6475
gene_2200,C1orf177,chr1,1789
gene_2201,C1orf180,chr1,2932
gene_2202,C1orf182,chr1,871
gene_2203,C1orf183,chr1,6077
gene_2204,C1orf185,chr1,911
gene_2205,C1orf186,chr1,1244
gene_2206,C1orf187,chr1,1773
gene_2207,C1orf189,chr1,705
gene_2208,C1orf190,chr1,1849
gene_2209,C1orf192,chr1,783
gene_2210,C1orf194,chr1,880
gene_2211,C1orf198,chr1,5128
gene_2212,C1orf200,chr1,1823
gene_2213,C1orf201,chr1,4369
gene_2214,C1orf203,chr1,2635
gene_2215,C1orf204,chr1,2501
gene_2216,C1orf210,chr1,1540
gene_2217,C1orf212,chr1,6434
gene_2218,C1orf213,chr1,3559
gene_2219,C1orf216,chr1,2934
gene_2220,C1orf21,chr1,10308
gene_2221,C1orf220,chr1,2577
gene_2222,C1orf223,chr1,1330
gene_2223,C1orf226,chr1,4580
gene_2224,C1orf227,chr1,504
gene_2225,C1orf228,chr1,1685
gene_2226,C1orf229,chr1,2258
gene_2227,C1orf230,chr1,1856
gene_2228,C1orf25,chr1,4522
gene_2229,C1orf26,chr1,3951
gene_2230,C1orf27,chr1,3986
gene_2231,C1orf31,chr1,856
gene_2232,C1orf35,chr1,1470
gene_2233,C1orf38,chr1,4302
gene_2234,C1orf43,chr1,2816
gene_2235,C1orf49,chr1,4766
gene_2236,C1orf50,chr1,1015
gene_2237,C1orf51,chr1,2416
gene_2238,C1orf52,chr1,3419
gene_2239,C1orf53,chr1,683
gene_2240,C1orf54,chr1,738
gene_2241,C1orf55,chr1,4009
gene_2242,C1orf56,chr1,2028
gene_2243,C1orf57,chr1,902
gene_2244,C1orf58,chr1,2038
gene_2245,C1orf59,chr1,2216
gene_2246,C1orf61,chr1,5031
gene_2247,C1orf63,chr1,3311
gene_2248,C1orf64,chr1,921
gene_2249,C1orf65,chr1,2098
gene_2250,C1orf66,chr1,2269
gene_2251,C1orf68,chr1,908
gene_2252,C1orf69,chr1,7965
gene_2253,C1orf70,chr1,1117
gene_2254,C1orf74,chr1,1561
gene_2255,C1orf77,chr1,5982
gene_2256,C1orf83,chr1,6125
gene_2257,C1orf84,,
gene_2258,C1orf85,chr1,2125
gene_2259,C1orf86,chr1,4637
gene_2260,C1orf87,chr1,3381
gene_2261,C1orf88,chr1,2346
gene_2262,C1orf89,chr1,1560
gene_2263,C1orf91,chr1,4382
gene_2264,C1orf92,chr1,2486
gene_2265,C1orf93,chr1,3510
gene_2266,C1orf94,chr1,3153
gene_2267,C1orf95,chr1,7705
gene_2268,C1orf96,chr1,5942
gene_2269,C1orf97,chr1,758
gene_2270,C1orf9,chr1,6729
gene_2271,C20orf103,chr20,2042
gene_2272,C20orf106,chr20,678
gene_2273,C20orf107,chr20,1021
gene_2274,C20orf108,chr20,3033
gene_2275,C20orf111,chr20,2242
gene_2276,C20orf112,chr20,9223
gene_2277,C20orf114,chr20,3195
gene_2278,C20orf117,chr20,8951
gene_2279,C20orf118,chr20,2243
gene_2280,C20orf11,chr20,4427
gene_2281,C20orf123,chr20,1958
gene_2282,C20orf12,chr20,5794
gene_2283,C20orf132,chr20,3783
gene_2284,C20orf134,chr20,2028
gene_2285,C20orf135,chr20,1776
gene_2286,C20orf141,chr20,1051
gene_2287,C20orf144,chr20,570
gene_2288,C20orf151,chr20,2833
gene_2289,C20orf152,chr20,4254
gene_2290,C20orf160,chr20,3017
gene_2291,C20orf165,chr20,719
gene_2292,C20orf166,chr20,1220
gene_2293,C20orf173,chr20,2947
gene_2294,C20orf177,chr20,9518
gene_2295,C20orf185,chr20,1454
gene_2296,C20orf186,chr20,2174
gene_2297,C20orf191,chr20,419
gene_2298,C20orf194,chr20,7749
gene_2299,C20orf195,chr20,1111
gene_2300,C20orf196,chr20,1155
gene_2301,C20orf197,chr20,2732
gene_2302,C20orf199,chr20,1323
gene_2303,C20orf200,chr20,4761
gene_2304,C20orf201,chr20,868
gene_2305,C20orf202,chr20,1604
gene_2306,C20orf203,chr20,5103
gene_2307,C20orf20,chr20,1636
gene_2308,C20orf24,chr20,1383
gene_2309,C20orf26,chr20,5235
gene_2310,C20orf27,chr20,4476
gene_2311,C20orf29,chr20,3433
gene_2312,C20orf30,chr20,3134
gene_2313,C20orf3,chr20,2245
gene_2314,C20orf43,chr20,2182
gene_2315,C20orf46,chr20,1970
gene_2316,C20orf4,chr20,2852
gene_2317,C20orf54,chr20,4439
gene_2318,C20orf56,chr20,4911
gene_2319,C20orf70,chr20,1052
gene_2320,C20orf71,chr20,1109
gene_2321,C20orf72,chr20,2264
gene_2322,C20orf79,chr20,666
gene_2323,C20orf7,chr20,2458
gene_2324,C20orf85,chr20,757
gene_2325,C20orf94,chr20,1407
gene_2326,C20orf96,chr20,2888
gene_2327,C21orf119,chr21,825
gene_2328,C21orf121,,
gene_2329,C21orf122,chr21,2256
gene_2330,C21orf125,chr21,3002
gene_2331,C21orf128,chr21,2141
gene_2332,C21orf129,chr21,2195
gene_2333,C21orf130,chr21,2019
gene_2334,C21orf131,chr21,2454
gene_2335,C21orf15,chr21,1279
gene_2336,C21orf29,chr21,4029
gene_2337,C21orf2,chr21,6489
gene_2338,C21orf33,chr21,1667
gene_2339,C21orf34,chr21,3802
gene_2340,C21orf45,chr21,1571
gene_2341,C21orf49,chr21,1559
gene_2342,C21orf54,chr21,595
gene_2343,C21orf56,chr21,3191
gene_2344,C21orf57,chr21,2096
gene_2345,C21orf58,chr21,6039
gene_2346,C21orf59,chr21,3515
gene_2347,C21orf62,chr21,4121
gene_2348,C21orf63,chr21,3329
gene_2349,C21orf67,chr21,2348
gene_2350,C21orf70,chr21,990
gene_2351,C21orf71,chr21,450
gene_2352,C21orf7,chr21,3169
gene_2353,C21orf81,chr21,2900
gene_2354,C21orf82,chr21,1807
gene_2355,C21orf84,chr21,579
gene_2356,C21orf88,chr21,2192
gene_2357,C21orf90,chr21,1045
gene_2358,C21orf91,chr21,10045
gene_2359,C21orf94,chr21,583
gene_2360,C21orf96,chr21,1491
gene_2361,C21orf99,chr21,5910
gene_2362,C22orf13,chr22,4718
gene_2363,C22orf15,chr22,1098
gene_2364,C22orf23,chr22,2040
gene_2365,C22orf24,chr22,1374
gene_2366,C22orf25,chr22,7031
gene_2367,C22orf26,chr22,1836
gene_2368,C22orf27,chr22,2310
gene_2369,C22orf28,chr22,2131
gene_2370,C22orf29,chr22,7129
gene_2371,C22orf30,chr22,13275
gene_2372,C22orf31,chr22,1070
gene_2373,C22orf32,chr22,1571
gene_2374,C22orf33,chr22,1497
gene_2375,C22orf34,chr22,1471
gene_2376,C22orf36,chr22,1823
gene_2377,C22orf39,chr22,2785
gene_2378,C22orf40,chr22,1615
gene_2379,C22orf41,chr22,578
gene_2380,C22orf42,chr22,805
gene_2381,C22orf43,chr22,1300
gene_2382,C22orf45,chr22,3761
gene_2383,C22orf46,chr22,4975
gene_2384,C22orf9,chr22,7037
gene_2385,C2CD2L,chr11,3478
gene_2386,C2CD2,chr21,8320
gene_2387,C2CD3,chr11,8997
gene_2388,C2CD4A,chr15,3445
gene_2389,C2CD4B,chr15,1576
gene_2390,C2CD4C,chr19,3124
gene_2391,C2CD4D,chr1,1713
gene_2392,C2orf14,chr2,4009
gene_2393,C2orf15,chr2,1408
gene_2394,C2orf16,chr2,6201
gene_2395,C2orf18,chr2,3912
gene_2396,C2orf24,chr2,2475
gene_2397,C2orf27A,chr2,1219
gene_2398,C2orf27B,chr2,1325
gene_2399,C2orf28,chr2,1515
gene_2400,C2orf29,chr2,2518
gene_2401,C2orf34,chr2,2249
gene_2402,C2orf39,chr2,2491
gene_2403,C2orf3,chr2,5423
gene_2404,C2orf40,chr2,782
gene_2405,C2orf42,chr2,2524
gene_2406,C2orf43,chr2,4578
gene_2407,C2orf44,chr2,3894
gene_2408,C2orf47,chr2,1511
gene_2409,C2orf48,chr2,728
gene_2410,C2orf49,chr2,1137
gene_2411,C2orf50,chr2,3161
gene_2412,C2orf51,chr2,796
gene_2413,C2orf52,chr2,1282
gene_2414,C2orf53,chr2,2063
gene_2415,C2orf54,chr2,2797
gene_2416,C2orf55,chr2,3869
gene_2417,C2orf56,chr2,2350
gene_2418,C2orf57,chr2,1420
gene_2419,C2orf58,chr2,1753
gene_2420,C2orf60,chr2,11896
gene_2421,C2orf61,chr2,2969
gene_2422,C2orf62,chr2,1323
gene_2423,C2orf63,chr2,5457
gene_2424,C2orf64,chr2,1767
gene_2425,C2orf65,chr2,2929
gene_2426,C2orf66,chr2,2256
gene_2427,C2orf67,chr2,10036
gene_2428,C2orf68,chr2,6019
gene_2429,C2orf69,chr2,3728
gene_2430,C2orf70,chr2,2784
gene_2431,C2orf71,chr2,7046
gene_2432,C2orf72,chr2,3732
gene_2433,C2orf73,chr2,1955
gene_2434,C2orf74,chr2,1249
gene_2435,C2orf76,chr2,1411
gene_2436,C2orf77,chr2,4667
gene_2437,C2orf78,chr2,3045
gene_2438,C2orf79,chr2,572
gene_2439,C2orf7,chr2,1083
gene_2440,C2orf80,chr2,1214
gene_2441,C2orf81,chr2,2229
gene_2442,C2orf82,chr2,465
gene_2443,C2orf83,chr2,2087
gene_2444,C2orf84,chr2,2045
gene_2445,C2orf85,chr2,1798
gene_2446,C2orf86,chr2,8896
gene_2447,C2orf88,chr2,4627
gene_2448,C2orf89,chr2,4712
gene_2449,C2,chr6,4762
gene_2450,C3AR1,chr12,1955
gene_2451,C3P1,chr19,3763
gene_2452,C3orf10,chr3,1176
gene_2453,C3orf14,chr3,977
gene_2454,C3orf15,chr3,7737
gene_2455,C3orf16,chr3,4826
gene_2456,C3orf17,chr3,5821
gene_2457,C3orf18,chr3,3002
gene_2458,C3orf19,chr3,3454
gene_2459,C3orf1,chr3,1634
gene_2460,C3orf20,chr3,5518
gene_2461,C3orf21,chr3,3481
gene_2462,C3orf22,chr3,947
gene_2463,C3orf23,chr3,5648
gene_2464,C3orf24,chr3,1662
gene_2465,C3orf26,chr3,3309
gene_2466,C3orf27,chr3,2697
gene_2467,C3orf30,chr3,1947
gene_2468,C3orf31,chr3,3683
gene_2469,C3orf32,chr3,5671
gene_2470,C3orf33,chr3,1931
gene_2471,C3orf34,chr3,2160
gene_2472,C3orf35,chr3,2969
gene_2473,C3orf36,chr3,1667
gene_2474,C3orf37,chr3,1993
gene_2475,C3orf38,chr3,2630
gene_2476,C3orf39,chr3,2592
gene_2477,C3orf42,chr3,1328
gene_2478,C3orf43,chr3,2053
gene_2479,C3orf45,chr3,1434
gene_2480,C3orf47,chr3,2193
gene_2481,C3orf48,chr3,3569
gene_2482,C3orf49,chr3,1289
gene_2483,C3orf50,chr3,4213
gene_2484,C3orf51,chr3,2255
gene_2485,C3orf52,chr3,5847
gene_2486,C3orf54,chr3,1040
gene_2487,C3orf55,chr3,2755
gene_2488,C3orf57,chr3,2306
gene_2489,C3orf58,chr3,4593
gene_2490,C3orf59,chr3,3367
gene_2491,C3orf62,chr3,4076
gene_2492,C3orf63,chr3,13037
gene_2493,C3orf64,chr3,5029
gene_2494,C3orf65,chr3,3258
gene_2495,C3orf66,chr3,2524
gene_2496,C3orf67,chr3,9348
gene_2497,C3orf70,chr3,5901
gene_2498,C3orf71,chr3,1598
gene_2499,C3orf72,chr3,4075
gene_2500,C3orf74,chr3,3019
gene_2501,C3orf75,chr3,1837
gene_2502,C3orf77,chr3,5334
gene_2503,C3orf79,chr3,580
gene_2504,C3,chr19,5101
gene_2505,C4A,chr6,2662
gene_2506,C4BPA,chr1,2243
gene_2507,C4BPB,chr1,2341
gene_2508,C4orf10,chr4,8690
gene_2509,C4orf11,chr4,1037
gene_2510,C4orf12,chr4,1739
gene_2511,C4orf14,chr4,2272
gene_2512,C4orf17,chr4,1829
gene_2513,C4orf19,chr4,3794
gene_2514,C4orf21,chr4,7791
gene_2515,C4orf22,chr4,946
gene_2516,C4orf23,chr4,7377
gene_2517,C4orf26,chr4,3818
gene_2518,C4orf27,chr4,1216
gene_2519,C4orf29,chr4,3147
gene_2520,C4orf31,chr4,2871
gene_2521,C4orf32,chr4,2726
gene_2522,C4orf33,chr4,2438
gene_2523,C4orf34,chr4,1682
gene_2524,C4orf35,chr4,1544
gene_2525,C4orf36,chr4,908
gene_2526,C4orf37,chr4,1654
gene_2527,C4orf38,chr4,2179
gene_2528,C4orf39,chr4,2174
gene_2529,C4orf3,chr4,3438
gene_2530,C4orf40,chr4,4921
gene_2531,C4orf41,chr4,5118
gene_2532,C4orf42,chr4,2930
gene_2533,C4orf43,chr4,1918
gene_2534,C4orf44,chr4,1670
gene_2535,C4orf45,chr4,960
gene_2536,C4orf46,chr4,6878
gene_2537,C4orf47,chr4,974
gene_2538,C4orf48,chr4,559
gene_2539,C4orf49,chr4,1339
gene_2540,C4orf50,,
gene_2541,C4orf51,chr4,845
gene_2542,C4orf52,chr4,1014
gene_2543,C4orf6,chr4,872
gene_2544,C4orf7,chr4,565
gene_2545,C5AR1,chr19,2342
gene_2546,C5orf13,chr5,7252
gene_2547,C5orf15,chr5,2281
gene_2548,C5orf20,chr5,3135
gene_2549,C5orf22,chr5,4016
gene_2550,C5orf23,,
gene_2551,C5orf24,chr5,5617
gene_2552,C5orf25,chr5,4737
gene_2553,C5orf27,chr5,2051
gene_2554,C5orf28,chr5,3155
gene_2555,C5orf30,chr5,3378
gene_2556,C5orf32,chr5,1797
gene_2557,C5orf33,chr5,4174
gene_2558,C5orf34,chr5,3378
gene_2559,C5orf35,chr5,1922
gene_2560,C5orf36,chr5,9200
gene_2561,C5orf38,chr5,1051
gene_2562,C5orf39,chr5,1266
gene_2563,C5orf40,chr5,2126
gene_2564,C5orf41,chr5,10702
gene_2565,C5orf42,chr5,12776
gene_2566,C5orf43,chr5,3056
gene_2567,C5orf44,chr5,4489
gene_2568,C5orf45,chr5,1978
gene_2569,C5orf46,chr5,988
gene_2570,C5orf47,chr5,2755
gene_2571,C5orf48,chr5,459
gene_2572,C5orf49,chr5,2385
gene_2573,C5orf4,chr5,2997
gene_2574,C5orf51,chr5,5222
gene_2575,C5orf52,chr5,697
gene_2576,C5orf53,chr5,2871
gene_2577,C5orf54,chr5,2881
gene_2578,C5orf55,chr5,1616
gene_2579,C5orf56,chr5,1840
gene_2580,C5orf58,chr5,1432
gene_2581,C5orf60,chr5,1371
gene_2582,C5orf62,chr5,2334
gene_2583,C5,chr9,6016
gene_2584,C6orf103,chr6,7357
gene_2585,C6orf105,chr6,2906
gene_2586,C6orf106,chr6,4418
gene_2587,C6orf108,chr6,1161
gene_2588,C6orf10,chr6,4225
gene_2589,C6orf114,,
gene_2590,C6orf115,chr6,908
gene_2591,C6orf118,chr6,2414
gene_2592,C6orf120,chr6,4146
gene_2593,C6orf122,chr6,2418
gene_2594,C6orf123,chr6,1650
gene_2595,C6orf124,chr6,2311
gene_2596,C6orf125,chr6,1680
gene_2597,C6orf126,chr6,488
gene_2598,C6orf127,chr6,477
gene_2599,C6orf129,chr6,620
gene_2600,C6orf130,chr6,2466
gene_2601,C6orf132,chr6,6742
gene_2602,C6orf134,chr6,4930
gene_2603,C6orf136,chr6,2244
gene_2604,C6orf138,chr6,5336
gene_2605,C6orf141,chr6,1696
gene_2606,C6orf142,chr6,6540
gene_2607,C6orf145,chr6,2194
gene_2608,C6orf146,chr6,2929
gene_2609,C6orf147,chr6,1444
gene_2610,C6orf150,chr6,1802
gene_2611,C6orf153,chr6,1159
gene_2612,C6orf154,chr6,2254
gene_2613,C6orf155,chr6,2933
gene_2614,C6orf15,chr6,1136
gene_2615,C6orf162,chr6,2803
gene_2616,C6orf163,chr6,1304
gene_2617,C6orf164,chr6,573
gene_2618,C6orf165,chr6,4414
gene_2619,C6orf167,chr6,11586
gene_2620,C6orf168,chr6,9760
gene_2621,C6orf170,chr6,6439
gene_2622,C6orf174,chr6,12231
gene_2623,C6orf176,chr6,4122
gene_2624,C6orf182,chr6,3385
gene_2625,C6orf186,chr6,1402
gene_2626,C6orf191,chr6,545
gene_2627,C6orf192,chr6,3169
gene_2628,C6orf195,chr6,2070
gene_2629,C6orf1,chr6,1479
gene_2630,C6orf201,chr6,4209
gene_2631,C6orf203,chr6,1589
gene_2632,C6orf204,chr6,9759
gene_2633,C6orf208,chr6,2566
gene_2634,C6orf211,chr6,2572
gene_2635,C6orf217,chr6,2561
gene_2636,C6orf218,chr6,3018
gene_2637,C6orf221,chr6,1022
gene_2638,C6orf222,chr6,3735
gene_2639,C6orf223,chr6,3750
gene_2640,C6orf225,chr6,2671
gene_2641,C6orf226,chr6,552
gene_2642,C6orf227,chr6,2107
gene_2643,C6orf25,chr6,4671
gene_2644,C6orf26,,
gene_2645,C6orf27,chr6,3073
gene_2646,C6orf35,chr6,5027
gene_2647,C6orf41,chr6,977
gene_2648,C6orf47,chr6,2475
gene_2649,C6orf48,chr6,842
gene_2650,C6orf52,chr6,972
gene_2651,C6orf57,chr6,525
gene_2652,C6orf58,chr6,1201
gene_2653,C6orf59,chr6,1851
gene_2654,C6orf62,chr6,2472
gene_2655,C6orf64,chr6,6327
gene_2656,C6orf70,chr6,3313
gene_2657,C6orf72,chr6,1698
gene_2658,C6orf81,chr6,1703
gene_2659,C6orf89,chr6,7394
gene_2660,C6orf94,chr6,1601
gene_2661,C6orf97,chr6,5283
gene_2662,C6,chr5,3967
gene_2663,C7orf10,chr7,1773
gene_2664,C7orf11,chr7,941
gene_2665,C7orf13,chr7,2289
gene_2666,C7orf16,chr7,1966
gene_2667,C7orf23,chr7,1043
gene_2668,C7orf25,chr7,4376
gene_2669,C7orf26,chr7,2372
gene_2670,C7orf27,chr7,6129
gene_2671,C7orf28A,chr7,1824
gene_2672,C7orf28B,chr7,3663
gene_2673,C7orf29,chr7,2874
gene_2674,C7orf30,chr7,755
gene_2675,C7orf31,chr7,3609
gene_2676,C7orf33,chr7,1354
gene_2677,C7orf34,chr7,768
gene_2678,C7orf36,chr7,871
gene_2679,C7orf40,chr7,3619
gene_2680,C7orf41,chr7,6905
gene_2681,C7orf42,chr7,4238
gene_2682,C7orf43,chr7,3503
gene_2683,C7orf44,chr7,5588
gene_2684,C7orf45,chr7,1156
gene_2685,C7orf46,chr7,6973
gene_2686,C7orf47,chr7,930
gene_2687,C7orf49,chr7,5452
gene_2688,C7orf4,chr7,611
gene_2689,C7orf50,chr7,1487
gene_2690,C7orf51,chr7,3799
gene_2691,C7orf52,chr7,4279
gene_2692,C7orf53,chr7,2087
gene_2693,C7orf54,chr7,2569
gene_2694,C7orf55,chr7,1210
gene_2695,C7orf57,chr7,2310
gene_2696,C7orf58,chr7,6619
gene_2697,C7orf59,chr7,612
gene_2698,C7orf60,chr7,4020
gene_2699,C7orf61,chr7,1004
gene_2700,C7orf63,chr7,4431
gene_2701,C7orf64,chr7,5733
gene_2702,C7orf65,chr7,2911
gene_2703,C7orf66,chr7,422
gene_2704,C7orf68,chr7,1492
gene_2705,C7orf69,chr7,2903
gene_2706,C7orf70,chr7,2214
gene_2707,C7orf71,chr7,2056
gene_2708,C7orf72,chr7,1404
gene_2709,C7,chr5,4190
gene_2710,C8A,chr1,2392
gene_2711,C8B,chr1,2388
gene_2712,C8G,chr9,877
gene_2713,C8ORFK29,chr8,1896
gene_2714,C8orf12,chr8,1596
gene_2715,C8orf22,chr8,3808
gene_2716,C8orf30A,chr8,5518
gene_2717,C8orf31,chr8,2157
gene_2718,C8orf33,chr8,2750
gene_2719,C8orf34,chr8,8946
gene_2720,C8orf37,chr8,3373
gene_2721,C8orf38,chr8,3196
gene_2722,C8orf39,chr8,709
gene_2723,C8orf40,chr8,2005
gene_2724,C8orf41,chr8,4882
gene_2725,C8orf42,chr8,5590
gene_2726,C8orf44,chr8,2109
gene_2727,C8orf45,chr8,7109
gene_2728,C8orf46,chr8,3628
gene_2729,C8orf47,chr8,1550
gene_2730,C8orf48,chr8,1446
gene_2731,C8orf4,chr8,1841
gene_2732,C8orf51,chr8,2013
gene_2733,C8orf55,chr8,2715
gene_2734,C8orf56,chr8,496
gene_2735,C8orf58,chr8,2144
gene_2736,C8orf59,chr8,1276
gene_2737,C8orf71,chr8,1875
gene_2738,C8orf73,chr8,3425
gene_2739,C8orf74,chr8,1228
gene_2740,C8orf75,chr8,1398
gene_2741,C8orf76,chr8,1342
gene_2742,C8orf77,chr8,3236
gene_2743,C8orf79,chr8,11593
gene_2744,C8orf80,chr8,3887
gene_2745,C8orf83,chr8,4859
gene_2746,C8orf84,chr8,3798
gene_2747,C8orf85,chr8,1786
gene_2748,C8orf86,chr8,2250
gene_2749,C9orf100,chr9,7726
gene_2750,C9orf102,chr9,8222
gene_2751,C9orf103,chr9,2001
gene_2752,C9orf106,chr9,843
gene_2753,C9orf109,chr9,5802
gene_2754,C9orf110,chr9,5806
gene_2755,C9orf114,chr9,4286
gene_2756,C9orf116,chr9,1922
gene_2757,C9orf117,chr9,1993
gene_2758,C9orf119,chr9,1577
gene_2759,C9orf11,chr9,1382
gene_2760,C9orf122,chr9,2016
gene_2761,C9orf123,chr9,3037
gene_2762,C9orf125,chr9,2089
gene_2763,C9orf128,chr9,3283
gene_2764,C9orf129,chr9,1154
gene_2765,C9orf130,chr9,11435
gene_2766,C9orf131,chr9,3673
gene_2767,C9orf135,chr9,1055
gene_2768,C9orf139,chr9,3815
gene_2769,C9orf140,chr9,3833
gene_2770,C9orf142,chr9,812
gene_2771,C9orf144B,chr9,4298
gene_2772,C9orf144,chr9,6130
gene_2773,C9orf150,chr9,2690
gene_2774,C9orf152,chr9,2656
gene_2775,C9orf153,chr9,2035
gene_2776,C9orf156,chr9,3905
gene_2777,C9orf163,chr9,2573
gene_2778,C9orf167,chr9,4069
gene_2779,C9orf169,chr9,740
gene_2780,C9orf16,chr9,1435
gene_2781,C9orf170,chr9,3409
gene_2782,C9orf171,chr9,1789
gene_2783,C9orf172,chr9,2931
gene_2784,C9orf173,chr9,1897
gene_2785,C9orf21,chr9,1225
gene_2786,C9orf23,chr9,1152
gene_2787,C9orf24,chr9,3898
gene_2788,C9orf25,chr9,6964
gene_2789,C9orf27,chr9,564
gene_2790,C9orf30,chr9,3280
gene_2791,C9orf37,chr9,1452
gene_2792,C9orf3,chr9,7854
gene_2793,C9orf40,chr9,2325
gene_2794,C9orf41,chr9,2193
gene_2795,C9orf43,chr9,2392
gene_2796,C9orf44,chr9,3184
gene_2797,C9orf45,chr9,5984
gene_2798,C9orf46,chr9,1720
gene_2799,C9orf47,chr9,5218
gene_2800,C9orf4,chr9,1189
gene_2801,C9orf50,chr9,1781
gene_2802,C9orf53,chr9,616
gene_2803,C9orf57,chr9,1655
gene_2804,C9orf5,chr9,8188
gene_2805,C9orf64,chr9,2654
gene_2806,C9orf66,chr9,2786
gene_2807,C9orf68,chr9,9812
gene_2808,C9orf69,chr9,5136
gene_2809,C9orf6,chr9,1911
gene_2810,C9orf70,chr9,730
gene_2811,C9orf71,chr9,1243
gene_2812,C9orf72,chr9,4631
gene_2813,C9orf78,chr9,3863
gene_2814,C9orf79,chr9,4447
gene_2815,C9orf7,chr9,3029
gene_2816,C9orf80,chr9,1519
gene_2817,C9orf82,chr9,3385
gene_2818,C9orf84,chr9,5900
gene_2819,C9orf85,chr9,3264
gene_2820,C9orf86,chr9,10571
gene_2821,C9orf89,chr9,1060
gene_2822,C9orf91,chr9,4791
gene_2823,C9orf93,chr9,9270
gene_2824,C9orf95,chr9,1450
gene_2825,C9orf96,chr9,4030
gene_2826,C9orf98,chr9,2663
gene_2827,C9orf9,chr9,2538
gene_2828,C9,chr5,2692
gene_2829,CA10,chr17,5329
gene_2830,CA11,chr19,1653
gene_2831,CA12,chr15,3975
gene_2832,CA13,chr8,4821
gene_2833,CA14,chr1,1741
gene_2834,CA1,chr8,1531
gene_2835,CA2,chr8,1666
gene_2836,CA3,chr8,1794
gene_2837,CA4,chr17,1503
gene_2838,CA5A,chr16,1084
gene_2839,CA5BP,chrX,994
gene_2840,CA5B,chrX,6032
gene_2841,CA6,chr1,2374
gene_2842,CA7,chr16,1849
gene_2843,CA8,chr8,4355
gene_2844,CA9,chr9,1554
gene_2845,CAB39L,chr13,4128
gene_2846,CAB39,chr2,4678
gene_2847,CABC1,chr1,7188
gene_2848,CABIN1,chr22,7750
gene_2849,CABLES1,chr18,5328
gene_2850,CABLES2,chr20,3785
gene_2851,CABP1,chr12,2400
gene_2852,CABP2,chr11,1132
gene_2853,CABP4,chr11,4446
gene_2854,CABP5,chr19,1828
gene_2855,CABP7,chr22,2980
gene_2856,CABYR,chr18,2962
gene_2857,CACHD1,chr1,6118
gene_2858,CACNA1A,chr19,10502
gene_2859,CACNA1B,chr9,13853
gene_2860,CACNA1C,chr12,18492
gene_2861,CACNA1D,chr3,8697
gene_2862,CACNA1E,chr1,16661
gene_2863,CACNA1F,chrX,6308
gene_2864,CACNA1G,chr17,11102
gene_2865,CACNA1H,chr16,8442
gene_2866,CACNA1I,chr22,10911
gene_2867,CACNA1S,chr1,6168
gene_2868,CACNA2D1,chr7,4237
gene_2869,CACNA2D2,chr3,5357
gene_2870,CACNA2D3,chr3,3946
gene_2871,CACNA2D4,chr12,6043
gene_2872,CACNB1,chr17,6756
gene_2873,CACNB2,chr10,6395
gene_2874,CACNB3,chr12,4142
gene_2875,CACNB4,chr2,13187
gene_2876,CACNG1,chr17,1318
gene_2877,CACNG2,chr22,4523
gene_2878,CACNG3,chr16,2703
gene_2879,CACNG4,chr17,3430
gene_2880,CACNG5,chr17,1103
gene_2881,CACNG6,chr19,1899
gene_2882,CACNG7,chr19,2537
gene_2883,CACNG8,chr19,8751
gene_2884,CACYBP,chr1,4107
gene_2885,CADM1,chr11,5221
gene_2886,CADM2,chr3,9908
gene_2887,CADM3,chr1,4090
gene_2888,CADM4,chr19,2176
gene_2889,CADPS2,chr7,6433
gene_2890,CADPS,chr3,5811
gene_2891,CAD,chr2,7108
gene_2892,CAGE1,chr6,4184
gene_2893,CALB1,chr8,2759
gene_2894,CALB2,chr16,1470
gene_2895,CALCA,chr11,2454
gene_2896,CALCB,chr11,2608
gene_2897,CALCOCO1,chr12,5980
gene_2898,CALCOCO2,chr17,3817
gene_2899,CALCRL,chr2,6776
gene_2900,CALCR,chr7,4036
gene_2901,CALD1,chr7,9471
gene_2902,CALHM1,chr10,3056
gene_2903,CALHM2,chr10,4673
gene_2904,CALHM3,chr10,1652
gene_2905,CALM1,chr14,4577
gene_2906,CALM2,chr2,1302
gene_2907,CALM3,chr19,2384
gene_2908,CALML3,chr10,1302
gene_2909,CALML4,chr15,4635
gene_2910,CALML5,chr10,876
gene_2911,CALML6,chr1,1101
gene_2912,CALN1,chr7,10309
gene_2913,CALR3,chr19,1292
gene_2914,CALR,chr19,1911
gene_2915,CALU,chr7,6365
gene_2916,CALY,chr10,983
gene_2917,CAMK1D,chr10,2806
gene_2918,CAMK1G,chr1,3394
gene_2919,CAMK1,chr3,2891
gene_2920,CAMK2A,chr5,5364
gene_2921,CAMK2B,chr7,5230
gene_2922,CAMK2D,chr4,6729
gene_2923,CAMK2G,chr10,5558
gene_2924,CAMK2N1,chr1,2351
gene_2925,CAMK2N2,chr3,1360
gene_2926,CAMK4,chr5,3231
gene_2927,CAMKK1,chr17,4574
gene_2928,CAMKK2,chr12,9459
gene_2929,CAMKV,chr3,4973
gene_2930,CAMLG,chr5,2242
gene_2931,CAMP,chr3,745
gene_2932,CAMSAP1L1,chr1,7419
gene_2933,CAMSAP1,chr9,7664
gene_2934,CAMTA1,chr1,9832
gene_2935,CAMTA2,chr17,5422
gene_2936,CAND1,chr12,7040
gene_2937,CAND2,chr3,4690
gene_2938,CANT1,chr17,5244
gene_2939,CANX,chr5,5505
gene_2940,CAP1,chr1,3359
gene_2941,CAP2,chr6,3131
gene_2942,CAPG,chr2,2097
gene_2943,CAPN10,chr2,4829
gene_2944,CAPN11,chr6,2877
gene_2945,CAPN12,chr19,3437
gene_2946,CAPN13,chr2,4617
gene_2947,CAPN14,chr2,4014
gene_2948,CAPN1,chr11,3408
gene_2949,CAPN2,chr1,5585
gene_2950,CAPN3,chr15,4557
gene_2951,CAPN5,chr11,6233
gene_2952,CAPN6,chrX,3595
gene_2953,CAPN7,chr3,4368
gene_2954,CAPN8,chr1,2100
gene_2955,CAPN9,chr1,2593
gene_2956,CAPNS1,chr19,2610
gene_2957,CAPNS2,chr16,1009
gene_2958,CAPRIN1,chr11,7410
gene_2959,CAPRIN2,chr12,6795
gene_2960,CAPS2,chr12,4900
gene_2961,CAPSL,chr5,1098
gene_2962,CAPS,chr19,1735
gene_2963,CAPZA1,chr1,2740
gene_2964,CAPZA2,chr7,2549
gene_2965,CAPZA3,chr12,1078
gene_2966,CAPZB,chr1,2838
gene_2967,CARD10,chr22,5702
gene_2968,CARD11,chr7,4361
gene_2969,CARD14,chr17,8878
gene_2970,CARD16,chr11,758
gene_2971,CARD17,chr11,466
gene_2972,CARD18,chr11,660
gene_2973,CARD6,chr5,4097
gene_2974,CARD8,chr19,10378
gene_2975,CARD9,chr9,4515
gene_2976,CARHSP1,chr16,4013
gene_2977,CARKD,chr13,5877
gene_2978,CARM1,chr19,3102
gene_2979,CARNS1,chr11,5471
gene_2980,CARS2,chr13,2599
gene_2981,CARS,chr11,3278
gene_2982,CARTPT,chr5,915
gene_2983,CASC1,chr12,3560
gene_2984,CASC2,chr10,8207
gene_2985,CASC3,chr17,4893
gene_2986,CASC4,chr15,4652
gene_2987,CASC5,chr15,13116
gene_2988,CASD1,chr7,4122
gene_2989,CASKIN1,chr16,5695
gene_2990,CASKIN2,chr17,5513
gene_2991,CASK,chrX,8814
gene_2992,CASP10,chr2,6667
gene_2993,CASP12,,
gene_2994,CASP14,chr19,3144
gene_2995,CASP1,chr11,4313
gene_2996,CASP2,chr7,4722
gene_2997,CASP3,chr4,2865
gene_2998,CASP4,chr11,3153
gene_2999,CASP5,chr11,1662
gene_3000,CASP6,chr4,1661
gene_3001,CASP7,chr10,3372
gene_3002,CASP8AP2,chr6,6966
gene_3003,CASP8,chr2,7247
gene_3004,CASP9,chr1,6800
gene_3005,CASQ1,chr1,1958
gene_3006,CASQ2,chr1,2700
gene_3007,CASR,chr3,5265
gene_3008,CASS4,chr20,5735
gene_3009,CAST,chr5,7198
gene_3010,CASZ1,chr1,12549
gene_3011,CATSPER1,chr11,2619
gene_3012,CATSPER2P1,chr15,3081
gene_3013,CATSPER2,chr15,3637
gene_3014,CATSPER3,chr5,1367
gene_3015,CATSPER4,chr1,2001
gene_3016,CATSPERB,chr14,3606
gene_3017,CATSPERG,chr19,4018
gene_3018,CAT,chr11,2552
gene_3019,CAV1,chr7,4782
gene_3020,CAV2,chr7,6401
gene_3021,CAV3,chr3,2575
gene_3022,CBARA1,chr10,2899
gene_3023,CBFA2T2,chr20,18344
gene_3024,CBFA2T3,chr16,5067
gene_3025,CBFB,chr16,3229
gene_3026,CBLB,chr3,6213
gene_3027,CBLC,chr19,1591
gene_3028,CBLL1,chr7,4437
gene_3029,CBLN1,chr16,2434
gene_3030,CBLN2,chr18,2963
gene_3031,CBLN3,chr14,2344
gene_3032,CBLN4,chr20,3107
gene_3033,CBL,chr11,11231
gene_3034,CBR1,chr21,3231
gene_3035,CBR3,chr21,1112
gene_3036,CBR4,chr4,5153
gene_3037,CBS,chr21,3972
gene_3038,CBWD1,chr9,4258
gene_3039,CBWD2,chr2,2823
gene_3040,CBWD3,chr9,7181
gene_3041,CBWD5,,
gene_3042,CBWD6,chr9,2456
gene_3043,CBX1,chr17,2676
gene_3044,CBX2,chr17,5102
gene_3045,CBX3,chr7,2543
gene_3046,CBX4,chr17,2649
gene_3047,CBX5,chr12,11904
gene_3048,CBX6,chr22,5243
gene_3049,CBX7,chr22,4035
gene_3050,CBX8,chr17,1546
gene_3051,CBY1,chr22,1271
gene_3052,CC2D1A,chr19,5072
gene_3053,CC2D1B,chr1,6639
gene_3054,CC2D2A,chr4,6709
gene_3055,CC2D2B,chr10,3351
gene_3056,CCAR1,chr10,4063
gene_3057,CCBE1,chr18,6619
gene_3058,CCBL1,chr9,3349
gene_3059,CCBL2,chr1,2309
gene_3060,CCBP2,chr3,7479
gene_3061,CCDC101,chr16,1151
gene_3062,CCDC102A,chr16,2429
gene_3063,CCDC102B,chr18,4882
gene_3064,CCDC103,chr17,4809
gene_3065,CCDC104,chr2,1374
gene_3066,CCDC105,chr19,1751
gene_3067,CCDC106,chr19,3379
gene_3068,CCDC107,chr9,3600
gene_3069,CCDC108,chr2,11409
gene_3070,CCDC109A,chr10,3856
gene_3071,CCDC109B,chr4,1887
gene_3072,CCDC110,chr4,5366
gene_3073,CCDC111,chr4,2382
gene_3074,CCDC112,chr5,2877
gene_3075,CCDC113,chr16,5266
gene_3076,CCDC114,chr19,5933
gene_3077,CCDC115,chr2,2052
gene_3078,CCDC116,chr22,3310
gene_3079,CCDC117,chr22,4070
gene_3080,CCDC11,chr18,1824
gene_3081,CCDC120,chrX,8447
gene_3082,CCDC121,chr2,2844
gene_3083,CCDC122,chr13,2438
gene_3084,CCDC123,chr19,5947
gene_3085,CCDC124,chr19,1083
gene_3086,CCDC125,chr5,7508
gene_3087,CCDC126,chr7,2673
gene_3088,CCDC127,chr5,1420
gene_3089,CCDC129,chr7,7353
gene_3090,CCDC12,chr3,2409
gene_3091,CCDC130,chr19,2166
gene_3092,CCDC132,chr7,6239
gene_3093,CCDC134,chr22,1275
gene_3094,CCDC135,chr16,3042
gene_3095,CCDC136,chr7,5472
gene_3096,CCDC137,chr17,2108
gene_3097,CCDC138,chr2,2567
gene_3098,CCDC13,chr3,3551
gene_3099,CCDC140,chr2,1699
gene_3100,CCDC141,chr2,16230
gene_3101,CCDC142,chr2,6432
gene_3102,CCDC144A,chr17,8475
gene_3103,CCDC144B,chr17,9218
gene_3104,CCDC144C,chr17,4204
gene_3105,CCDC144NL,chr17,2806
gene_3106,CCDC146,chr7,4089
gene_3107,CCDC147,chr10,3313
gene_3108,CCDC148,chr2,3410
gene_3109,CCDC149,chr4,9045
gene_3110,CCDC14,chr3,9761
gene_3111,CCDC150,chr2,8075
gene_3112,CCDC151,chr19,2485
gene_3113,CCDC152,chr5,3491
gene_3114,CCDC153,chr11,893
gene_3115,CCDC154,chr16,2507
gene_3116,CCDC155,chr19,3627
gene_3117,CCDC157,chr22,3308
gene_3118,CCDC158,chr4,4154
gene_3119,CCDC159,chr19,2837
gene_3120,CCDC15,chr11,3893
gene_3121,CCDC160,chrX,1299
gene_3122,CCDC163P,chr1,2485
gene_3123,CCDC17,chr1,2752
gene_3124,CCDC18,chr1,4557
gene_3125,CCDC19,chr1,2581
gene_3126,CCDC21,chr1,5682
gene_3127,CCDC22,chrX,3010
gene_3128,CCDC23,chr1,798
gene_3129,CCDC24,chr1,1529
gene_3130,CCDC25,chr8,3888
gene_3131,CCDC27,chr1,2174
gene_3132,CCDC28A,chr6,1496
gene_3133,CCDC28B,chr1,1077
gene_3134,CCDC30,chr1,11167
gene_3135,CCDC33,chr15,4959
gene_3136,CCDC34,chr11,3051
gene_3137,CCDC36,chr3,4487
gene_3138,CCDC37,chr3,2157
gene_3139,CCDC38,chr12,1954
gene_3140,CCDC39,chr3,4816
gene_3141,CCDC3,chr10,4102
gene_3142,CCDC40,chr17,6677
gene_3143,CCDC41,chr12,5154
gene_3144,CCDC42B,chr12,1514
gene_3145,CCDC42,chr17,1380
gene_3146,CCDC43,chr17,2204
gene_3147,CCDC45,chr17,4847
gene_3148,CCDC46,chr17,4086
gene_3149,CCDC47,chr17,3844
gene_3150,CCDC48,chr3,2691
gene_3151,CCDC50,chr3,8949
gene_3152,CCDC51,chr3,2301
gene_3153,CCDC52,chr3,11274
gene_3154,CCDC53,chr12,913
gene_3155,CCDC54,chr3,1294
gene_3156,CCDC55,chr17,3179
gene_3157,CCDC56,chr17,1959
gene_3158,CCDC57,chr17,9649
gene_3159,CCDC58,chr3,718
gene_3160,CCDC59,chr12,1744
gene_3161,CCDC60,chr12,2450
gene_3162,CCDC61,chr19,1823
gene_3163,CCDC62,chr12,4804
gene_3164,CCDC63,chr12,1945
gene_3165,CCDC64B,chr16,4722
gene_3166,CCDC64,chr12,3753
gene_3167,CCDC65,chr12,1815
gene_3168,CCDC66,chr3,6916
gene_3169,CCDC67,chr11,3340
gene_3170,CCDC68,chr18,4331
gene_3171,CCDC69,chr5,4366
gene_3172,CCDC6,chr10,5826
gene_3173,CCDC70,chr13,1154
gene_3174,CCDC71,chr3,1812
gene_3175,CCDC72,chr3,463
gene_3176,CCDC73,chr11,8336
gene_3177,CCDC74A,chr2,2610
gene_3178,CCDC74B,chr2,3198
gene_3179,CCDC75,chr2,1257
gene_3180,CCDC76,chr1,3442
gene_3181,CCDC77,chr12,2504
gene_3182,CCDC78,chr16,6399
gene_3183,CCDC79,chr16,2676
gene_3184,CCDC7,chr10,5520
gene_3185,CCDC80,chr3,4821
gene_3186,CCDC81,chr11,3164
gene_3187,CCDC82,chr11,5566
gene_3188,CCDC83,chr11,2675
gene_3189,CCDC84,chr11,1658
gene_3190,CCDC85A,chr2,4410
gene_3191,CCDC85B,chr11,1232
gene_3192,CCDC85C,chr14,5671
gene_3193,CCDC86,chr11,2015
gene_3194,CCDC87,chr11,2915
gene_3195,CCDC88A,chr2,15766
gene_3196,CCDC88B,chr11,9334
gene_3197,CCDC88C,chr14,10037
gene_3198,CCDC89,chr11,2428
gene_3199,CCDC8,chr19,3334
gene_3200,CCDC90A,chr6,6057
gene_3201,CCDC90B,chr11,3146
gene_3202,CCDC91,chr12,3323
gene_3203,CCDC92,chr12,4091
gene_3204,CCDC93,chr2,7251
gene_3205,CCDC94,chr19,1397
gene_3206,CCDC96,chr4,2153
gene_3207,CCDC97,chr19,3322
gene_3208,CCDC99,chr5,4050
gene_3209,CCDC9,chr19,2078
gene_3210,CCHCR1,chr6,3977
gene_3211,CCIN,chr9,1943
gene_3212,CCKAR,chr4,1682
gene_3213,CCKBR,chr11,4934
gene_3214,CCK,chr3,2492
gene_3215,CCL11,chr17,925
gene_3216,CCL13,chr17,851
gene_3217,CCL14-CCL15,chr17,1471
gene_3218,CCL14,chr17,673
gene_3219,CCL15,chr17,1080
gene_3220,CCL16,chr17,1728
gene_3221,CCL17,chr16,747
gene_3222,CCL18,chr17,770
gene_3223,CCL19,chr9,684
gene_3224,CCL1,chr17,542
gene_3225,CCL20,chr2,954
gene_3226,CCL21,chr9,895
gene_3227,CCL22,chr16,2918
gene_3228,CCL23,chr17,740
gene_3229,CCL24,chr7,419
gene_3230,CCL25,chr19,1119
gene_3231,CCL26,chr7,562
gene_3232,CCL27,chr9,446
gene_3233,CCL28,chr5,2342
gene_3234,CCL2,chr17,747
gene_3235,CCL3L1,chr17,1566
gene_3236,CCL3L3,chr17,1922
gene_3237,CCL3,chr17,796
gene_3238,CCL4L2,chr17,2666
gene_3239,CCL4,chr17,667
gene_3240,CCL5,chr17,1229
gene_3241,CCL7,chr17,815
gene_3242,CCL8,chr17,1250
gene_3243,CCM2,chr7,3525
gene_3244,CCNA1,chr13,3113
gene_3245,CCNA2,chr4,2798
gene_3246,CCNB1IP1,chr14,2202
gene_3247,CCNB1,chr5,3172
gene_3248,CCNB2,chr15,3071
gene_3249,CCNB3,chrX,5328
gene_3250,CCNC,chr6,3866
gene_3251,CCND1,chr11,4289
gene_3252,CCND2,chr12,6522
gene_3253,CCND3,chr6,3489
gene_3254,CCNDBP1,chr15,4445
gene_3255,CCNE1,chr19,2070
gene_3256,CCNE2,chr8,2752
gene_3257,CCNF,chr16,4287
gene_3258,CCNG1,chr5,4532
gene_3259,CCNG2,chr4,6749
gene_3260,CCNH,chr5,5044
gene_3261,CCNI2,chr5,2766
gene_3262,CCNI,chr4,1873
gene_3263,CCNJL,chr5,3835
gene_3264,CCNJ,chr10,4389
gene_3265,CCNK,chr14,2606
gene_3266,CCNL1,chr3,5922
gene_3267,CCNL2,chr1,5926
gene_3268,CCNO,chr5,2263
gene_3269,CCNT1,chr12,7079
gene_3270,CCNT2,chr2,13390
gene_3271,CCNYL1,chr2,4236
gene_3272,CCNY,chr10,4439
gene_3273,CCPG1,chr15,11627
gene_3274,CCR10,chr17,1244
gene_3275,CCR1,chr3,2676
gene_3276,CCR2,chr3,4573
gene_3277,CCR3,chr3,3520
gene_3278,CCR4,chr3,1657
gene_3279,CCR5,chr3,3715
gene_3280,CCR6,chr6,6233
gene_3281,CCR7,chr17,2184
gene_3282,CCR8,chr3,2677
gene_3283,CCR9,chr3,2653
gene_3284,CCRL1,chr3,4626
gene_3285,CCRL2,chr3,1925
gene_3286,CCRN4L,chr4,2763
gene_3287,CCS,chr11,1032
gene_3288,CCT2,chr12,2282
gene_3289,CCT3,chr1,2382
gene_3290,CCT4,chr2,2583
gene_3291,CCT5,chr5,4400
gene_3292,CCT6A,chr7,2783
gene_3293,CCT6B,chr17,1898
gene_3294,CCT6P1,chr7,1913
gene_3295,CCT7,chr2,2116
gene_3296,CCT8L2,chr22,2053
gene_3297,CCT8,chr21,2153
gene_3298,CD101,chr1,4531
gene_3299,CD109,chr6,9558
gene_3300,CD14,chr5,2304
gene_3301,CD151,chr11,2242
gene_3302,CD160,chr1,4859
gene_3303,CD163L1,chr12,4933
gene_3304,CD163,chr12,4973
gene_3305,CD164L2,chr1,1539
gene_3306,CD164,chr6,5020
gene_3307,CD177,chr19,3254
gene_3308,CD180,chr5,2715
gene_3309,CD19,chr16,2051
gene_3310,CD1A,chr1,2123
gene_3311,CD1B,chr1,2047
gene_3312,CD1C,chr1,2592
gene_3313,CD1D,chr1,4986
gene_3314,CD1E,chr1,4133
gene_3315,CD200R1L,chr3,1463
gene_3316,CD200R1,chr3,2862
gene_3317,CD200,chr3,2558
gene_3318,CD207,chr2,1872
gene_3319,CD209,chr19,5634
gene_3320,CD226,chr18,3130
gene_3321,CD22,chr19,4023
gene_3322,CD244,chr1,3390
gene_3323,CD247,chr1,2078
gene_3324,CD248,chr11,2558
gene_3325,CD24,chrY,2180
gene_3326,CD274,chr9,4425
gene_3327,CD276,chr15,4635
gene_3328,CD27,chr12,1320
gene_3329,CD28,chr2,4991
gene_3330,CD2AP,chr6,5409
gene_3331,CD2BP2,chr16,3752
gene_3332,CD2,chr1,2569
gene_3333,CD300A,chr17,2322
gene_3334,CD300C,chr17,1587
gene_3335,CD300E,chr17,3525
gene_3336,CD300LB,chr17,2793
gene_3337,CD300LD,chr17,644
gene_3338,CD300LF,chr17,2088
gene_3339,CD300LG,chr17,3613
gene_3340,CD302,chr2,3979
gene_3341,CD320,chr19,2145
gene_3342,CD33,chr19,5899
gene_3343,CD34,chr1,4975
gene_3344,CD36,chr7,6302
gene_3345,CD37,chr19,4237
gene_3346,CD38,chr4,1491
gene_3347,CD3D,chr11,741
gene_3348,CD3EAP,chr19,3320
gene_3349,CD3E,chr11,2237
gene_3350,CD3G,chr11,2057
gene_3351,CD40LG,chrX,1833
gene_3352,CD40,chr20,3553
gene_3353,CD44,chr11,6706
gene_3354,CD46,chr1,3393
gene_3355,CD47,chr3,5346
gene_3356,CD48,chr1,3830
gene_3357,CD4,chr12,5009
gene_3358,CD52,chr1,1177
gene_3359,CD53,chr1,1721
gene_3360,CD55,chr1,3444
gene_3361,CD58,chr1,1978
gene_3362,CD59,chr11,8414
gene_3363,CD5L,chr1,2237
gene_3364,CD5,chr11,3157
gene_3365,CD63,chr12,2282
gene_3366,CD68,chr17,2293
gene_3367,CD69,chr12,2922
gene_3368,CD6,chr11,3452
gene_3369,CD70,chr19,1520
gene_3370,CD72,chr9,3194
gene_3371,CD74,chr5,1681
gene_3372,CD79A,chr19,1444
gene_3373,CD79B,chr17,1315
gene_3374,CD7,chr17,2662
gene_3375,CD80,chr3,3282
gene_3376,CD81,chr11,1497
gene_3377,CD82,chr11,1691
gene_3378,CD83,chr6,4328
gene_3379,CD84,chr1,9388
gene_3380,CD86,chr3,2922
gene_3381,CD8A,chr2,4197
gene_3382,CD8B,chr2,2245
gene_3383,CD93,chr20,6701
gene_3384,CD96,chr3,5308
gene_3385,CD97,chr19,3492
gene_3386,CD99L2,chrX,5266
gene_3387,CD99,chrX,2618
gene_3388,CD9,chr12,2619
gene_3389,CDADC1,chr13,4540
gene_3390,CDAN1,chr15,5088
gene_3391,CDA,chr1,1080
gene_3392,CDC123,chr10,2301
gene_3393,CDC14A,chr1,6628
gene_3394,CDC14B,chr9,5887
gene_3395,CDC14C,chr7,2893
gene_3396,CDC16,chr13,4207
gene_3397,CDC20B,chr5,4611
gene_3398,CDC20,chr1,1963
gene_3399,CDC23,chr5,3966
gene_3400,CDC25A,chr3,3805
gene_3401,CDC25B,chr20,4370
gene_3402,CDC25C,chr5,3283
gene_3403,CDC26,chr9,870
gene_3404,CDC27,chr17,5893
gene_3405,CDC34,chr19,1445
gene_3406,CDC37L1,chr9,1698
gene_3407,CDC37,chr19,1671
gene_3408,CDC40,chr6,3889
gene_3409,CDC42BPA,chr1,11910
gene_3410,CDC42BPB,chr14,6701
gene_3411,CDC42BPG,chr11,4939
gene_3412,CDC42EP1,chr22,2162
gene_3413,CDC42EP2,chr11,2023
gene_3414,CDC42EP3,chr2,6152
gene_3415,CDC42EP4,chr17,5914
gene_3416,CDC42EP5,chr19,875
gene_3417,CDC42SE1,chr1,3183
gene_3418,CDC42SE2,chr5,7681
gene_3419,CDC42,chr1,3532
gene_3420,CDC45,chr22,2532
gene_3421,CDC5L,chr6,6432
gene_3422,CDC6,chr17,3053
gene_3423,CDC73,chr1,5939
gene_3424,CDC7,chr1,3559
gene_3425,CDCA2,chr8,4298
gene_3426,CDCA3,chr12,3275
gene_3427,CDCA4,chr14,4290
gene_3428,CDCA5,chr11,2576
gene_3429,CDCA7L,chr7,3097
gene_3430,CDCA7,chr2,2915
gene_3431,CDCA8,chr1,2953
gene_3432,CDCP1,chr3,6610
gene_3433,CDCP2,chr1,1959
gene_3434,CDH10,chr5,3436
gene_3435,CDH11,chr16,4183
gene_3436,CDH12,chr5,5004
gene_3437,CDH13,chr16,4329
gene_3438,CDH15,chr16,3879
gene_3439,CDH16,chr16,3461
gene_3440,CDH17,chr8,3804
gene_3441,CDH18,chr5,4248
gene_3442,CDH19,chr18,6838
gene_3443,CDH1,chr16,4815
gene_3444,CDH20,chr18,3068
gene_3445,CDH22,chr20,5181
gene_3446,CDH23,chr10,15582
gene_3447,CDH24,chr14,3809
gene_3448,CDH26,chr20,4276
gene_3449,CDH2,chr18,4473
gene_3450,CDH3,chr16,4276
gene_3451,CDH4,chr20,7421
gene_3452,CDH5,chr16,5222
gene_3453,CDH6,chr5,11868
gene_3454,CDH7,chr18,4418
gene_3455,CDH8,chr16,5990
gene_3456,CDH9,chr5,4298
gene_3457,CDHR1,chr10,6443
gene_3458,CDHR2,chr5,4475
gene_3459,CDHR3,chr7,7482
gene_3460,CDHR4,chr3,3883
gene_3461,CDHR5,chr11,4839
gene_3462,CDIPT,chr16,2873
gene_3463,CDK10,chr16,4938
gene_3464,CDK11A,chr1,4538
gene_3465,CDK11B,chr1,4126
gene_3466,CDK12,chr17,13089
gene_3467,CDK13,chr7,11106
gene_3468,CDK14,chr7,5897
gene_3469,CDK15,chr2,6343
gene_3470,CDK16,chrX,4786
gene_3471,CDK17,chr12,6810
gene_3472,CDK18,chr1,7174
gene_3473,CDK19,chr6,6393
gene_3474,CDK1,chr10,5247
gene_3475,CDK20,chr9,4064
gene_3476,CDK2AP1,chr12,2156
gene_3477,CDK2AP2,chr11,2406
gene_3478,CDK2,chr12,2293
gene_3479,CDK3,chr17,1570
gene_3480,CDK4,chr12,2064
gene_3481,CDK5R1,chr17,3854
gene_3482,CDK5R2,chr2,2528
gene_3483,CDK5RAP1,chr20,4923
gene_3484,CDK5RAP2,chr9,9276
gene_3485,CDK5RAP3,chr17,3853
gene_3486,CDK5,chr7,1262
gene_3487,CDK6,chr7,11762
gene_3488,CDK7,chr5,2326
gene_3489,CDK8,chr13,1925
gene_3490,CDK9,chr9,2472
gene_3491,CDKAL1,chr6,5129
gene_3492,CDKL1,chr14,3463
gene_3493,CDKL2,chr4,4946
gene_3494,CDKL3,chr5,3999
gene_3495,CDKL4,chr2,1915
gene_3496,CDKL5,chrX,3905
gene_3497,CDKN1A,chr6,2609
gene_3498,CDKN1B,chr12,2413
gene_3499,CDKN1C,chr11,3552
gene_3500,CDKN2AIPNL,chr5,1254
gene_3501,CDKN2AIP,chr4,2474
gene_3502,CDKN2A,chr9,2228
gene_3503,CDKN2BAS,chr9,4208
gene_3504,CDKN2B,chr9,4500
gene_3505,CDKN2C,chr1,3377
gene_3506,CDKN2D,chr19,1588
gene_3507,CDKN3,chr14,910
gene_3508,CDNF,chr10,1770
gene_3509,CDO1,chr5,1614
gene_3510,CDON,chr11,10144
gene_3511,CDR1,chrX,1299
gene_3512,CDR2L,chr17,3533
gene_3513,CDR2,chr16,2702
gene_3514,CDRT15P,chr17,1101
gene_3515,CDRT15,chr17,567
gene_3516,CDRT1,chr17,2842
gene_3517,CDRT4,chr17,2495
gene_3518,CDS1,chr4,4538
gene_3519,CDS2,chr20,11761
gene_3520,CDSN,chr6,2583
gene_3521,CDT1,chr16,2675
gene_3522,CDV3,chr3,9825
gene_3523,CDX1,chr5,1772
gene_3524,CDX2,chr13,2351
gene_3525,CDX4,chrX,855
gene_3526,CDY1B,,
gene_3527,CDY1,chrY,9174
gene_3528,CDY2B,,
gene_3529,CDYL2,chr16,2235
gene_3530,CDYL,chr6,4124
gene_3531,CEACAM16,chr19,1692
gene_3532,CEACAM18,chr19,1197
gene_3533,CEACAM19,chr19,3167
gene_3534,CEACAM1,chr19,6024
gene_3535,CEACAM20,chr19,1809
gene_3536,CEACAM21,chr19,2222
gene_3537,CEACAM22P,chr19,3016
gene_3538,CEACAM3,chr19,1995
gene_3539,CEACAM4,chr19,1419
gene_3540,CEACAM5,chr19,4776
gene_3541,CEACAM6,chr19,2631
gene_3542,CEACAM7,chr19,2787
gene_3543,CEACAM8,chr19,2303
gene_3544,CEBPA,chr19,2591
gene_3545,CEBPB,chr20,2108
gene_3546,CEBPD,chr8,1251
gene_3547,CEBPE,chr14,1547
gene_3548,CEBPG,chr19,3860
gene_3549,CEBPZ,chr2,3327
gene_3550,CECR1,chr22,6856
gene_3551,CECR2,chr22,8162
gene_3552,CECR4,chr22,789
gene_3553,CECR5,chr22,1880
gene_3554,CECR6,chr22,8986
gene_3555,CECR7,chr22,2726
gene_3556,CELA1,chr12,952
gene_3557,CELA2A,chr1,920
gene_3558,CELA2B,chr1,923
gene_3559,CELA3A,chr1,907
gene_3560,CELA3B,chr1,2088
gene_3561,CELF1,chr11,18522
gene_3562,CELF2,chr10,13939
gene_3563,CELF3,chr1,7414
gene_3564,CELF4,chr18,7372
gene_3565,CELF5,chr19,7951
gene_3566,CELF6,chr15,7134
gene_3567,CELP,chr9,985
gene_3568,CELSR1,chr22,12824
gene_3569,CELSR2,chr1,10540
gene_3570,CELSR3,chr3,19083
gene_3571,CEL,chr9,2386
gene_3572,CEMP1,chr16,1374
gene_3573,CEND1,chr11,1646
gene_3574,CENPA,chr2,1649
gene_3575,CENPBD1,chr16,3058
gene_3576,CENPB,chr20,2840
gene_3577,CENPC1,chr4,4820
gene_3578,CENPE,chr4,8714
gene_3579,CENPF,chr1,10296
gene_3580,CENPH,chr5,1389
gene_3581,CENPI,chrX,3344
gene_3582,CENPJ,chr13,5576
gene_3583,CENPK,chr5,1799
gene_3584,CENPL,chr1,2881
gene_3585,CENPM,chr22,2139
gene_3586,CENPN,chr16,5307
gene_3587,CENPO,chr2,4284
gene_3588,CENPP,chr9,3665
gene_3589,CENPQ,chr6,1728
gene_3590,CENPT,chr16,5264
gene_3591,CENPV,chr17,1164
gene_3592,CENPW,chr6,550
gene_3593,CEP110,chr9,9677
gene_3594,CEP120,chr5,4886
gene_3595,CEP135,chr4,8910
gene_3596,CEP152,chr15,6194
gene_3597,CEP164,chr11,11029
gene_3598,CEP170L,chr4,1070
gene_3599,CEP170,chr1,10423
gene_3600,CEP192,chr18,11941
gene_3601,CEP250,chr20,9244
gene_3602,CEP290,chr12,9777
gene_3603,CEP350,chr1,15597
gene_3604,CEP55,chr10,2808
gene_3605,CEP57,chr11,5199
gene_3606,CEP63,chr3,8367
gene_3607,CEP68,chr2,10019
gene_3608,CEP70,chr3,3614
gene_3609,CEP72,chr5,2414
gene_3610,CEP76,chr18,3906
gene_3611,CEP78,chr9,6729
gene_3612,CEP97,chr3,7696
gene_3613,CEPT1,chr1,4394
gene_3614,CER1,chr9,1205
gene_3615,CERCAM,chr9,6138
gene_3616,CERKL,chr2,4900
gene_3617,CERK,chr22,4445
gene_3618,CES1,chr16,2298
gene_3619,CES2,chr16,5534
gene_3620,CES3,chr16,4390
gene_3621,CES4,chr16,2247
gene_3622,CES7,chr16,3099
gene_3623,CES8,chr16,3207
gene_3624,CETN1,chr18,1156
gene_3625,CETN2,chrX,1080
gene_3626,CETN3,chr5,981
gene_3627,CETN4P,chr4,629
gene_3628,CETP,chr16,1717
gene_3629,CFB,chr6,5569
gene_3630,CFC1B,chr2,1160
gene_3631,CFDP1,chr16,1998
gene_3632,CFD,chr19,1159
gene_3633,CFHR1,chr1,1492
gene_3634,CFHR2,chr1,1036
gene_3635,CFHR3,chr1,2918
gene_3636,CFHR4,chr1,2564
gene_3637,CFHR5,chr1,2828
gene_3638,CFH,chr1,4495
gene_3639,CFI,chr4,3260
gene_3640,CFL1,chr11,1739
gene_3641,CFL2,chr14,3751
gene_3642,CFLAR,chr2,25906
gene_3643,CFLP1,chr10,2120
gene_3644,CFP,chrX,5100
gene_3645,CFTR,chr7,6333
gene_3646,CG030,chr13,4890
gene_3647,CGA,chr6,844
gene_3648,CGB1,chr19,732
gene_3649,CGB2,chr19,1091
gene_3650,CGB5,chr19,880
gene_3651,CGB7,chr19,1950
gene_3652,CGB8,chr19,2122
gene_3653,CGB,chr19,919
gene_3654,CGGBP1,chr3,4804
gene_3655,CGNL1,chr15,7339
gene_3656,CGN,chr1,5101
gene_3657,CGREF1,chr2,4417
gene_3658,CGRRF1,chr14,1438
gene_3659,CH25H,chr10,1378
gene_3660,CHAC1,chr15,2572
gene_3661,CHAC2,chr2,1275
gene_3662,CHADL,chr22,2671
gene_3663,CHAD,chr17,1852
gene_3664,CHAF1A,chr19,3343
gene_3665,CHAF1B,chr21,2279
gene_3666,CHAT,chr10,3020
gene_3667,CHCHD10,chr22,682
gene_3668,CHCHD1,chr10,1893
gene_3669,CHCHD2,chr7,815
gene_3670,CHCHD3,chr7,2412
gene_3671,CHCHD4,chr3,1604
gene_3672,CHCHD5,chr2,3747
gene_3673,CHCHD6,chr3,1625
gene_3674,CHCHD7,chr8,1957
gene_3675,CHCHD8,chr11,816
gene_3676,CHD1L,chr1,3459
gene_3677,CHD1,chr5,6962
gene_3678,CHD2,chr15,14747
gene_3679,CHD3,chr17,9454
gene_3680,CHD4,chr12,7157
gene_3681,CHD5,chr1,10046
gene_3682,CHD6,chr20,15000
gene_3683,CHD7,chr8,13314
gene_3684,CHD8,chr14,8436
gene_3685,CHD9,chr16,13423
gene_3686,CHDH,chr3,3706
gene_3687,CHEK1,chr11,5240
gene_3688,CHEK2,chr22,2139
gene_3689,CHERP,chr19,5232
gene_3690,CHFR,chr12,3810
gene_3691,CHGA,chr14,2043
gene_3692,CHGB,chr20,4245
gene_3693,CHI3L1,chr1,3757
gene_3694,CHI3L2,chr1,1641
gene_3695,CHIA,chr1,1837
gene_3696,CHIC1,chrX,7043
gene_3697,CHIC2,chr4,1150
gene_3698,CHID1,chr11,4479
gene_3699,CHIT1,chr1,7172
gene_3700,CHKA,chr11,2717
gene_3701,CHKB-CPT1B,chr22,4825
gene_3702,CHKB,chr22,2814
gene_3703,CHL1,chr3,10502
gene_3704,CHML,chr1,7066
gene_3705,CHMP1A,chr16,3074
gene_3706,CHMP1B,chr18,3060
gene_3707,CHMP2A,chr19,1626
gene_3708,CHMP2B,chr3,2628
gene_3709,CHMP4A,chr14,2451
gene_3710,CHMP4B,chr20,1647
gene_3711,CHMP4C,chr8,1845
gene_3712,CHMP5,chr9,2070
gene_3713,CHMP6,chr17,1664
gene_3714,CHMP7,chr8,4210
gene_3715,CHM,chrX,7993
gene_3716,CHN1,chr2,3623
gene_3717,CHN2,chr7,4809
gene_3718,CHODL,chr21,3083
gene_3719,CHORDC1,chr11,3385
gene_3720,CHP2,chr16,2366
gene_3721,CHPF2,chr7,4485
gene_3722,CHPF,chr2,3176
gene_3723,CHPT1,chr12,4947
gene_3724,CHP,chr15,3228
gene_3725,CHRAC1,chr8,2548
gene_3726,CHRDL1,chrX,4767
gene_3727,CHRDL2,chr11,2493
gene_3728,CHRD,chr3,4891
gene_3729,CHRFAM7A,chr15,3032
gene_3730,CHRM1,chr11,2823
gene_3731,CHRM2,chr7,5323
gene_3732,CHRM3,chr1,4457
gene_3733,CHRM4,chr11,1468
gene_3734,CHRM5,chr15,3278
gene_3735,CHRNA10,chr11,2294
gene_3736,CHRNA1,chr2,3033
gene_3737,CHRNA2,chr8,5125
gene_3738,CHRNA3,chr15,3748
gene_3739,CHRNA4,chr20,7714
gene_3740,CHRNA5,chr15,3623
gene_3741,CHRNA6,chr8,2383
gene_3742,CHRNA7,chr15,4024
gene_3743,CHRNA9,chr4,2276
gene_3744,CHRNB1,chr17,4158
gene_3745,CHRNB2,chr1,5718
gene_3746,CHRNB3,chr8,1953
gene_3747,CHRNB4,chr15,3741
gene_3748,CHRND,chr2,3041
gene_3749,CHRNE,chr17,2460
gene_3750,CHRNG,chr2,2771
gene_3751,CHST10,chr2,2854
gene_3752,CHST11,chr12,6369
gene_3753,CHST12,chr7,2319
gene_3754,CHST13,chr3,1784
gene_3755,CHST14,chr15,2198
gene_3756,CHST15,chr10,6681
gene_3757,CHST1,chr11,3940
gene_3758,CHST2,chr3,4137
gene_3759,CHST3,chr10,6973
gene_3760,CHST4,chr16,2369
gene_3761,CHST5,chr16,5347
gene_3762,CHST6,chr16,10628
gene_3763,CHST7,chrX,2311
gene_3764,CHST8,chr19,2898
gene_3765,CHST9,chr18,2578
gene_3766,CHSY1,chr15,4619
gene_3767,CHSY3,chr5,3492
gene_3768,CHTF18,chr16,8115
gene_3769,CHTF8,chr16,3004
gene_3770,CHUK,chr10,3524
gene_3771,CHURC1,chr14,3684
gene_3772,CIAO1,chr2,4036
gene_3773,CIAPIN1,chr16,3154
gene_3774,CIB1,chr15,1546
gene_3775,CIB2,chr15,2222
gene_3776,CIB3,chr19,754
gene_3777,CIB4,chr2,745
gene_3778,CIC,chr19,5473
gene_3779,CIDEA,chr18,1913
gene_3780,CIDEB,chr14,2549
gene_3781,CIDECP,chr3,2090
gene_3782,CIDEC,chr3,1660
gene_3783,CIITA,chr16,7329
gene_3784,CILP2,chr19,4490
gene_3785,CILP,chr15,4468
gene_3786,CINP,chr14,2163
gene_3787,CIR1,chr2,1821
gene_3788,CIRBP,chr19,5074
gene_3789,CIRH1A,chr16,5567
gene_3790,CISD1,chr10,2246
gene_3791,CISD2,chr4,5891
gene_3792,CISD3,chr17,2636
gene_3793,CISH,chr3,2268
gene_3794,CITED1,chrX,1617
gene_3795,CITED2,chr6,2117
gene_3796,CITED4,chr1,1291
gene_3797,CIT,chr12,10386
gene_3798,CIZ1,chr9,4563
gene_3799,CKAP2L,chr2,4932
gene_3800,CKAP2,chr13,4556
gene_3801,CKAP4,chr12,3036
gene_3802,CKAP5,chr11,7104
gene_3803,CKB,chr14,1458
gene_3804,CKLF,chr16,1093
gene_3805,CKMT1A,chr15,3704
gene_3806,CKMT1B,chr15,5945
gene_3807,CKMT2,chr5,1704
gene_3808,CKM,chr19,1658
gene_3809,CKS1B,chr1,1087
gene_3810,CKS2,chr9,613
gene_3811,CLASP1,chr2,11533
gene_3812,CLASP2,chr3,9155
gene_3813,CLCA1,chr1,3357
gene_3814,CLCA2,chr1,4024
gene_3815,CLCA3P,chr1,3412
gene_3816,CLCA4,chr1,3208
gene_3817,CLCC1,chr1,5208
gene_3818,CLCF1,chr11,1973
gene_3819,CLCN1,chr7,3309
gene_3820,CLCN2,chr3,3930
gene_3821,CLCN3,chr4,6760
gene_3822,CLCN4,chrX,6788
gene_3823,CLCN5,chrX,11376
gene_3824,CLCN6,chr1,6816
gene_3825,CLCN7,chr16,5058
gene_3826,CLCNKA,chr1,3968
gene_3827,CLCNKB,chr1,3365
gene_3828,CLC,chr19,633
gene_3829,CLDN10,chr13,3331
gene_3830,CLDN11,chr3,3408
gene_3831,CLDN12,chr7,4267
gene_3832,CLDN14,chr21,2568
gene_3833,CLDN15,chr7,3503
gene_3834,CLDN16,chr3,3273
gene_3835,CLDN17,chr21,731
gene_3836,CLDN18,chr3,3632
gene_3837,CLDN19,chr1,5797
gene_3838,CLDN1,chr3,3452
gene_3839,CLDN20,chr6,1209
gene_3840,CLDN22,chr4,2708
gene_3841,CLDN23,chr8,1952
gene_3842,CLDN25,chr11,690
gene_3843,CLDN2,chrX,3438
gene_3844,CLDN3,chr7,1274
gene_3845,CLDN4,chr7,1823
gene_3846,CLDN5,chr22,4016
gene_3847,CLDN6,chr16,1370
gene_3848,CLDN7,chr17,2567
gene_3849,CLDN8,chr21,2146
gene_3850,CLDN9,chr16,2050
gene_3851,CLDND1,chr3,4242
gene_3852,CLDND2,chr19,974
gene_3853,CLEC10A,chr17,3045
gene_3854,CLEC11A,chr19,1407
gene_3855,CLEC12A,chr12,2266
gene_3856,CLEC12B,chr12,4090
gene_3857,CLEC14A,chr14,2371
gene_3858,CLEC16A,chr16,7565
gene_3859,CLEC17A,chr19,2321
gene_3860,CLEC18A,chr16,3399
gene_3861,CLEC18B,chr16,4243
gene_3862,CLEC18C,chr16,2564
gene_3863,CLEC1A,chr12,1779
gene_3864,CLEC1B,chr12,970
gene_3865,CLEC2A,chr12,1220
gene_3866,CLEC2B,chr12,2038
gene_3867,CLEC2D,chr12,6159
gene_3868,CLEC2L,chr7,1288
gene_3869,CLEC3A,chr16,1997
gene_3870,CLEC3B,chr3,852
gene_3871,CLEC4A,chr12,1281
gene_3872,CLEC4C,chr12,1519
gene_3873,CLEC4D,chr12,1934
gene_3874,CLEC4E,chr12,2158
gene_3875,CLEC4F,chr2,3039
gene_3876,CLEC4GP1,chr19,2483
gene_3877,CLEC4G,chr19,1448
gene_3878,CLEC4M,chr19,7618
gene_3879,CLEC5A,chr7,3718
gene_3880,CLEC6A,chr12,1613
gene_3881,CLEC7A,chr12,4125
gene_3882,CLEC9A,chr12,1673
gene_3883,CLECL1,chr12,1894
gene_3884,CLGN,chr4,2822
gene_3885,CLIC1,chr6,1251
gene_3886,CLIC2,chrX,2740
gene_3887,CLIC3,chr9,813
gene_3888,CLIC4,chr1,6538
gene_3889,CLIC5,chr6,8461
gene_3890,CLIC6,chr21,3854
gene_3891,CLINT1,chr5,6861
gene_3892,CLIP1,chr12,6934
gene_3893,CLIP2,chr7,5799
gene_3894,CLIP3,chr19,3852
gene_3895,CLIP4,chr2,5591
gene_3896,CLK1,chr2,4181
gene_3897,CLK2P,chr7,1812
gene_3898,CLK2,chr1,2398
gene_3899,CLK3,chr15,6518
gene_3900,CLK4,chr5,7327
gene_3901,CLLU1OS,chr12,686
gene_3902,CLLU1,chr12,6470
gene_3903,CLMN,chr14,12750
gene_3904,CLN3,chr16,4190
gene_3905,CLN5,chr13,2800
gene_3906,CLN6,chr15,4390
gene_3907,CLN8,chr8,7169
gene_3908,CLNK,chr4,2199
gene_3909,CLNS1A,chr11,1373
gene_3910,CLOCK,chr4,11235
gene_3911,CLP1,chr11,2901
gene_3912,CLPB,chr11,4031
gene_3913,CLPP,chr19,1151
gene_3914,CLPS,chr6,657
gene_3915,CLPTM1L,chr5,2228
gene_3916,CLPTM1,chr19,4195
gene_3917,CLPX,chr15,2818
gene_3918,CLRN1OS,chr3,2246
gene_3919,CLRN1,chr3,5190
gene_3920,CLRN2,chr4,823
gene_3921,CLRN3,chr10,1995
gene_3922,CLSPN,chr1,8484
gene_3923,CLSTN1,chr1,5461
gene_3924,CLSTN2,chr3,5425
gene_3925,CLSTN3,chr12,6046
gene_3926,CLTA,chr9,1691
gene_3927,CLTB,chr5,1767
gene_3928,CLTCL1,chr22,6981
gene_3929,CLTC,chr17,8985
gene_3930,CLUAP1,chr16,8318
gene_3931,CLUL1,chr18,2241
gene_3932,CLU,chr8,4186
gene_3933,CLVS1,chr8,5865
gene_3934,CLVS2,chr6,2010
gene_3935,CLYBL,chr13,6476
gene_3936,CMA1,chr14,784
gene_3937,CMAH,chr6,4314
gene_3938,CMAS,chr12,1794
gene_3939,CMBL,chr5,4047
gene_3940,CMC1,chr3,625
gene_3941,CMIP,chr16,4978
gene_3942,CMKLR1,chr12,5614
gene_3943,CMPK1,chr1,3508
gene_3944,CMPK2,chr2,4581
gene_3945,CMTM1,chr16,2463
gene_3946,CMTM2,chr16,1062
gene_3947,CMTM3,chr16,3095
gene_3948,CMTM4,chr16,10887
gene_3949,CMTM5,chr14,1440
gene_3950,CMTM6,chr3,3366
gene_3951,CMTM7,chr3,1351
gene_3952,CMTM8,chr3,1170
gene_3953,CMYA5,chr5,12892
gene_3954,CN5H6.4,chr22,1518
gene_3955,CNBD1,chr8,1459
gene_3956,CNBP,chr3,3965
gene_3957,CNDP1,chr18,2478
gene_3958,CNDP2,chr18,5616
gene_3959,CNFN,chr19,608
gene_3960,CNGA1,chr4,3240
gene_3961,CNGA2,chrX,3285
gene_3962,CNGA3,chr2,4102
gene_3963,CNGA4,chr11,5242
gene_3964,CNGB1,chr16,6369
gene_3965,CNGB3,chr8,4451
gene_3966,CNIH2,chr11,1784
gene_3967,CNIH3,chr1,2372
gene_3968,CNIH4,chr1,4290
gene_3969,CNIH,chr14,1423
gene_3970,CNKSR1,chr1,2962
gene_3971,CNKSR2,chrX,7089
gene_3972,CNKSR3,chr6,3228
gene_3973,CNN1,chr19,2127
gene_3974,CNN2,chr19,3016
gene_3975,CNN3,chr1,2215
gene_3976,CNNM1,chr10,6795
gene_3977,CNNM2,chr10,4472
gene_3978,CNNM3,chr2,4916
gene_3979,CNNM4,chr2,5663
gene_3980,CNOT10,chr3,3949
gene_3981,CNOT1,chr16,10679
gene_3982,CNOT2,chr12,6411
gene_3983,CNOT3,chr19,8136
gene_3984,CNOT4,chr7,5513
gene_3985,CNOT6L,chr4,9295
gene_3986,CNOT6,chr5,6688
gene_3987,CNOT7,chr8,5636
gene_3988,CNOT8,chr5,3247
gene_3989,CNO,chr4,1546
gene_3990,CNPY1,chr7,2234
gene_3991,CNPY2,chr12,1714
gene_3992,CNPY3,chr6,1892
gene_3993,CNPY4,chr7,1467
gene_3994,CNP,chr17,6194
gene_3995,CNR1,chr6,11641
gene_3996,CNR2,chr1,1775
gene_3997,CNRIP1,chr2,3175
gene_3998,CNST,chr1,6790
gene_3999,CNTD1,chr17,3409
gene_4000,CNTD2,chr19,2072
gene_4001,CNTFR,chr9,2111
gene_4002,CNTF,chr11,1893
gene_4003,CNTLN,chr9,11250
gene_4004,CNTN1,chr12,7308
gene_4005,CNTN2,chr1,10277
gene_4006,CNTN3,chr3,4997
gene_4007,CNTN4,chr3,7196
gene_4008,CNTN5,chr11,8571
gene_4009,CNTN6,chr3,4311
gene_4010,CNTNAP1,chr17,5595
gene_4011,CNTNAP2,chr7,10065
gene_4012,CNTNAP3,chr9,7817
gene_4013,CNTNAP4,chr16,6035
gene_4014,CNTNAP5,chr2,5427
gene_4015,CNTROB,chr17,4739
gene_4016,COASY,chr17,4817
gene_4017,COBLL1,chr2,14364
gene_4018,COBL,chr7,13837
gene_4019,COBRA1,chr9,2566
gene_4020,COCH,chr14,3271
gene_4021,COG1,chr17,4396
gene_4022,COG2,chr1,3481
gene_4023,COG3,chr13,5407
gene_4024,COG4,chr16,3964
gene_4025,COG5,chr7,7633
gene_4026,COG6,chr13,7005
gene_4027,COG7,chr16,2937
gene_4028,COG8,chr16,2495
gene_4029,COIL,chr17,2633
gene_4030,COL10A1,chr6,3290
gene_4031,COL11A1,chr1,7460
gene_4032,COL11A2,chr6,6927
gene_4033,COL12A1,chr6,12130
gene_4034,COL13A1,chr10,3145
gene_4035,COL14A1,chr8,7211
gene_4036,COL15A1,chr9,5422
gene_4037,COL16A1,chr1,6038
gene_4038,COL17A1,chr10,6242
gene_4039,COL18A1,chr21,6284
gene_4040,COL19A1,chr6,8797
gene_4041,COL1A1,chr17,6027
gene_4042,COL1A2,chr7,5543
gene_4043,COL20A1,chr20,4287
gene_4044,COL21A1,chr6,4956
gene_4045,COL22A1,chr8,6346
gene_4046,COL23A1,chr5,3172
gene_4047,COL24A1,chr1,10157
gene_4048,COL25A1,chr4,9874
gene_4049,COL27A1,chr9,6859
gene_4050,COL28A1,chr7,4493
gene_4051,COL29A1,chr3,9332
gene_4052,COL2A1,chr12,5646
gene_4053,COL3A1,chr2,5490
gene_4054,COL4A1,chr13,6532
gene_4055,COL4A2,chr13,6263
gene_4056,COL4A3BP,chr5,6246
gene_4057,COL4A3,chr2,8097
gene_4058,COL4A4,chr2,10341
gene_4059,COL4A5,chrX,8028
gene_4060,COL4A6,chrX,9357
gene_4061,COL5A1,chr9,8508
gene_4062,COL5A2,chr2,7002
gene_4063,COL5A3,chr19,6174
gene_4064,COL6A1,chr21,4415
gene_4065,COL6A2,chr21,4952
gene_4066,COL6A3,chr2,14922
gene_4067,COL6A4P2,chr3,9157
gene_4068,COL6A6,chr3,8609
gene_4069,COL7A1,chr3,9169
gene_4070,COL8A1,chr3,5901
gene_4071,COL8A2,chr1,4500
gene_4072,COL9A1,chr6,4131
gene_4073,COL9A2,chr1,3329
gene_4074,COL9A3,chr20,2599
gene_4075,COLEC10,chr8,1703
gene_4076,COLEC11,chr2,2396
gene_4077,COLEC12,chr18,3134
gene_4078,COLQ,chr3,4789
gene_4079,COMMD10,chr5,1424
gene_4080,COMMD1,chr2,713
gene_4081,COMMD2,chr3,3706
gene_4082,COMMD3,chr10,942
gene_4083,COMMD4,chr15,2226
gene_4084,COMMD5,chr8,4887
gene_4085,COMMD6,chr13,1914
gene_4086,COMMD7,chr20,3331
gene_4087,COMMD8,chr4,1411
gene_4088,COMMD9,chr11,3631
gene_4089,COMP,chr19,2931
gene_4090,COMTD1,chr10,975
gene_4091,COMT,chr22,3431
gene_4092,COPA,chr1,5805
gene_4093,COPB1,chr11,3807
gene_4094,COPB2,chr3,7141
gene_4095,COPE,chr19,1134
gene_4096,COPG2,chr7,1733
gene_4097,COPG,chr3,3407
gene_4098,COPS2,chr15,4198
gene_4099,COPS3,chr17,2298
gene_4100,COPS4,chr4,1748
gene_4101,COPS5,chr8,5045
gene_4102,COPS6,chr7,2049
gene_4103,COPS7A,chr12,2750
gene_4104,COPS7B,chr2,4603
gene_4105,COPS8,chr2,2858
gene_4106,COPZ1,chr12,2129
gene_4107,COPZ2,chr17,901
gene_4108,COQ10A,chr12,2064
gene_4109,COQ10B,chr2,2053
gene_4110,COQ2,chr4,2216
gene_4111,COQ3,chr6,1265
gene_4112,COQ4,chr9,2422
gene_4113,COQ5,chr12,1509
gene_4114,COQ6,chr14,3188
gene_4115,COQ7,chr16,3643
gene_4116,COQ9,chr16,4661
gene_4117,CORIN,chr4,10070
gene_4118,CORO1A,chr16,4577
gene_4119,CORO1B,chr11,3272
gene_4120,CORO1C,chr12,4471
gene_4121,CORO2A,chr9,8079
gene_4122,CORO2B,chr15,5276
gene_4123,CORO6,chr17,5993
gene_4124,CORO7,chr16,4215
gene_4125,CORT,chr1,1231
gene_4126,COTL1,chr16,1825
gene_4127,COX10,chr17,3002
gene_4128,COX11,chr17,3648
gene_4129,COX15,chr10,12525
gene_4130,COX16,chr14,1717
gene_4131,COX17,chr3,423
gene_4132,COX18,chr4,4753
gene_4133,COX19,chr7,4891
gene_4134,COX4I1,chr16,2889
gene_4135,COX4I2,chr20,684
gene_4136,COX4NB,chr16,1963
gene_4137,COX5A,chr15,769
gene_4138,COX5B,chr2,505
gene_4139,COX6A1,chr12,572
gene_4140,COX6A2,chr16,440
gene_4141,COX6B1,chr19,590
gene_4142,COX6B2,chr19,3013
gene_4143,COX6C,chr8,921
gene_4144,COX7A1,chr19,762
gene_4145,COX7A2L,chr2,1889
gene_4146,COX7A2,chr6,844
gene_4147,COX7B2,chr4,642
gene_4148,COX7B,chrX,456
gene_4149,COX7C,chr5,407
gene_4150,COX8A,chr11,507
gene_4151,COX8C,chr14,531
gene_4152,CP110,chr16,7977
gene_4153,CPA1,chr7,2056
gene_4154,CPA2,chr7,1734
gene_4155,CPA3,chr3,1684
gene_4156,CPA4,chr7,2817
gene_4157,CPA5,chr7,3323
gene_4158,CPA6,chr8,2481
gene_4159,CPAMD8,chr19,7468
gene_4160,CPB1,chr3,1460
gene_4161,CPB2,chr13,1766
gene_4162,CPD,chr17,9466
gene_4163,CPEB1,chr15,7482
gene_4164,CPEB2,chr4,7169
gene_4165,CPEB3,chr10,6243
gene_4166,CPEB4,chr5,11808
gene_4167,CPE,chr4,2428
gene_4168,CPLX1,chr4,2253
gene_4169,CPLX2,chr5,4934
gene_4170,CPLX3,chr15,3146
gene_4171,CPLX4,chr18,1964
gene_4172,CPM,chr12,6766
gene_4173,CPN1,chr10,1756
gene_4174,CPN2,chr3,3028
gene_4175,CPNE1,chr20,3870
gene_4176,CPNE2,chr16,4854
gene_4177,CPNE3,chr8,5329
gene_4178,CPNE4,chr3,4963
gene_4179,CPNE5,chr6,3559
gene_4180,CPNE6,chr14,3230
gene_4181,CPNE7,chr16,2657
gene_4182,CPNE8,chr12,4031
gene_4183,CPNE9,chr3,2049
gene_4184,CPOX,chr3,2933
gene_4185,CPO,chr2,1209
gene_4186,CPPED1,chr16,6143
gene_4187,CPS1,chr2,6306
gene_4188,CPSF1,chr8,5996
gene_4189,CPSF2,chr14,5072
gene_4190,CPSF3L,chr1,8660
gene_4191,CPSF3,chr2,3462
gene_4192,CPSF4L,chr17,647
gene_4193,CPSF4,chr7,2191
gene_4194,CPSF6,chr12,6920
gene_4195,CPSF7,chr11,4651
gene_4196,CPT1A,chr11,5485
gene_4197,CPT1B,chr22,3763
gene_4198,CPT1C,chr19,5742
gene_4199,CPT2,chr1,3094
gene_4200,CPVL,chr7,2525
gene_4201,CPXCR1,chrX,1736
gene_4202,CPXM1,chr20,2476
gene_4203,CPXM2,chr10,4849
gene_4204,CPZ,chr4,4330
gene_4205,CP,chr3,6950
gene_4206,CR1L,chr1,2173
gene_4207,CR1,chr1,12097
gene_4208,CR2,chr1,4170
gene_4209,CRABP1,chr15,772
gene_4210,CRABP2,chr1,1334
gene_4211,CRADD,chr12,2103
gene_4212,CRAMP1L,chr16,11268
gene_4213,CRAT,chr9,3006
gene_4214,CRB1,chr1,14158
gene_4215,CRB2,chr9,6607
gene_4216,CRB3,chr19,1956
gene_4217,CRBN,chr3,2695
gene_4218,CRCP,chr7,3020
gene_4219,CRCT1,chr1,695
gene_4220,CREB1,chr2,10487
gene_4221,CREB3L1,chr11,3432
gene_4222,CREB3L2,chr7,8724
gene_4223,CREB3L3,chr19,3048
gene_4224,CREB3L4,chr1,3851
gene_4225,CREB3,chr9,2493
gene_4226,CREB5,chr7,9759
gene_4227,CREBBP,chr16,10196
gene_4228,CREBL2,chr12,3900
gene_4229,CREBZF,chr11,12193
gene_4230,CREG1,chr1,2025
gene_4231,CREG2,chr2,3488
gene_4232,CRELD1,chr3,3163
gene_4233,CRELD2,chr22,3512
gene_4234,CREM,chr10,7756
gene_4235,CRHBP,chr5,2120
gene_4236,CRHR1,chr17,3304
gene_4237,CRHR2,chr7,4189
gene_4238,CRH,chr8,1434
gene_4239,CRIM1,chr2,5611
gene_4240,CRIP1,chr14,478
gene_4241,CRIP2,chr14,3606
gene_4242,CRIP3,chr6,1115
gene_4243,CRIPAK,chr4,4443
gene_4244,CRIPT,chr2,1918
gene_4245,CRISP1,chr6,1967
gene_4246,CRISP2,chr6,1857
gene_4247,CRISP3,chr6,2320
gene_4248,CRISPLD1,chr8,4573
gene_4249,CRISPLD2,chr16,7840
gene_4250,CRKL,chr22,5325
gene_4251,CRK,chr17,3591
gene_4252,CRLF1,chr19,1804
gene_4253,CRLF2,chrX,2390
gene_4254,CRLF3,chr17,2941
gene_4255,CRLS1,chr20,4112
gene_4256,CRMP1,chr4,4074
gene_4257,CRNKL1,chr20,4837
gene_4258,CRNN,chr1,1913
gene_4259,CROCCL1,chr1,5587
gene_4260,CROCCL2,chr1,5475
gene_4261,CROCC,chr1,10051
gene_4262,CROT,chr7,4224
gene_4263,CRP,chr1,2529
gene_4264,CRTAC1,chr10,3066
gene_4265,CRTAM,chr11,2585
gene_4266,CRTAP,chr3,7086
gene_4267,CRTC1,chr19,6992
gene_4268,CRTC2,chr1,2825
gene_4269,CRTC3,chr15,9748
gene_4270,CRX,chr19,4466
gene_4271,CRY1,chr12,3294
gene_4272,CRY2,chr11,4594
gene_4273,CRYAA,chr21,1114
gene_4274,CRYAB,chr11,1379
gene_4275,CRYBA1,chr17,790
gene_4276,CRYBA2,chr2,1081
gene_4277,CRYBA4,chr22,811
gene_4278,CRYBB1,chr22,921
gene_4279,CRYBB2,chr22,763
gene_4280,CRYBB3,chr22,863
gene_4281,CRYBG3,chr3,10752
gene_4282,CRYGA,chr2,606
gene_4283,CRYGB,chr2,626
gene_4284,CRYGC,chr2,629
gene_4285,CRYGD,chr2,733
gene_4286,CRYGN,chr7,1705
gene_4287,CRYGS,chr3,1203
gene_4288,CRYL1,chr13,2823
gene_4289,CRYM,chr16,1881
gene_4290,CRYZL1,chr21,3002
gene_4291,CRYZ,chr1,2303
gene_4292,CSAD,chr12,5846
gene_4293,CSAG1,chrX,1986
gene_4294,CSAG2,chrX,2526
gene_4295,CSAG3,chrX,2284
gene_4296,CSDAP1,chr16,1758
gene_4297,CSDA,chr12,1974
gene_4298,CSDC2,chr22,2530
gene_4299,CSDE1,chr1,4610
gene_4300,CSE1L,chr20,3914
gene_4301,CSF1R,chr5,4798
gene_4302,CSF1,chr1,5592
gene_4303,CSF2RA,chrX,4724
gene_4304,CSF2RB,chr22,5022
gene_4305,CSF2,chr5,785
gene_4306,CSF3R,chr1,4640
gene_4307,CSF3,chr17,2232
gene_4308,CSGALNACT1,chr8,4909
gene_4309,CSGALNACT2,chr10,3887
gene_4310,CSH1,chr17,918
gene_4311,CSH2,chr17,1613
gene_4312,CSHL1,chr17,2017
gene_4313,CSK,chr15,4012
gene_4314,CSMD1,chr8,14585
gene_4315,CSMD2,chr1,15183
gene_4316,CSMD3,chr8,20275
gene_4317,CSN1S1,chr4,1020
gene_4318,CSN1S2A,chr4,777
gene_4319,CSN2,chr4,1109
gene_4320,CSN3,chr4,808
gene_4321,CSNK1A1L,chr13,2405
gene_4322,CSNK1A1P,chr15,2261
gene_4323,CSNK1A1,chr5,3171
gene_4324,CSNK1D,chr17,6796
gene_4325,CSNK1E,chr22,3345
gene_4326,CSNK1G1,chr15,9959
gene_4327,CSNK1G2,chr19,3910
gene_4328,CSNK1G3,chr5,4884
gene_4329,CSNK2A1P,chr11,1416
gene_4330,CSNK2A1,chr20,2836
gene_4331,CSNK2A2,chr16,5932
gene_4332,CSNK2B,chr6,3761
gene_4333,CSPG4PY2,,
gene_4334,CSPG4,chr15,8290
gene_4335,CSPG5,chr3,3967
gene_4336,CSPP1,chr8,6950
gene_4337,CSRNP1,chr3,3254
gene_4338,CSRNP2,chr12,5018
gene_4339,CSRNP3,chr2,12040
gene_4340,CSRP1,chr1,6020
gene_4341,CSRP2BP,chr20,4384
gene_4342,CSRP2,chr12,901
gene_4343,CSRP3,chr11,1464
gene_4344,CST11,chr20,553
gene_4345,CST1,chr20,760
gene_4346,CST2,chr20,694
gene_4347,CST3,chr20,2430
gene_4348,CST4,chr20,736
gene_4349,CST5,chr20,749
gene_4350,CST6,chr11,609
gene_4351,CST7,chr20,930
gene_4352,CST8,chr20,890
gene_4353,CST9L,chr20,958
gene_4354,CST9,chr20,1689
gene_4355,CSTA,chr3,827
gene_4356,CSTB,chr21,940
gene_4357,CSTF1,chr20,2656
gene_4358,CSTF2T,chr10,4110
gene_4359,CSTF2,chrX,2149
gene_4360,CSTF3,chr11,3711
gene_4361,CSTL1,chr20,907
gene_4362,CSTT,chr20,1516
gene_4363,CS,chr12,4037
gene_4364,CT45A1,chrX,1008
gene_4365,CT45A2,chrX,1112
gene_4366,CT45A3,chrX,1008
gene_4367,CT45A4,chrX,2016
gene_4368,CT45A5,chrX,1816
gene_4369,CT45A6,chrX,1008
gene_4370,CT47A10,chrX,2586
gene_4371,CT47A11,chrX,2586
gene_4372,CT47A1,chrX,2586
gene_4373,CT47A2,chrX,1293
gene_4374,CT47A6,chrX,2586
gene_4375,CT47A7,chrX,1293
gene_4376,CT47A9,chrX,1293
gene_4377,CT47B1,chrX,1329
gene_4378,CT62,chr15,1831
gene_4379,CTAG1B,chrX,1496
gene_4380,CTAG2,chrX,1424
gene_4381,CTAGE1,chr18,4315
gene_4382,CTAGE4,chr7,5252
gene_4383,CTAGE5,chr14,5688
gene_4384,CTAGE6,chr7,2662
gene_4385,CTAGE9,chr6,2577
gene_4386,CTBP1,chr4,6577
gene_4387,CTBP2,chr10,6110
gene_4388,CTBS,chr1,3607
gene_4389,CTCFL,chr20,14214
gene_4390,CTCF,chr16,5416
gene_4391,CTDP1,chr18,3841
gene_4392,CTDSP1,chr2,3000
gene_4393,CTDSP2,chr12,5402
gene_4394,CTDSPL2,chr15,5080
gene_4395,CTDSPL,chr3,4455
gene_4396,CTF1,chr16,1780
gene_4397,CTGF,chr6,2343
gene_4398,CTHRC1,chr8,2204
gene_4399,CTH,chr1,2198
gene_4400,CTLA4,chr2,2038
gene_4401,CTNNA1,chr5,4505
gene_4402,CTNNA2,chr2,5491
gene_4403,CTNNA3,chr10,5245
gene_4404,CTNNAL1,chr9,2746
gene_4405,CTNNB1,chr3,6903
gene_4406,CTNNBIP1,chr1,2995
gene_4407,CTNNBL1,chr20,4129
gene_4408,CTNND1,chr11,7422
gene_4409,CTNND2,chr5,5718
gene_4410,CTNS,chr17,7274
gene_4411,CTPS2,chrX,4856
gene_4412,CTPS,chr1,4194
gene_4413,CTR9,chr11,4309
gene_4414,CTRB1,chr16,872
gene_4415,CTRB2,chr16,890
gene_4416,CTRC,chr1,899
gene_4417,CTRL,chr16,1182
gene_4418,CTSA,chr20,2877
gene_4419,CTSB,chr8,8274
gene_4420,CTSC,chr11,13315
gene_4421,CTSD,chr11,2123
gene_4422,CTSE,chr1,2228
gene_4423,CTSF,chr11,2014
gene_4424,CTSG,chr14,924
gene_4425,CTSH,chr15,2450
gene_4426,CTSK,chr1,1861
gene_4427,CTSL1,chr9,2551
gene_4428,CTSL2,chr9,6599
gene_4429,CTSL3,chr9,657
gene_4430,CTSO,chr4,2933
gene_4431,CTSS,chr1,4107
gene_4432,CTSW,chr11,1296
gene_4433,CTSZ,chr20,1715
gene_4434,CTTNBP2NL,chr1,5900
gene_4435,CTTNBP2,chr7,5969
gene_4436,CTTN,chr11,5308
gene_4437,CTU1,chr19,2107
gene_4438,CTU2,chr16,2046
gene_4439,CTXN1,chr19,1263
gene_4440,CTXN2,chr15,2695
gene_4441,CTXN3,chr5,1860
gene_4442,CUBN,chr10,12066
gene_4443,CUEDC1,chr17,4025
gene_4444,CUEDC2,chr10,1285
gene_4445,CUL1,chr7,4487
gene_4446,CUL2,chr10,4950
gene_4447,CUL3,chr2,6927
gene_4448,CUL4A,chr13,4231
gene_4449,CUL4B,chrX,6321
gene_4450,CUL5,chr11,7732
gene_4451,CUL7,chr6,6923
gene_4452,CUL9,chr6,10323
gene_4453,CUTA,chr6,2702
gene_4454,CUTC,chr10,1823
gene_4455,CUX1,chr7,15770
gene_4456,CUX2,chr12,7152
gene_4457,CUZD1,chr10,2275
gene_4458,CWC15,chr11,2355
gene_4459,CWC22,chr2,4038
gene_4460,CWC25,chr17,3626
gene_4461,CWC27,chr5,4810
gene_4462,CWF19L1,chr10,2771
gene_4463,CWF19L2,chr11,3511
gene_4464,CWH43,chr4,2614
gene_4465,CX3CL1,chr16,3273
gene_4466,CX3CR1,chr3,3657
gene_4467,CXADRP2,chr15,2459
gene_4468,CXADRP3,chr18,1610
gene_4469,CXADR,chr21,6353
gene_4470,CXCL10,chr4,1216
gene_4471,CXCL11,chr4,1601
gene_4472,CXCL12,chr10,9207
gene_4473,CXCL13,chr4,1203
gene_4474,CXCL14,chr5,1973
gene_4475,CXCL16,chr17,2468
gene_4476,CXCL17,chr19,853
gene_4477,CXCL1,chr4,1316
gene_4478,CXCL2,chr4,1203
gene_4479,CXCL3,chr4,2498
gene_4480,CXCL5,chr4,2488
gene_4481,CXCL6,chr4,1659
gene_4482,CXCL9,chr4,2545
gene_4483,CXCR1,chr2,2486
gene_4484,CXCR2P1,chr2,2136
gene_4485,CXCR2,chr2,3043
gene_4486,CXCR3,chrX,3412
gene_4487,CXCR4,chr2,3778
gene_4488,CXCR5,chr11,5783
gene_4489,CXCR6,chr3,2087
gene_4490,CXCR7,chr2,2304
gene_4491,CXXC1,chr18,3920
gene_4492,CXXC4,chr4,5654
gene_4493,CXXC5,chr5,1524
gene_4494,CXorf1,chrX,2443
gene_4495,CXorf21,chrX,1927
gene_4496,CXorf22,chrX,3732
gene_4497,CXorf23,chrX,6607
gene_4498,CXorf26,chrX,1297
gene_4499,CXorf27,chrX,501
gene_4500,CXorf30,chrX,2909
gene_4501,CXorf36,chrX,6596
gene_4502,CXorf38,chrX,8015
gene_4503,CXorf40A,chrX,3917
gene_4504,CXorf40B,chrX,2793
gene_4505,CXorf41,chrX,1927
gene_4506,CXorf42,chrX,2420
gene_4507,CXorf48,chrX,2842
gene_4508,CXorf49B,chrX,3702
gene_4509,CXorf50B,chrX,2022
gene_4510,CXorf51,chrX,438
gene_4511,CXorf56,chrX,2611
gene_4512,CXorf57,chrX,4554
gene_4513,CXorf58,chrX,1695
gene_4514,CXorf59,chrX,1956
gene_4515,CXorf61,chrX,574
gene_4516,CXorf64,chrX,1227
gene_4517,CXorf65,chrX,950
gene_4518,CXorf66,chrX,1279
gene_4519,CYB561D1,chr1,9919
gene_4520,CYB561D2,chr3,1352
gene_4521,CYB561,chr17,4428
gene_4522,CYB5A,chr18,862
gene_4523,CYB5B,chr16,6393
gene_4524,CYB5D1,chr17,3746
gene_4525,CYB5D2,chr17,2291
gene_4526,CYB5R1,chr1,1866
gene_4527,CYB5R2,chr11,2358
gene_4528,CYB5R3,chr22,3682
gene_4529,CYB5R4,chr6,2247
gene_4530,CYB5RL,chr1,4048
gene_4531,CYBASC3,chr11,4028
gene_4532,CYBA,chr16,2369
gene_4533,CYBB,chrX,4318
gene_4534,CYBRD1,chr2,4402
gene_4535,CYC1,chr8,2201
gene_4536,CYCSP52,chr1,310
gene_4537,CYCS,chr7,5538
gene_4538,CYFIP1,chr15,7418
gene_4539,CYFIP2,chr5,7210
gene_4540,CYGB,chr17,2166
gene_4541,CYHR1,chr8,3399
gene_4542,CYLC1,chrX,2200
gene_4543,CYLC2,chr9,2171
gene_4544,CYLD,chr16,13156
gene_4545,CYMP,chr1,1958
gene_4546,CYP11A1,chr15,2948
gene_4547,CYP11B1,chr8,4532
gene_4548,CYP11B2,chr8,2936
gene_4549,CYP17A1,chr10,1870
gene_4550,CYP19A1,chr15,6395
gene_4551,CYP1A1,chr15,5195
gene_4552,CYP1A2,chr15,3127
gene_4553,CYP1B1,chr2,5153
gene_4554,CYP20A1,chr2,11189
gene_4555,CYP21A2,chr6,2568
gene_4556,CYP24A1,chr20,3643
gene_4557,CYP26A1,chr10,2479
gene_4558,CYP26B1,chr2,4983
gene_4559,CYP26C1,chr10,3345
gene_4560,CYP27A1,chr2,2293
gene_4561,CYP27B1,chr12,3914
gene_4562,CYP27C1,chr2,4775
gene_4563,CYP2A13,chr19,1760
gene_4564,CYP2A6,chr19,2534
gene_4565,CYP2A7,chr19,3734
gene_4566,CYP2B6,chr19,3270
gene_4567,CYP2B7P1,chr19,4032
gene_4568,CYP2C18,chr10,2545
gene_4569,CYP2C19,chr10,2433
gene_4570,CYP2C8,chr10,2810
gene_4571,CYP2C9,chr10,3071
gene_4572,CYP2D6,chr22,1752
gene_4573,CYP2D7P1,chr22,2593
gene_4574,CYP2E1,chr10,9093
gene_4575,CYP2F1,chr19,3631
gene_4576,CYP2J2,chr1,1857
gene_4577,CYP2R1,chr11,3781
gene_4578,CYP2S1,chr19,2621
gene_4579,CYP2U1,chr4,4950
gene_4580,CYP2W1,chr7,3668
gene_4581,CYP39A1,chr6,2387
gene_4582,CYP3A43,chr7,2745
gene_4583,CYP3A4,chr7,2997
gene_4584,CYP3A5,chr7,3411
gene_4585,CYP3A7,chr7,2078
gene_4586,CYP46A1,chr14,8938
gene_4587,CYP4A11,chr1,3992
gene_4588,CYP4A22,chr1,3259
gene_4589,CYP4B1,chr1,2932
gene_4590,CYP4F11,chr19,3629
gene_4591,CYP4F12,chr19,3235
gene_4592,CYP4F22,chr19,2609
gene_4593,CYP4F2,chr19,2634
gene_4594,CYP4F3,chr19,3978
gene_4595,CYP4F8,chr19,3665
gene_4596,CYP4V2,chr4,4868
gene_4597,CYP4X1,chr1,2880
gene_4598,CYP4Z1,chr1,1907
gene_4599,CYP4Z2P,chr1,1648
gene_4600,CYP51A1,chr7,3975
gene_4601,CYP7A1,chr8,2875
gene_4602,CYP7B1,chr8,2395
gene_4603,CYP8B1,chr3,3950
gene_4604,CYR61,chr1,2293
gene_4605,CYS1,chr2,2719
gene_4606,CYSLTR1,chrX,1597
gene_4607,CYSLTR2,chr13,3587
gene_4608,CYTH1,chr17,4191
gene_4609,CYTH2,chr19,5259
gene_4610,CYTH3,chr7,4812
gene_4611,CYTH4,chr22,5729
gene_4612,CYTIP,chr2,2549
gene_4613,CYTL1,chr4,1000
gene_4614,CYTSA,chr22,9883
gene_4615,CYTSB,chr17,7175
gene_4616,CYYR1,chr21,3954
gene_4617,CYorf15A,chrY,9582
gene_4618,CYorf15B,,
gene_4619,D2HGDH,chr2,5291
gene_4620,D4S234E,chr4,5705
gene_4621,DAAM1,chr14,8832
gene_4622,DAAM2,chr6,7911
gene_4623,DAB1,chr1,3851
gene_4624,DAB2IP,chr9,6736
gene_4625,DAB2,chr5,4601
gene_4626,DACH1,chr13,5239
gene_4627,DACH2,chrX,6843
gene_4628,DACT1,chr14,7357
gene_4629,DACT2,chr6,2942
gene_4630,DACT3,chr19,5499
gene_4631,DAD1L,,
gene_4632,DAD1,chr14,697
gene_4633,DAG1,chr3,7285
gene_4634,DAGLA,chr11,5758
gene_4635,DAGLB,chr7,5947
gene_4636,DAK,chr11,4450
gene_4637,DALRD3,chr3,2880
gene_4638,DAND5,chr19,1960
gene_4639,DAOA,chr13,2263
gene_4640,DAO,chr12,2598
gene_4641,DAP3,chr1,2298
gene_4642,DAPK1,chr9,10211
gene_4643,DAPK2,chr15,5637
gene_4644,DAPK3,chr19,3058
gene_4645,DAPL1,chr2,1594
gene_4646,DAPP1,chr4,3515
gene_4647,DAP,chr5,2342
gene_4648,DARC,chr1,3250
gene_4649,DARS2,chr1,3348
gene_4650,DARS,chr2,2322
gene_4651,DAXX,chr6,4810
gene_4652,DAZ1,chrY,4434
gene_4653,DAZ2,chrY,8311
gene_4654,DAZ3,chrY,10692
gene_4655,DAZ4,chrY,15109
gene_4656,DAZAP1,chr19,2301
gene_4657,DAZAP2,chr12,3322
gene_4658,DAZL,chr3,3399
gene_4659,DBC1,chr9,3732
gene_4660,DBF4B,chr17,7739
gene_4661,DBF4,chr7,4056
gene_4662,DBH,chr9,2760
gene_4663,DBI,chr2,1784
gene_4664,DBN1,chr5,3949
gene_4665,DBNDD1,chr16,2487
gene_4666,DBNDD2,chr20,2927
gene_4667,DBNL,chr7,2514
gene_4668,DBP,chr19,7511
gene_4669,DBR1,chr3,3351
gene_4670,DBT,chr1,11584
gene_4671,DBX1,chr11,1508
gene_4672,DBX2,chr12,2722
gene_4673,DCAF10,chr9,8008
gene_4674,DCAF11,chr14,5916
gene_4675,DCAF12L1,chrX,3390
gene_4676,DCAF12L2,chrX,2599
gene_4677,DCAF12,chr9,3671
gene_4678,DCAF13,chr8,2641
gene_4679,DCAF15,chr19,2405
gene_4680,DCAF16,chr4,4548
gene_4681,DCAF17,chr2,5882
gene_4682,DCAF4L1,chr4,4772
gene_4683,DCAF4L2,chr8,3326
gene_4684,DCAF4,chr14,4726
gene_4685,DCAF5,chr14,9119
gene_4686,DCAF6,chr1,4136
gene_4687,DCAF7,chr17,6907
gene_4688,DCAF8L1,chrX,3457
gene_4689,DCAF8L2,chrX,2013
gene_4690,DCAF8,chr1,6471
gene_4691,DCAKD,chr17,2737
gene_4692,DCBLD1,chr6,3915
gene_4693,DCBLD2,chr3,6549
gene_4694,DCC,chr18,11094
gene_4695,DCDC1,chr11,4636
gene_4696,DCDC2B,chr1,1349
gene_4697,DCDC2,chr6,5512
gene_4698,DCD,chr12,748
gene_4699,DCHS1,chr11,10750
gene_4700,DCHS2,chr4,12141
gene_4701,DCI,chr16,1122
gene_4702,DCK,chr4,3060
gene_4703,DCLK1,chr13,13692
gene_4704,DCLK2,chr4,4471
gene_4705,DCLK3,chr3,5344
gene_4706,DCLRE1A,chr10,5761
gene_4707,DCLRE1B,chr1,6437
gene_4708,DCLRE1C,chr10,6345
gene_4709,DCN,chr12,2509
gene_4710,DCP1A,chr3,6012
gene_4711,DCP1B,chr12,3343
gene_4712,DCP2,chr5,10876
gene_4713,DCPS,chr11,1479
gene_4714,DCST1,chr1,2520
gene_4715,DCST2,chr1,2487
gene_4716,DCTD,chr4,2209
gene_4717,DCTN1,chr2,6815
gene_4718,DCTN2,chr12,2275
gene_4719,DCTN3,chr9,984
gene_4720,DCTN4,chr5,4593
gene_4721,DCTN5,chr16,14554
gene_4722,DCTN6,chr8,1126
gene_4723,DCTPP1,chr16,1120
gene_4724,DCT,chr13,2397
gene_4725,DCUN1D1,chr3,3152
gene_4726,DCUN1D2,chr13,3181
gene_4727,DCUN1D3,chr16,2868
gene_4728,DCUN1D4,chr4,5325
gene_4729,DCUN1D5,chr11,13226
gene_4730,DCXR,chr17,921
gene_4731,DCX,chrX,9861
gene_4732,DDA1,chr19,4077
gene_4733,DDAH1,chr1,4688
gene_4734,DDAH2,chr6,2259
gene_4735,DDB1,chr11,5832
gene_4736,DDB2,chr11,3226
gene_4737,DDC,chr7,2487
gene_4738,DDHD1,chr14,17179
gene_4739,DDHD2,chr8,6881
gene_4740,DDI1,chr11,2615
gene_4741,DDI2,chr1,3625
gene_4742,DDIT3,chr12,2404
gene_4743,DDIT4L,chr4,2634
gene_4744,DDIT4,chr10,1752
gene_4745,DDN,chr12,3744
gene_4746,DDOST,chr1,2264
gene_4747,DDO,chr6,1709
gene_4748,DDR1,chr6,5563
gene_4749,DDR2,chr1,3244
gene_4750,DDRGK1,chr20,2116
gene_4751,DDTL,chr22,1635
gene_4752,DDT,chr22,856
gene_4753,DDX10,chr11,7562
gene_4754,DDX11L2,chr2,1661
gene_4755,DDX11,chr12,6605
gene_4756,DDX12,chr12,7530
gene_4757,DDX17,chr22,6316
gene_4758,DDX18,chr2,3765
gene_4759,DDX19A,chr16,3930
gene_4760,DDX19B,chr16,2426
gene_4761,DDX1,chr2,2741
gene_4762,DDX20,chr1,6004
gene_4763,DDX21,chr10,5021
gene_4764,DDX23,chr12,3267
gene_4765,DDX24,chr14,3545
gene_4766,DDX25,chr11,2104
gene_4767,DDX26B,chrX,3959
gene_4768,DDX27,chr20,2695
gene_4769,DDX28,chr16,2594
gene_4770,DDX31,chr9,4173
gene_4771,DDX39,chr19,1819
gene_4772,DDX3X,chrX,7629
gene_4773,DDX3Y,chrY,5362
gene_4774,DDX41,chr5,3610
gene_4775,DDX42,chr17,6333
gene_4776,DDX43,chr6,2696
gene_4777,DDX46,chr5,5797
gene_4778,DDX47,chr12,3802
gene_4779,DDX49,chr19,3398
gene_4780,DDX4,chr5,2962
gene_4781,DDX50,chr10,3502
gene_4782,DDX51,chr12,4717
gene_4783,DDX52,chr17,5465
gene_4784,DDX53,chrX,2129
gene_4785,DDX54,chr12,6318
gene_4786,DDX55,chr12,7976
gene_4787,DDX56,chr7,3120
gene_4788,DDX58,chr9,5425
gene_4789,DDX59,chr1,2586
gene_4790,DDX5,chr17,4313
gene_4791,DDX60L,chr4,9825
gene_4792,DDX60,chr4,10497
gene_4793,DDX6,chr11,6916
gene_4794,DEAF1,chr11,3004
gene_4795,DEC1,chr9,1465
gene_4796,DECR1,chr8,1891
gene_4797,DECR2,chr16,3524
gene_4798,DEDD2,chr19,2413
gene_4799,DEDD,chr1,2933
gene_4800,DEF6,chr6,2616
gene_4801,DEF8,chr16,5234
gene_4802,DEFA1B,chr8,498
gene_4803,DEFA4,chr8,542
gene_4804,DEFA5,chr8,449
gene_4805,DEFA6,chr8,468
gene_4806,DEFB103B,chr8,1024
gene_4807,DEFB104A,,
gene_4808,DEFB105A,chr8,474
gene_4809,DEFB106A,chr8,606
gene_4810,DEFB107A,chr8,389
gene_4811,DEFB108B,chr11,222
gene_4812,DEFB109P1B,chr8,528
gene_4813,DEFB109P1,chr8,189
gene_4814,DEFB110,chr6,518
gene_4815,DEFB112,chr6,342
gene_4816,DEFB113,chr6,249
gene_4817,DEFB114,chr6,210
gene_4818,DEFB115,chr20,267
gene_4819,DEFB116,chr20,309
gene_4820,DEFB118,chr20,1137
gene_4821,DEFB119,chr20,1293
gene_4822,DEFB121,chr20,630
gene_4823,DEFB122,chr20,496
gene_4824,DEFB123,chr20,378
gene_4825,DEFB124,chr20,216
gene_4826,DEFB125,chr20,709
gene_4827,DEFB126,chr20,413
gene_4828,DEFB127,chr20,514
gene_4829,DEFB128,chr20,282
gene_4830,DEFB129,chr20,698
gene_4831,DEFB130,chr8,480
gene_4832,DEFB131,chr4,213
gene_4833,DEFB132,chr20,2120
gene_4834,DEFB134,chr8,201
gene_4835,DEFB135,chr8,234
gene_4836,DEFB136,chr8,237
gene_4837,DEFB1,chr8,463
gene_4838,DEFB4A,chr8,336
gene_4839,DEGS1,chr1,2063
gene_4840,DEGS2,chr14,1405
gene_4841,DEK,chr6,3179
gene_4842,DEM1,chr1,3380
gene_4843,DENND1A,chr9,7230
gene_4844,DENND1B,chr1,12911
gene_4845,DENND1C,chr19,3865
gene_4846,DENND2A,chr7,5227
gene_4847,DENND2C,chr1,7278
gene_4848,DENND2D,chr1,3539
gene_4849,DENND3,chr8,14685
gene_4850,DENND4A,chr15,7959
gene_4851,DENND4B,chr1,5688
gene_4852,DENND4C,chr9,13740
gene_4853,DENND5A,chr11,6718
gene_4854,DENND5B,chr12,11421
gene_4855,DENR,chr12,3061
gene_4856,DEPDC1B,chr5,2570
gene_4857,DEPDC1,chr1,6495
gene_4858,DEPDC4,chr12,2322
gene_4859,DEPDC5,chr22,7281
gene_4860,DEPDC6,chr8,2631
gene_4861,DEPDC7,chr11,3827
gene_4862,DERA,chr12,2327
gene_4863,DERL1,chr8,8548
gene_4864,DERL2,chr17,1124
gene_4865,DERL3,chr22,6980
gene_4866,DES,chr2,2248
gene_4867,DET1,chr15,3461
gene_4868,DEXI,chr16,1501
gene_4869,DFFA,chr1,4702
gene_4870,DFFB,chr1,4437
gene_4871,DFNA5,chr7,2564
gene_4872,DFNB31,chr9,5364
gene_4873,DFNB59,chr2,1767
gene_4874,DGAT1,chr8,3705
gene_4875,DGAT2L6,chrX,1708
gene_4876,DGAT2,chr11,2454
gene_4877,DGCR10,chr22,927
gene_4878,DGCR11,chr22,2214
gene_4879,DGCR14,chr22,5385
gene_4880,DGCR2,chr22,5313
gene_4881,DGCR5,chr22,4126
gene_4882,DGCR6L,chr22,2171
gene_4883,DGCR6,chr22,1917
gene_4884,DGCR8,chr22,5110
gene_4885,DGCR9,chr22,2415
gene_4886,DGKA,chr12,6663
gene_4887,DGKB,chr7,7970
gene_4888,DGKD,chr2,8099
gene_4889,DGKE,chr17,11705
gene_4890,DGKG,chr3,6810
gene_4891,DGKH,chr13,6463
gene_4892,DGKI,chr7,4896
gene_4893,DGKK,chrX,3899
gene_4894,DGKQ,chr4,4643
gene_4895,DGKZ,chr11,8055
gene_4896,DGUOK,chr2,1144
gene_4897,DHCR24,chr1,4855
gene_4898,DHCR7,chr11,2784
gene_4899,DHDDS,chr1,5904
gene_4900,DHDH,chr19,1081
gene_4901,DHDPSL,chr10,4342
gene_4902,DHFRL1,chr3,4282
gene_4903,DHFR,chr5,3917
gene_4904,DHH,chr12,1934
gene_4905,DHODH,chr16,2427
gene_4906,DHPS,chr19,1750
gene_4907,DHRS11,chr17,1598
gene_4908,DHRS12,chr13,3221
gene_4909,DHRS13,chr17,2296
gene_4910,DHRS1,chr14,3761
gene_4911,DHRS2,chr14,3497
gene_4912,DHRS3,chr1,3160
gene_4913,DHRS4L1,chr14,2644
gene_4914,DHRS4L2,chr14,5483
gene_4915,DHRS4,chr14,2770
gene_4916,DHRS7B,chr17,2585
gene_4917,DHRS7C,chr17,1217
gene_4918,DHRS7,chr14,1535
gene_4919,DHRS9,chr2,3733
gene_4920,DHRSX,chrX,5138
gene_4921,DHTKD1,chr10,5217
gene_4922,DHX15,chr4,6451
gene_4923,DHX16,chr6,3787
gene_4924,DHX29,chr5,5169
gene_4925,DHX30,chr3,6451
gene_4926,DHX32,chr10,4739
gene_4927,DHX33,chr17,6043
gene_4928,DHX34,chr19,4411
gene_4929,DHX35,chr20,3535
gene_4930,DHX36,chr3,3625
gene_4931,DHX37,chr12,5902
gene_4932,DHX38,chr16,4788
gene_4933,DHX40P1,chr17,1129
gene_4934,DHX40,chr17,4088
gene_4935,DHX57,chr2,8581
gene_4936,DHX58,chr17,3797
gene_4937,DHX8,chr17,4501
gene_4938,DHX9,chr1,5556
gene_4939,DIABLO,chr12,2348
gene_4940,DIAPH1,chr5,5852
gene_4941,DIAPH2,chrX,5149
gene_4942,DIAPH3,chr13,5430
gene_4943,DICER1,chr14,13103
gene_4944,DIDO1,chr20,14447
gene_4945,DIMT1L,chr5,1736
gene_4946,DIO1,chr1,2387
gene_4947,DIO2,chr14,6991
gene_4948,DIO3OS,,
gene_4949,DIO3,chr14,2102
gene_4950,DIP2A,chr21,11758
gene_4951,DIP2B,chr12,10328
gene_4952,DIP2C,chr10,10755
gene_4953,DIRAS1,chr19,3398
gene_4954,DIRAS2,chr9,4107
gene_4955,DIRAS3,chr1,1652
gene_4956,DIRC1,chr2,1454
gene_4957,DIRC2,chr3,3432
gene_4958,DIRC3,chr2,4266
gene_4959,DIS3L2,chr2,6568
gene_4960,DIS3L,chr15,4626
gene_4961,DIS3,chr13,8240
gene_4962,DISC1,chr1,15885
gene_4963,DISC2,chr1,3892
gene_4964,DISP1,chr1,4924
gene_4965,DISP2,chr15,5032
gene_4966,DIXDC1,chr11,8216
gene_4967,DKC1,chrX,2666
gene_4968,DKFZP434H168,chr16,1909
gene_4969,DKFZP434K028,chr11,936
gene_4970,DKFZP434L187,chr15,6073
gene_4971,DKFZP586I1420,chr7,2745
gene_4972,DKFZP686I15217,chr6,1636
gene_4973,DKFZp434J0226,chr19,2922
gene_4974,DKFZp434L192,chr7,1062
gene_4975,DKFZp566F0947,chr19,529
gene_4976,DKFZp686A1627,,
gene_4977,DKFZp686O24166,chr11,6382
gene_4978,DKFZp761E198,chr11,6595
gene_4979,DKFZp779M0652,chr11,649
gene_4980,DKK1,chr10,1805
gene_4981,DKK2,chr4,4673
gene_4982,DKK3,chr11,3699
gene_4983,DKK4,chr8,818
gene_4984,DKKL1,chr19,1216
gene_4985,DLAT,chr11,4690
gene_4986,DLC1,chr8,9121
gene_4987,DLD,chr7,3873
gene_4988,DLEC1,chr3,7719
gene_4989,DLEU1,chr13,2323
gene_4990,DLEU2L,chr1,1657
gene_4991,DLEU2,chr13,4933
gene_4992,DLEU7,chr13,1791
gene_4993,DLG1,chr3,7697
gene_4994,DLG2,chr11,12433
gene_4995,DLG3,chrX,6782
gene_4996,DLG4,chr17,5380
gene_4997,DLG5,chr10,8342
gene_4998,DLGAP1,chr18,9342
gene_4999,DLGAP2,chr8,10132
gene_5000,DLGAP3,chr1,3587
gene_5001,DLGAP4,chr20,8568
gene_5002,DLGAP5,chr14,3084
gene_5003,DLK1,chr14,2350
gene_5004,DLK2,chr6,1610
gene_5005,DLL1,chr6,6004
gene_5006,DLL3,chr19,3123
gene_5007,DLL4,chr15,3420
gene_5008,DLST,chr14,3851
gene_5009,DLX1,chr2,2867
gene_5010,DLX2,chr2,2806
gene_5011,DLX3,chr17,2602
gene_5012,DLX4,chr17,2514
gene_5013,DLX5,chr7,1871
gene_5014,DLX6AS,chr7,3005
gene_5015,DLX6,chr7,1875
gene_5016,DMAP1,chr1,3869
gene_5017,DMBT1,chr10,8221
gene_5018,DMBX1,chr1,3063
gene_5019,DMC1,chr22,3222
gene_5020,DMD,chrX,17944
gene_5021,DMGDH,chr5,4088
gene_5022,DMKN,chr19,3426
gene_5023,DMP1,chr4,2686
gene_5024,DMPK,chr19,5030
gene_5025,DMRT1,chr9,3296
gene_5026,DMRT2,chr9,5342
gene_5027,DMRT3,chr9,2180
gene_5028,DMRTA1,chr9,2302
gene_5029,DMRTA2,chr1,3738
gene_5030,DMRTB1,chr1,1907
gene_5031,DMRTC1B,,
gene_5032,DMRTC1,chrX,2486
gene_5033,DMRTC2,chr19,4489
gene_5034,DMTF1,chr7,6790
gene_5035,DMWD,chr19,4085
gene_5036,DMXL1,chr5,14059
gene_5037,DMXL2,chr15,12554
gene_5038,DNA2,chr10,4645
gene_5039,DNAH10,chr12,15855
gene_5040,DNAH11,chr7,14134
gene_5041,DNAH12,chr3,10077
gene_5042,DNAH14,chr1,17846
gene_5043,DNAH17,chr17,14858
gene_5044,DNAH1,chr3,14362
gene_5045,DNAH2,chr17,14796
gene_5046,DNAH3,chr16,13707
gene_5047,DNAH5,chr5,16536
gene_5048,DNAH6,chr2,14350
gene_5049,DNAH7,chr2,12422
gene_5050,DNAH8,chr6,15223
gene_5051,DNAH9,chr17,15759
gene_5052,DNAI1,chr9,3468
gene_5053,DNAI2,chr17,2918
gene_5054,DNAJA1,chr9,1832
gene_5055,DNAJA2,chr16,3048
gene_5056,DNAJA3,chr16,2832
gene_5057,DNAJA4,chr15,6142
gene_5058,DNAJB11,chr3,2204
gene_5059,DNAJB12,chr10,6398
gene_5060,DNAJB13,chr11,1875
gene_5061,DNAJB14,chr4,12822
gene_5062,DNAJB1,chr19,2346
gene_5063,DNAJB2,chr2,5197
gene_5064,DNAJB3,chr2,1266
gene_5065,DNAJB4,chr1,2281
gene_5066,DNAJB5,chr9,3134
gene_5067,DNAJB6,chr7,7687
gene_5068,DNAJB7,chr22,2577
gene_5069,DNAJB8,chr3,2475
gene_5070,DNAJB9,chr7,2538
gene_5071,DNAJC10,chr2,6941
gene_5072,DNAJC11,chr1,3293
gene_5073,DNAJC12,chr10,1668
gene_5074,DNAJC13,chr3,8805
gene_5075,DNAJC14,chr12,5018
gene_5076,DNAJC15,chr13,2776
gene_5077,DNAJC16,chr1,8642
gene_5078,DNAJC17,chr15,1592
gene_5079,DNAJC18,chr5,5102
gene_5080,DNAJC19,chr3,1665
gene_5081,DNAJC1,chr10,2091
gene_5082,DNAJC21,chr5,8590
gene_5083,DNAJC22,chr12,2289
gene_5084,DNAJC24,chr11,5594
gene_5085,DNAJC25-GNG10,chr9,1499
gene_5086,DNAJC25,chr9,2506
gene_5087,DNAJC27,chr2,5194
gene_5088,DNAJC28,chr21,2027
gene_5089,DNAJC2,chr7,5243
gene_5090,DNAJC30,chr7,2534
gene_5091,DNAJC3,chr13,8567
gene_5092,DNAJC4,chr11,3178
gene_5093,DNAJC5B,chr8,2924
gene_5094,DNAJC5G,chr2,2317
gene_5095,DNAJC5,chr20,6246
gene_5096,DNAJC6,chr1,6505
gene_5097,DNAJC7,chr17,2423
gene_5098,DNAJC8,chr1,1886
gene_5099,DNAJC9,chr10,3527
gene_5100,DNAL1,chr14,8570
gene_5101,DNAL4,chr22,1487
gene_5102,DNALI1,chr1,2649
gene_5103,DNASE1L1,chrX,3794
gene_5104,DNASE1L2,chr16,2235
gene_5105,DNASE1L3,chr3,2383
gene_5106,DNASE1,chr16,3098
gene_5107,DNASE2B,chr1,1600
gene_5108,DNASE2,chr19,2008
gene_5109,DND1,chr5,1603
gene_5110,DNER,chr2,3478
gene_5111,DNHD1,chr11,26519
gene_5112,DNLZ,chr9,890
gene_5113,DNM1L,chr12,4651
gene_5114,DNM1P35,chr15,3804
gene_5115,DNM1,chr9,6106
gene_5116,DNM2,chr19,13017
gene_5117,DNM3,chr1,8820
gene_5118,DNMBP,chr10,8019
gene_5119,DNMT1,chr19,6996
gene_5120,DNMT3A,chr2,6134
gene_5121,DNMT3B,chr20,5267
gene_5122,DNMT3L,chr21,1930
gene_5123,DNPEP,chr2,3673
gene_5124,DNTTIP1,chr20,1290
gene_5125,DNTTIP2,chr1,3763
gene_5126,DNTT,chr10,2121
gene_5127,DOC2A,chr16,2561
gene_5128,DOC2B,chr17,1073
gene_5129,DOCK10,chr2,9985
gene_5130,DOCK11,chrX,6677
gene_5131,DOCK1,chr10,10183
gene_5132,DOCK2,chr5,7578
gene_5133,DOCK3,chr3,8755
gene_5134,DOCK4,chr7,10533
gene_5135,DOCK5,chr8,11737
gene_5136,DOCK6,chr19,6637
gene_5137,DOCK7,chr1,9636
gene_5138,DOCK8,chr9,13163
gene_5139,DOCK9,chr13,17838
gene_5140,DOHH,chr19,2123
gene_5141,DOK1,chr2,4881
gene_5142,DOK2,chr8,2402
gene_5143,DOK3,chr5,4126
gene_5144,DOK4,chr16,3076
gene_5145,DOK5,chr20,1833
gene_5146,DOK6,chr18,8896
gene_5147,DOK7,chr4,3056
gene_5148,DOLK,chr9,2204
gene_5149,DOLPP1,chr9,2176
gene_5150,DOM3Z,chr6,3346
gene_5151,DONSON,chr21,4294
gene_5152,DOPEY1,chr6,9505
gene_5153,DOPEY2,chr21,8915
gene_5154,DOT1L,chr19,13083
gene_5155,DPAGT1,chr11,5907
gene_5156,DPCD,chr10,799
gene_5157,DPCR1,chr6,5286
gene_5158,DPEP1,chr16,2059
gene_5159,DPEP2,chr16,3689
gene_5160,DPEP3,chr16,1820
gene_5161,DPF1,chr19,3199
gene_5162,DPF2,chr11,2530
gene_5163,DPF3,chr14,3797
gene_5164,DPH1,chr17,6052
gene_5165,DPH2,chr1,2758
gene_5166,DPH3B,chr20,1068
gene_5167,DPH3,chr3,4248
gene_5168,DPH5,chr1,3693
gene_5169,DPM1,chr20,1138
gene_5170,DPM2,chr9,1546
gene_5171,DPM3,chr1,902
gene_5172,DPP10,chr2,7406
gene_5173,DPP3,chr11,3833
gene_5174,DPP4,chr2,4408
gene_5175,DPP6,chr7,7179
gene_5176,DPP7,chr9,1871
gene_5177,DPP8,chr15,6344
gene_5178,DPP9,chr19,4269
gene_5179,DPPA2,chr3,1383
gene_5180,DPPA3,chr12,1037
gene_5181,DPPA4,chr3,3489
gene_5182,DPPA5,chr6,660
gene_5183,DPRXP4,chr17,665
gene_5184,DPRX,chr19,648
gene_5185,DPT,chr1,1728
gene_5186,DPY19L1,chr7,5282
gene_5187,DPY19L2P1,chr7,3057
gene_5188,DPY19L2P2,chr7,7646
gene_5189,DPY19L2P4,chr7,2018
gene_5190,DPY19L2,chr12,4304
gene_5191,DPY19L3,chr19,9362
gene_5192,DPY19L4,chr8,6834
gene_5193,DPY30,chr2,861
gene_5194,DPYD,chr1,5729
gene_5195,DPYSL2,chr8,5403
gene_5196,DPYSL3,chr5,5629
gene_5197,DPYSL4,chr10,2719
gene_5198,DPYSL5,chr2,5354
gene_5199,DPYS,chr8,3064
gene_5200,DQX1,chr2,2825
gene_5201,DR1,chr1,3208
gene_5202,DRAM1,chr12,3543
gene_5203,DRAM2,chr1,2259
gene_5204,DRAP1,chr11,1005
gene_5205,DRD1,chr5,3373
gene_5206,DRD2,chr11,4360
gene_5207,DRD3,chr3,2347
gene_5208,DRD4,chr11,1362
gene_5209,DRD5,chr4,2376
gene_5210,DRG1,chr22,1450
gene_5211,DRG2,chr17,2877
gene_5212,DRGX,chr10,1102
gene_5213,DRP2,chrX,7118
gene_5214,DSC1,chr18,4256
gene_5215,DSC2,chr18,5282
gene_5216,DSC3,chr18,6978
gene_5217,DSCAML1,chr11,7423
gene_5218,DSCAM,chr21,8303
gene_5219,DSCC1,chr8,2269
gene_5220,DSCR10,chr21,860
gene_5221,DSCR3,chr21,4137
gene_5222,DSCR4,chr21,1098
gene_5223,DSCR6,chr21,2318
gene_5224,DSCR8,chr21,1028
gene_5225,DSCR9,chr21,2029
gene_5226,DSEL,chr18,9281
gene_5227,DSE,chr6,10043
gene_5228,DSG1,chr18,5653
gene_5229,DSG2,chr18,5653
gene_5230,DSG3,chr18,6777
gene_5231,DSG4,chr18,3919
gene_5232,DSN1,chr20,3479
gene_5233,DSPP,chr4,4331
gene_5234,DSP,chr6,11194
gene_5235,DSTN,chr20,1839
gene_5236,DSTYK,chr1,8562
gene_5237,DST,chr6,36247
gene_5238,DTD1,chr20,1367
gene_5239,DTHD1,chr4,4242
gene_5240,DTL,chr1,4412
gene_5241,DTNA,chr18,12603
gene_5242,DTNBP1,chr6,2754
gene_5243,DTNB,chr2,4208
gene_5244,DTWD1,chr15,3376
gene_5245,DTWD2,chr5,4974
gene_5246,DTX1,chr12,3288
gene_5247,DTX2,chr7,4937
gene_5248,DTX3L,chr3,5767
gene_5249,DTX3,chr12,4576
gene_5250,DTX4,chr11,5854
gene_5251,DTYMK,chr2,1440
gene_5252,DULLARD,chr17,2262
gene_5253,DUOX1,chr15,6798
gene_5254,DUOX2,chr15,6520
gene_5255,DUOXA1,chr15,4323
gene_5256,DUOXA2,chr15,1929
gene_5257,DUPD1,chr10,663
gene_5258,DUS1L,chr17,2608
gene_5259,DUS2L,chr16,2325
gene_5260,DUS3L,chr19,2787
gene_5261,DUS4L,chr7,3456
gene_5262,DUSP10,chr1,3294
gene_5263,DUSP11,chr2,3173
gene_5264,DUSP12,chr1,1249
gene_5265,DUSP13,chr10,2125
gene_5266,DUSP14,chr17,2394
gene_5267,DUSP15,chr20,3050
gene_5268,DUSP16,chr12,6312
gene_5269,DUSP18,chr22,5890
gene_5270,DUSP19,chr2,5400
gene_5271,DUSP1,chr5,2495
gene_5272,DUSP21,chrX,886
gene_5273,DUSP22,chr6,5525
gene_5274,DUSP23,chr1,1067
gene_5275,DUSP26,chr8,1940
gene_5276,DUSP27,chr1,4050
gene_5277,DUSP28,chr2,4240
gene_5278,DUSP2,chr2,1685
gene_5279,DUSP3,chr17,4543
gene_5280,DUSP4,chr8,7341
gene_5281,DUSP5P,chr1,2735
gene_5282,DUSP5,chr10,2528
gene_5283,DUSP6,chr12,2820
gene_5284,DUSP7,chr3,5976
gene_5285,DUSP8,chr11,4473
gene_5286,DUSP9,chrX,2603
gene_5287,DUT,chr15,2441
gene_5288,DUX4,chr10,2760
gene_5289,DUXA,chr19,3346
gene_5290,DVL1,chr1,3308
gene_5291,DVL2,chr17,4075
gene_5292,DVL3,chr3,5957
gene_5293,DVWA,chr3,2332
gene_5294,DYDC1,chr10,3631
gene_5295,DYDC2,chr10,2765
gene_5296,DYM,chr18,3701
gene_5297,DYNC1H1,chr14,16027
gene_5298,DYNC1I1,chr7,3228
gene_5299,DYNC1I2,chr2,7988
gene_5300,DYNC1LI1,chr3,2504
gene_5301,DYNC1LI2,chr16,4802
gene_5302,DYNC2H1,chr11,13699
gene_5303,DYNC2LI1,chr2,5102
gene_5304,DYNLL1,chr12,1122
gene_5305,DYNLL2,chr17,1522
gene_5306,DYNLRB1,chr20,3015
gene_5307,DYNLRB2,chr16,1296
gene_5308,DYNLT1,chr6,758
gene_5309,DYNLT3,chrX,2216
gene_5310,DYRK1A,chr21,7463
gene_5311,DYRK1B,chr19,3125
gene_5312,DYRK2,chr12,6159
gene_5313,DYRK3,chr1,3770
gene_5314,DYRK4,chr12,2830
gene_5315,DYSFIP1,chr17,1955
gene_5316,DYSF,chr2,7795
gene_5317,DYTN,chr2,2051
gene_5318,DYX1C1,chr15,2737
gene_5319,DZIP1L,chr3,3909
gene_5320,DZIP1,chr13,7847
gene_5321,DZIP3,chr3,8804
gene_5322,E2F1,chr20,2700
gene_5323,E2F2,chr1,5193
gene_5324,E2F3,chr6,5365
gene_5325,E2F4,chr16,2100
gene_5326,E2F5,chr8,1901
gene_5327,E2F6,chr2,3591
gene_5328,E2F7,chr12,5741
gene_5329,E2F8,chr11,4290
gene_5330,E4F1,chr16,2869
gene_5331,EAF1,chr3,4488
gene_5332,EAF2,chr3,1591
gene_5333,EAPP,chr14,1348
gene_5334,EARS2,chr16,6954
gene_5335,EBAG9,chr8,2050
gene_5336,EBF1,chr5,5790
gene_5337,EBF2,chr8,6672
gene_5338,EBF3,chr10,6193
gene_5339,EBF4,chr20,2993
gene_5340,EBI3,chr19,1137
gene_5341,EBNA1BP2,chr1,2293
gene_5342,EBPL,chr13,1161
gene_5343,EBP,chrX,1263
gene_5344,ECD,chr10,2336
gene_5345,ECE1,chr1,6523
gene_5346,ECE2,chr3,5833
gene_5347,ECEL1,chr2,3244
gene_5348,ECH1,chr19,1904
gene_5349,ECHDC1,chr6,2391
gene_5350,ECHDC2,chr1,4456
gene_5351,ECHDC3,chr10,1772
gene_5352,ECHS1,chr10,1329
gene_5353,ECM1,chr1,5671
gene_5354,ECM2,chr9,5883
gene_5355,ECSCR,chr5,1089
gene_5356,ECSIT,chr19,1847
gene_5357,ECT2L,chr6,4483
gene_5358,ECT2,chr3,5048
gene_5359,EDA2R,chrX,4138
gene_5360,EDARADD,chr1,3017
gene_5361,EDAR,chr2,4627
gene_5362,EDA,chrX,6444
gene_5363,EDC3,chr15,4069
gene_5364,EDC4,chr16,6241
gene_5365,EDDM3A,chr14,879
gene_5366,EDDM3B,chr14,896
gene_5367,EDEM1,chr3,6615
gene_5368,EDEM2,chr20,4109
gene_5369,EDEM3,chr1,7726
gene_5370,EDF1,chr9,897
gene_5371,EDIL3,chr5,3841
gene_5372,EDN1,chr6,5086
gene_5373,EDN2,chr1,1639
gene_5374,EDN3,chr20,5807
gene_5375,EDNRA,chr4,4150
gene_5376,EDNRB,chr13,6473
gene_5377,EEA1,chr12,8003
gene_5378,EED,chr11,3467
gene_5379,EEF1A1P9,,
gene_5380,EEF1A1,chr6,5673
gene_5381,EEF1A2,chr20,2007
gene_5382,EEF1B2,chr2,1449
gene_5383,EEF1DP3,chr13,1612
gene_5384,EEF1D,chr8,4835
gene_5385,EEF1E1,chr6,1245
gene_5386,EEF1G,chr11,1791
gene_5387,EEF2K,chr16,8745
gene_5388,EEF2,chr19,3158
gene_5389,EEFSEC,chr3,2216
gene_5390,EEPD1,chr7,4687
gene_5391,EFCAB10,chr7,1930
gene_5392,EFCAB1,chr8,6713
gene_5393,EFCAB2,chr1,5123
gene_5394,EFCAB3,chr17,1754
gene_5395,EFCAB4A,chr11,3736
gene_5396,EFCAB4B,chr12,4926
gene_5397,EFCAB5,chr17,6463
gene_5398,EFCAB6,chr22,5849
gene_5399,EFCAB7,chr1,2361
gene_5400,EFEMP1,chr2,3514
gene_5401,EFEMP2,chr11,2575
gene_5402,EFHA1,chr13,2010
gene_5403,EFHA2,chr8,3987
gene_5404,EFHB,chr3,3376
gene_5405,EFHC1,chr6,6119
gene_5406,EFHC2,chrX,3897
gene_5407,EFHD1,chr2,2309
gene_5408,EFHD2,chr1,2419
gene_5409,EFNA1,chr1,1566
gene_5410,EFNA2,chr19,2142
gene_5411,EFNA3,chr1,1982
gene_5412,EFNA4,chr1,2347
gene_5413,EFNA5,chr5,5869
gene_5414,EFNB1,chrX,3757
gene_5415,EFNB2,chr13,4387
gene_5416,EFNB3,chr17,3219
gene_5417,EFR3A,chr8,5414
gene_5418,EFR3B,chr2,10387
gene_5419,EFS,chr14,3615
gene_5420,EFTUD1,chr15,3685
gene_5421,EFTUD2,chr17,4597
gene_5422,EGFL6,chrX,2744
gene_5423,EGFL7,chr9,3000
gene_5424,EGFL8,chr6,1567
gene_5425,EGFLAM,chr5,5903
gene_5426,EGFR,chr7,7510
gene_5427,EGF,chr4,5882
gene_5428,EGLN1,chr1,7233
gene_5429,EGLN2,chr19,4236
gene_5430,EGLN3,chr14,2871
gene_5431,EGOT,chr3,1462
gene_5432,EGR1,chr5,3136
gene_5433,EGR2,chr10,3996
gene_5434,EGR3,chr8,4504
gene_5435,EGR4,chr2,3793
gene_5436,EHBP1L1,chr11,5180
gene_5437,EHBP1,chr2,6687
gene_5438,EHD1,chr11,4811
gene_5439,EHD2,chr19,3584
gene_5440,EHD3,chr2,3906
gene_5441,EHD4,chr15,4454
gene_5442,EHF,chr11,5853
gene_5443,EHHADH,chr3,4123
gene_5444,EHMT1,chr9,6499
gene_5445,EHMT2,chr6,6125
gene_5446,EI24,chr11,2858
gene_5447,EID1,chr15,2091
gene_5448,EID2B,chr19,1865
gene_5449,EID2,chr19,1392
gene_5450,EID3,chr12,1473
gene_5451,EIF1AD,chr11,3509
gene_5452,EIF1AX,chrX,4431
gene_5453,EIF1AY,chrY,1390
gene_5454,EIF1B,chr3,1012
gene_5455,EIF1,chr17,1326
gene_5456,EIF2AK1,chr7,5473
gene_5457,EIF2AK2,chr2,4512
gene_5458,EIF2AK3,chr2,4648
gene_5459,EIF2AK4,chr15,9174
gene_5460,EIF2A,chr3,4172
gene_5461,EIF2B1,chr12,2326
gene_5462,EIF2B2,chr14,1541
gene_5463,EIF2B3,chr1,2325
gene_5464,EIF2B4,chr2,6011
gene_5465,EIF2B5,chr3,4264
gene_5466,EIF2C1,chr1,7698
gene_5467,EIF2C2,chr8,3500
gene_5468,EIF2C3,chr1,4732
gene_5469,EIF2C4,chr1,7060
gene_5470,EIF2S1,chr14,4165
gene_5471,EIF2S2,chr20,2834
gene_5472,EIF2S3,chrX,3465
gene_5473,EIF3A,chr10,5951
gene_5474,EIF3B,chr7,5543
gene_5475,EIF3CL,chr16,10244
gene_5476,EIF3C,chr16,7703
gene_5477,EIF3D,chr22,2275
gene_5478,EIF3E,chr8,3049
gene_5479,EIF3F,chr11,1679
gene_5480,EIF3G,chr19,2643
gene_5481,EIF3H,chr8,2948
gene_5482,EIF3IP1,chr7,987
gene_5483,EIF3I,chr1,1919
gene_5484,EIF3J,chr15,2558
gene_5485,EIF3K,chr19,1372
gene_5486,EIF3L,chr22,2674
gene_5487,EIF3M,chr11,1338
gene_5488,EIF4A1,,
gene_5489,EIF4A2,chr3,4341
gene_5490,EIF4A3,chr17,1976
gene_5491,EIF4B,chr12,4446
gene_5492,EIF4E1B,chr5,1974
gene_5493,EIF4E2,chr2,4300
gene_5494,EIF4E3,chr3,6728
gene_5495,EIF4EBP1,chr8,859
gene_5496,EIF4EBP2,chr10,7531
gene_5497,EIF4EBP3,chr5,691
gene_5498,EIF4ENIF1,chr22,5217
gene_5499,EIF4E,chr4,5882
gene_5500,EIF4G1,chr3,7270
gene_5501,EIF4G2,chr11,5130
gene_5502,EIF4G3,chr1,7076
gene_5503,EIF4H,chr7,3012
gene_5504,EIF5A2,chr3,5537
gene_5505,EIF5AL1,chr10,3836
gene_5506,EIF5A,chr17,2741
gene_5507,EIF5B,chr2,4837
gene_5508,EIF5,chr14,7253
gene_5509,EIF6,chr20,1969
gene_5510,ELAC1,chr18,2976
gene_5511,ELAC2,chr17,5594
gene_5512,ELANE,chr19,924
gene_5513,ELAVL1,chr19,6058
gene_5514,ELAVL2,chr9,4543
gene_5515,ELAVL3,chr19,8211
gene_5516,ELAVL4,chr1,3771
gene_5517,ELF1,chr13,3953
gene_5518,ELF2,chr4,5817
gene_5519,ELF3,chr1,6747
gene_5520,ELF4,chrX,4272
gene_5521,ELF5,chr11,4691
gene_5522,ELFN1,chr7,3742
gene_5523,ELFN2,chr22,8361
gene_5524,ELK1,chrX,5599
gene_5525,ELK3,chr12,2151
gene_5526,ELK4,chr1,13885
gene_5527,ELL2,chr5,6046
gene_5528,ELL3,chr15,3861
gene_5529,ELL,chr19,4209
gene_5530,ELMO1,chr7,6855
gene_5531,ELMO2,chr20,7727
gene_5532,ELMO3,chr16,2597
gene_5533,ELMOD1,chr11,3127
gene_5534,ELMOD2,chr4,4409
gene_5535,ELMOD3,chr2,4388
gene_5536,ELN,chr7,4063
gene_5537,ELOF1,chr19,1222
gene_5538,ELOVL1,chr1,1819
gene_5539,ELOVL2,chr6,4073
gene_5540,ELOVL3,chr10,1311
gene_5541,ELOVL4,chr6,3060
gene_5542,ELOVL5,chr6,3954
gene_5543,ELOVL6,chr4,3607
gene_5544,ELOVL7,chr5,4373
gene_5545,ELP2P,chr17,3004
gene_5546,ELP2,chr18,2890
gene_5547,ELP3,chr8,3320
gene_5548,ELP4,chr11,2138
gene_5549,ELSPBP1,chr19,1059
gene_5550,ELTD1,chr1,3619
gene_5551,EMB,chr5,5626
gene_5552,EMCN,chr4,4037
gene_5553,EMD,chrX,1339
gene_5554,EME1,chr17,3215
gene_5555,EME2,chr16,1738
gene_5556,EMG1,chr12,2343
gene_5557,EMID1,chr22,2281
gene_5558,EMID2,chr7,3109
gene_5559,EMILIN1,chr2,5372
gene_5560,EMILIN2,chr18,4009
gene_5561,EMILIN3,chr20,3827
gene_5562,EML1,chr14,5227
gene_5563,EML2,chr19,5582
gene_5564,EML3,chr11,4703
gene_5565,EML4,chr2,6385
gene_5566,EML5,chr14,9104
gene_5567,EML6,chr2,8242
gene_5568,EMP1,chr12,3034
gene_5569,EMP2,chr16,5181
gene_5570,EMP3,chr19,829
gene_5571,EMR1,chr19,3335
gene_5572,EMR2,chr19,7485
gene_5573,EMR3,chr19,2301
gene_5574,EMR4P,chr19,2812
gene_5575,EMX1,chr2,2188
gene_5576,EMX2OS,chr10,7599
gene_5577,EMX2,chr10,2896
gene_5578,EN1,chr2,2962
gene_5579,EN2,chr7,3395
gene_5580,ENAH,chr1,13974
gene_5581,ENAM,chr4,5674
gene_5582,ENC1,chr5,7461
gene_5583,ENDOD1,chr11,4693
gene_5584,ENDOG,chr9,1145
gene_5585,ENDOU,chr12,2459
gene_5586,ENGASE,chr17,5580
gene_5587,ENG,chr9,5447
gene_5588,ENHO,chr9,1710
gene_5589,ENKUR,chr10,4697
gene_5590,ENO1,chr1,4582
gene_5591,ENO2,chr12,3234
gene_5592,ENO3,chr17,2375
gene_5593,ENOPH1,chr4,2237
gene_5594,ENOSF1,chr18,9148
gene_5595,ENOX1,chr13,3580
gene_5596,ENOX2,chrX,4358
gene_5597,ENPEP,chr4,4995
gene_5598,ENPP1,chr6,8338
gene_5599,ENPP2,chr8,3610
gene_5600,ENPP3,chr6,4389
gene_5601,ENPP4,chr6,4680
gene_5602,ENPP5,chr6,3759
gene_5603,ENPP6,chr4,3936
gene_5604,ENPP7,chr17,1842
gene_5605,ENSA,chr1,4633
gene_5606,ENTHD1,chr22,2710
gene_5607,ENTPD1,chr10,14112
gene_5608,ENTPD2,chr9,2857
gene_5609,ENTPD3,chr3,2925
gene_5610,ENTPD4,chr8,6643
gene_5611,ENTPD5,chr14,3709
gene_5612,ENTPD6,chr20,5173
gene_5613,ENTPD7,chr10,8738
gene_5614,ENTPD8,chr9,3007
gene_5615,ENY2,chr8,3403
gene_5616,EOMES,chr3,6056
gene_5617,EP300,chr22,8761
gene_5618,EP400NL,chr12,9959
gene_5619,EP400,chr12,13739
gene_5620,EPAS1,chr2,6184
gene_5621,EPB41L1,chr20,9353
gene_5622,EPB41L2,chr6,8466
gene_5623,EPB41L3,chr18,6241
gene_5624,EPB41L4A,chr5,7961
gene_5625,EPB41L4B,chr9,7656
gene_5626,EPB41L5,chr2,10065
gene_5627,EPB41,chr1,7699
gene_5628,EPB42,chr15,3176
gene_5629,EPB49,chr8,3338
gene_5630,EPC1,chr10,5062
gene_5631,EPC2,chr2,3641
gene_5632,EPCAM,chr2,1718
gene_5633,EPDR1,chr7,2731
gene_5634,EPGN,chr4,3556
gene_5635,EPHA10,chr1,8994
gene_5636,EPHA1,chr7,3363
gene_5637,EPHA2,chr1,4146
gene_5638,EPHA3,chr3,9489
gene_5639,EPHA4,chr2,6657
gene_5640,EPHA5,chr4,9584
gene_5641,EPHA6,chr3,6435
gene_5642,EPHA7,chr6,8442
gene_5643,EPHA8,chr1,5745
gene_5644,EPHB1,chr3,5521
gene_5645,EPHB2,chr1,6113
gene_5646,EPHB3,chr3,4220
gene_5647,EPHB4,chr7,6022
gene_5648,EPHB6,chr7,5960
gene_5649,EPHX1,chr1,2110
gene_5650,EPHX2,chr8,3205
gene_5651,EPHX3,chr19,2226
gene_5652,EPHX4,chr1,1443
gene_5653,EPM2AIP1,chr3,7439
gene_5654,EPM2A,chr6,4264
gene_5655,EPN1,chr19,3347
gene_5656,EPN2,chr17,6575
gene_5657,EPN3,chr17,4650
gene_5658,EPOR,chr19,3293
gene_5659,EPO,chr7,1570
gene_5660,EPPK1,chr8,7523
gene_5661,EPR1,,
gene_5662,EPRS,chr1,5237
gene_5663,EPS15L1,chr19,6728
gene_5664,EPS15,chr1,5556
gene_5665,EPS8L1,chr19,4933
gene_5666,EPS8L2,chr11,5750
gene_5667,EPS8L3,chr1,3181
gene_5668,EPS8,chr12,4512
gene_5669,EPSTI1,chr13,3201
gene_5670,EPT1,chr2,8218
gene_5671,EPX,chr17,2717
gene_5672,EPYC,chr12,1539
gene_5673,ERAL1,chr17,3001
gene_5674,ERAP1,chr5,7857
gene_5675,ERAP2,chr5,6196
gene_5676,ERAS,chrX,826
gene_5677,ERBB2IP,chr5,7348
gene_5678,ERBB2,chr17,6635
gene_5679,ERBB3,chr12,8593
gene_5680,ERBB4,chr2,12295
gene_5681,ERC1,chr12,10625
gene_5682,ERC2,chr3,6912
gene_5683,ERCC1,chr19,4080
gene_5684,ERCC2,chr19,5044
gene_5685,ERCC3,chr2,6756
gene_5686,ERCC4,chr16,8231
gene_5687,ERCC5,chr13,5459
gene_5688,ERCC6L,chrX,4325
gene_5689,ERCC6,chr10,15413
gene_5690,ERCC8,chr5,4599
gene_5691,EREG,chr4,5601
gene_5692,ERF,chr19,3607
gene_5693,ERGIC1,chr5,8964
gene_5694,ERGIC2,chr12,1869
gene_5695,ERGIC3,chr20,5160
gene_5696,ERG,chr21,8251
gene_5697,ERH,chr14,801
gene_5698,ERI1,chr8,4615
gene_5699,ERI2,chr16,6527
gene_5700,ERI3,chr1,1743
gene_5701,ERICH1,chr8,4601
gene_5702,ERLEC1,chr2,2582
gene_5703,ERLIN1,chr10,3659
gene_5704,ERLIN2,chr8,8118
gene_5705,ERMAP,chr1,5932
gene_5706,ERMN,chr2,4351
gene_5707,ERMP1,chr9,5689
gene_5708,ERN1,chr17,4005
gene_5709,ERN2,chr16,4160
gene_5710,ERO1LB,chr1,5468
gene_5711,ERO1L,chr14,3310
gene_5712,ERP27,chr12,1536
gene_5713,ERP29,chr12,1472
gene_5714,ERP44,chr9,5160
gene_5715,ERRFI1,chr1,5087
gene_5716,ERVFRDE1,chr6,3304
gene_5717,ESAM,chr11,3681
gene_5718,ESCO1,chr18,4623
gene_5719,ESCO2,chr8,6410
gene_5720,ESD,chr13,3428
gene_5721,ESF1,chr20,3270
gene_5722,ESM1,chr5,2089
gene_5723,ESPL1,chr12,6959
gene_5724,ESPNL,chr2,4822
gene_5725,ESPNP,chr1,2015
gene_5726,ESPN,chr1,3967
gene_5727,ESR1,chr6,8634
gene_5728,ESR2,chr14,5968
gene_5729,ESRP1,chr8,3993
gene_5730,ESRP2,chr16,4312
gene_5731,ESRRA,chr11,2611
gene_5732,ESRRB,chr14,3499
gene_5733,ESRRG,chr1,7766
gene_5734,ESX1,chrX,1480
gene_5735,ESYT1,chr12,4349
gene_5736,ESYT2,chr7,7761
gene_5737,ESYT3,chr3,4514
gene_5738,ETAA1,chr2,3283
gene_5739,ETF1,chr5,4501
gene_5740,ETFA,chr15,1354
gene_5741,ETFB,chr19,1609
gene_5742,ETFDH,chr4,3515
gene_5743,ETHE1,chr19,1396
gene_5744,ETNK1,chr12,7365
gene_5745,ETNK2,chr1,2874
gene_5746,ETS1,chr11,5592
gene_5747,ETS2,chr21,4225
gene_5748,ETV1,chr7,8274
gene_5749,ETV2,chr19,1752
gene_5750,ETV3L,chr1,1977
gene_5751,ETV3,chr1,3046
gene_5752,ETV4,chr17,3229
gene_5753,ETV5,chr3,4219
gene_5754,ETV6,chr12,6011
gene_5755,ETV7,chr6,2409
gene_5756,EVC2,chr4,5541
gene_5757,EVC,chr4,10415
gene_5758,EVI2A,chr17,3010
gene_5759,EVI2B,chr17,2068
gene_5760,EVI5L,chr19,6058
gene_5761,EVI5,chr1,7673
gene_5762,EVL,chr14,4770
gene_5763,EVPLL,chr17,1991
gene_5764,EVPL,chr17,7613
gene_5765,EVX1,chr7,2613
gene_5766,EVX2,chr2,1617
gene_5767,EWSR1,chr22,5781
gene_5768,EXD1,chr15,3623
gene_5769,EXD2,chr14,5654
gene_5770,EXD3,chr9,6916
gene_5771,EXO1,chr1,4179
gene_5772,EXOC1,chr4,3730
gene_5773,EXOC2,chr6,4636
gene_5774,EXOC3L2,chr19,1719
gene_5775,EXOC3L,chr16,5338
gene_5776,EXOC3,chr5,2762
gene_5777,EXOC4,chr7,6284
gene_5778,EXOC5,chr14,9495
gene_5779,EXOC6B,chr2,6458
gene_5780,EXOC6,chr10,7247
gene_5781,EXOC7,chr17,8366
gene_5782,EXOC8,chr1,5097
gene_5783,EXOG,chr3,4600
gene_5784,EXOSC10,chr1,4009
gene_5785,EXOSC1,chr10,1699
gene_5786,EXOSC2,chr9,3114
gene_5787,EXOSC3,chr9,1841
gene_5788,EXOSC4,chr8,895
gene_5789,EXOSC5,chr19,993
gene_5790,EXOSC6,chr16,1700
gene_5791,EXOSC7,chr3,2492
gene_5792,EXOSC8,chr13,1464
gene_5793,EXOSC9,chr4,2846
gene_5794,EXPH5,chr11,10432
gene_5795,EXT1,chr8,3363
gene_5796,EXT2,chr11,3988
gene_5797,EXTL1,chr1,4014
gene_5798,EXTL2,chr1,3516
gene_5799,EXTL3,chr8,7852
gene_5800,EYA1,chr8,5489
gene_5801,EYA2,chr20,3104
gene_5802,EYA3,chr1,6385
gene_5803,EYA4,chr6,6673
gene_5804,EYS,chr6,15425
gene_5805,EZH1,chr17,5146
gene_5806,EZH2,chr7,4997
gene_5807,EZR,chr6,3531
gene_5808,F10,chr13,2128
gene_5809,F11R,chr1,5216
gene_5810,F11,chr4,4060
gene_5811,F12,chr5,2051
gene_5812,F13A1,chr6,4117
gene_5813,F13B,chr1,2217
gene_5814,F2RL1,chr5,2883
gene_5815,F2RL2,chr5,3546
gene_5816,F2RL3,chr19,2731
gene_5817,F2R,chr5,3810
gene_5818,F2,chr11,2010
gene_5819,F3,chr1,2888
gene_5820,F5,chr1,9390
gene_5821,F7,chr13,3577
gene_5822,F8A1,chrX,5106
gene_5823,F8,chrX,9531
gene_5824,F9,chrX,2802
gene_5825,FA2H,chr16,3187
gene_5826,FAAH2,chrX,2012
gene_5827,FAAH,chr1,2193
gene_5828,FABP12,chr8,658
gene_5829,FABP1,chr2,563
gene_5830,FABP2,chr4,2249
gene_5831,FABP3,chr1,1097
gene_5832,FABP4,chr8,838
gene_5833,FABP5L3,chr7,855
gene_5834,FABP5,chr8,731
gene_5835,FABP6,chr5,1055
gene_5836,FABP7,chr6,6582
gene_5837,FABP9,chr8,399
gene_5838,FADD,chr11,1853
gene_5839,FADS1,chr11,5034
gene_5840,FADS2,chr11,4128
gene_5841,FADS3,chr11,1779
gene_5842,FADS6,chr17,2407
gene_5843,FAF1,chr1,2861
gene_5844,FAF2,chr5,4515
gene_5845,FAHD1,chr16,3386
gene_5846,FAHD2A,chr2,1298
gene_5847,FAHD2B,chr2,1265
gene_5848,FAH,chr15,5387
gene_5849,FAIM2,chr12,5994
gene_5850,FAIM3,chr1,3318
gene_5851,FAIM,chr3,3689
gene_5852,FAM100A,chr16,1413
gene_5853,FAM100B,chr17,1589
gene_5854,FAM101A,chr12,2264
gene_5855,FAM101B,chr17,3620
gene_5856,FAM102A,chr9,8257
gene_5857,FAM102B,chr1,5340
gene_5858,FAM103A1,chr15,1572
gene_5859,FAM104A,chr17,2888
gene_5860,FAM104B,chrX,2739
gene_5861,FAM105A,chr5,7048
gene_5862,FAM105B,chr5,7896
gene_5863,FAM106A,chr17,2281
gene_5864,FAM106C,chr17,1759
gene_5865,FAM107A,chr3,6283
gene_5866,FAM107B,chr10,4646
gene_5867,FAM108A1,chr19,2709
gene_5868,FAM108B1,chr9,3468
gene_5869,FAM108C1,chr15,2438
gene_5870,FAM109A,chr12,3450
gene_5871,FAM109B,chr22,2332
gene_5872,FAM10A4,chr13,1598
gene_5873,FAM110A,chr20,3496
gene_5874,FAM110B,chr8,4368
gene_5875,FAM110C,chr2,3963
gene_5876,FAM111A,chr11,6556
gene_5877,FAM111B,chr11,3561
gene_5878,FAM113A,chr20,2917
gene_5879,FAM113B,chr12,2328
gene_5880,FAM114A1,chr4,4373
gene_5881,FAM114A2,chr5,4071
gene_5882,FAM115A,chr7,6264
gene_5883,FAM115C,chr7,8818
gene_5884,FAM116A,chr3,4658
gene_5885,FAM116B,chr22,2006
gene_5886,FAM117A,chr17,2440
gene_5887,FAM117B,chr2,6089
gene_5888,FAM118A,chr22,3810
gene_5889,FAM118B,chr11,2283
gene_5890,FAM119A,chr2,5821
gene_5891,FAM119B,chr12,2897
gene_5892,FAM120AOS,chr9,4394
gene_5893,FAM120A,chr9,7763
gene_5894,FAM120B,chr6,3791
gene_5895,FAM120C,chrX,8441
gene_5896,FAM122A,chr9,3646
gene_5897,FAM122B,chrX,7455
gene_5898,FAM122C,chrX,8251
gene_5899,FAM123A,chr13,6270
gene_5900,FAM123B,chrX,8443
gene_5901,FAM123C,chr2,12576
gene_5902,FAM124A,chr13,7016
gene_5903,FAM124B,chr2,2594
gene_5904,FAM125A,chr19,1446
gene_5905,FAM125B,chr9,7230
gene_5906,FAM126A,chr7,6447
gene_5907,FAM126B,chr2,11048
gene_5908,FAM127A,chrX,1243
gene_5909,FAM127B,chrX,1970
gene_5910,FAM127C,chrX,2033
gene_5911,FAM128A,chr2,904
gene_5912,FAM128B,chr2,933
gene_5913,FAM129A,chr1,9319
gene_5914,FAM129B,chr9,6874
gene_5915,FAM129C,chr19,6012
gene_5916,FAM131A,chr3,7658
gene_5917,FAM131B,chr7,6282
gene_5918,FAM131C,chr1,1701
gene_5919,FAM132A,chr1,1043
gene_5920,FAM133A,chrX,3468
gene_5921,FAM133B,chr7,2468
gene_5922,FAM134A,chr2,6345
gene_5923,FAM134B,chr5,3705
gene_5924,FAM134C,chr17,4614
gene_5925,FAM135A,chr6,13465
gene_5926,FAM135B,chr8,7493
gene_5927,FAM136A,chr2,2003
gene_5928,FAM136B,,
gene_5929,FAM138B,chr2,1130
gene_5930,FAM138D,chr12,1128
gene_5931,FAM138E,chr15,1130
gene_5932,FAM138F,chr1,2260
gene_5933,FAM13AOS,chr4,4811
gene_5934,FAM13A,chr4,7978
gene_5935,FAM13B,chr5,5620
gene_5936,FAM13C,chr10,5259
gene_5937,FAM149A,chr4,4012
gene_5938,FAM149B1,chr10,4829
gene_5939,FAM150A,chr8,1171
gene_5940,FAM150B,chr2,1619
gene_5941,FAM151A,chr1,1981
gene_5942,FAM151B,chr5,2711
gene_5943,FAM153A,chr5,5612
gene_5944,FAM153B,chr5,3482
gene_5945,FAM153C,chr5,2102
gene_5946,FAM154A,chr9,1934
gene_5947,FAM154B,chr15,3626
gene_5948,FAM155A,chr13,3859
gene_5949,FAM155B,chrX,4019
gene_5950,FAM156A,chrX,6295
gene_5951,FAM157A,chr3,2474
gene_5952,FAM157B,chr9,1278
gene_5953,FAM158A,chr14,835
gene_5954,FAM159A,chr1,2887
gene_5955,FAM160A1,chr4,4576
gene_5956,FAM160A2,chr11,5237
gene_5957,FAM160B1,chr10,6146
gene_5958,FAM160B2,chr8,7651
gene_5959,FAM161A,chr2,5493
gene_5960,FAM161B,chr14,3596
gene_5961,FAM162A,chr3,1522
gene_5962,FAM162B,chr6,1036
gene_5963,FAM163A,chr1,3554
gene_5964,FAM163B,chr9,1131
gene_5965,FAM164A,chr8,3349
gene_5966,FAM164C,chr14,2918
gene_5967,FAM165B,chr21,1775
gene_5968,FAM166A,chr9,1124
gene_5969,FAM166B,chr9,1590
gene_5970,FAM167A,chr8,4316
gene_5971,FAM167B,chr1,956
gene_5972,FAM168A,chr11,1794
gene_5973,FAM168B,chr2,5406
gene_5974,FAM169A,chr5,6483
gene_5975,FAM169B,chr15,3298
gene_5976,FAM170A,chr5,1727
gene_5977,FAM170B,chr10,1411
gene_5978,FAM171A1,chr10,3950
gene_5979,FAM171A2,chr17,2634
gene_5980,FAM171B,chr2,5586
gene_5981,FAM172A,chr5,5227
gene_5982,FAM173A,chr16,874
gene_5983,FAM173B,chr5,3350
gene_5984,FAM174A,chr5,1236
gene_5985,FAM174B,chr15,2843
gene_5986,FAM175A,chr4,2823
gene_5987,FAM175B,chr10,2992
gene_5988,FAM176A,chr2,2455
gene_5989,FAM176B,chr1,1332
gene_5990,FAM177A1,chr14,3481
gene_5991,FAM177B,chr1,1947
gene_5992,FAM178A,chr10,10556
gene_5993,FAM178B,chr2,3130
gene_5994,FAM179A,chr2,5905
gene_5995,FAM179B,chr14,10260
gene_5996,FAM180A,chr7,3208
gene_5997,FAM180B,chr11,1403
gene_5998,FAM181A,chr14,2246
gene_5999,FAM181B,chr11,1861
gene_6000,FAM182A,chr20,5111
gene_6001,FAM182B,chr20,7905
gene_6002,FAM183A,chr1,517
gene_6003,FAM183B,chr7,1647
gene_6004,FAM184A,chr6,4254
gene_6005,FAM184B,chr4,3842
gene_6006,FAM185A,chr7,3390
gene_6007,FAM186A,chr12,8293
gene_6008,FAM186B,chr12,3616
gene_6009,FAM187B,chr19,1179
gene_6010,FAM188A,chr10,2375
gene_6011,FAM188B,chr7,4307
gene_6012,FAM189A1,chr15,4965
gene_6013,FAM189A2,chr9,2482
gene_6014,FAM189B,chr1,5004
gene_6015,FAM18A,chr16,7515
gene_6016,FAM18B2,chr17,5196
gene_6017,FAM18B,chr17,1789
gene_6018,FAM190A,chr4,9320
gene_6019,FAM190B,chr10,8263
gene_6020,FAM192A,chr16,3214
gene_6021,FAM193A,chr4,6747
gene_6022,FAM193B,chr5,6521
gene_6023,FAM194A,chr3,2209
gene_6024,FAM194B,chr13,2536
gene_6025,FAM195A,chr16,1047
gene_6026,FAM195B,chr17,1956
gene_6027,FAM196A,chr10,5632
gene_6028,FAM196B,chr5,3548
gene_6029,FAM197Y2,chrY,1409
gene_6030,FAM198A,chr3,4974
gene_6031,FAM198B,chr4,8507
gene_6032,FAM199X,chrX,7739
gene_6033,FAM19A1,chr3,2737
gene_6034,FAM19A2,chr12,5022
gene_6035,FAM19A3,chr1,1559
gene_6036,FAM19A4,chr3,2583
gene_6037,FAM19A5,chr22,2867
gene_6038,FAM200A,chr7,2681
gene_6039,FAM200B,chr4,4385
gene_6040,FAM20A,chr17,4823
gene_6041,FAM20B,chr1,5946
gene_6042,FAM20C,chr7,3393
gene_6043,FAM21A,chr10,5180
gene_6044,FAM21B,chr10,10832
gene_6045,FAM21C,chr10,5750
gene_6046,FAM22A,chr10,3288
gene_6047,FAM22D,chr10,6598
gene_6048,FAM22F,chr9,2561
gene_6049,FAM22G,chr9,5249
gene_6050,FAM23A,chr10,11125
gene_6051,FAM24A,chr10,596
gene_6052,FAM24B,chr10,869
gene_6053,FAM25A,chr10,362
gene_6054,FAM25B,,
gene_6055,FAM26D,chr6,1681
gene_6056,FAM26E,chr6,3539
gene_6057,FAM26F,chr6,1132
gene_6058,FAM27A,chr9,703
gene_6059,FAM27B,chr9,703
gene_6060,FAM27C,chr9,703
gene_6061,FAM27L,chr17,609
gene_6062,FAM32A,chr19,1449
gene_6063,FAM35A,chr10,3611
gene_6064,FAM35B2,chr10,3388
gene_6065,FAM35B,chr10,3383
gene_6066,FAM36A,chr1,2676
gene_6067,FAM38A,chr16,10074
gene_6068,FAM38B,chr18,13441
gene_6069,FAM3A,chrX,3462
gene_6070,FAM3B,chr21,3829
gene_6071,FAM3C,chr7,2709
gene_6072,FAM3D,chr3,1308
gene_6073,FAM40A,chr1,3619
gene_6074,FAM40B,chr7,6094
gene_6075,FAM41AY1,,
gene_6076,FAM41C,chr1,1706
gene_6077,FAM43A,chr3,3145
gene_6078,FAM43B,chr1,2582
gene_6079,FAM45A,,
gene_6080,FAM45B,chr10,5393
gene_6081,FAM46A,chr6,6038
gene_6082,FAM46B,chr1,2374
gene_6083,FAM46C,chr1,5720
gene_6084,FAM46D,chrX,3223
gene_6085,FAM47A,chrX,2579
gene_6086,FAM47B,chrX,2122
gene_6087,FAM47C,chrX,3308
gene_6088,FAM47E,chr4,6183
gene_6089,FAM48A,chr13,6669
gene_6090,FAM48B1,chrX,2664
gene_6091,FAM48B2,chrX,2454
gene_6092,FAM49A,chr2,4837
gene_6093,FAM49B,chr8,4677
gene_6094,FAM50A,chrX,1352
gene_6095,FAM50B,chr6,1618
gene_6096,FAM53A,chr4,3424
gene_6097,FAM53B,chr10,8309
gene_6098,FAM53C,chr5,4926
gene_6099,FAM54A,chr6,1941
gene_6100,FAM54B,chr1,4824
gene_6101,FAM55A,chr11,3099
gene_6102,FAM55B,chr11,1778
gene_6103,FAM55C,chr3,9053
gene_6104,FAM55D,chr11,2433
gene_6105,FAM57A,chr17,2234
gene_6106,FAM57B,chr16,1919
gene_6107,FAM58A,chrX,1756
gene_6108,FAM58B,,
gene_6109,FAM59A,chr18,12282
gene_6110,FAM5B,chr1,4385
gene_6111,FAM5C,chr1,2917
gene_6112,FAM60A,chr12,3958
gene_6113,FAM63A,chr1,5404
gene_6114,FAM63B,chr15,8208
gene_6115,FAM64A,chr17,1544
gene_6116,FAM65A,chr16,5368
gene_6117,FAM65B,chr6,7205
gene_6118,FAM65C,chr20,5659
gene_6119,FAM66A,chr8,3806
gene_6120,FAM66C,chr12,4040
gene_6121,FAM66D,chr8,1071
gene_6122,FAM66E,chr8,1434
gene_6123,FAM69A,chr1,3399
gene_6124,FAM69B,chr9,3478
gene_6125,FAM69C,chr18,2042
gene_6126,FAM70A,chrX,3497
gene_6127,FAM70B,chr13,2075
gene_6128,FAM71A,chr1,2332
gene_6129,FAM71B,chr5,2032
gene_6130,FAM71C,chr12,1867
gene_6131,FAM71D,chr14,3314
gene_6132,FAM71E1,chr19,1678
gene_6133,FAM71E2,chr19,3937
gene_6134,FAM71F1,chr7,3234
gene_6135,FAM71F2,chr7,2449
gene_6136,FAM72A,chr1,1867
gene_6137,FAM72B,chr1,2828
gene_6138,FAM72D,chr1,2393
gene_6139,FAM73A,chr1,9765
gene_6140,FAM73B,chr9,5545
gene_6141,FAM74A1,chr9,1790
gene_6142,FAM74A3,chr9,1883
gene_6143,FAM74A4,chr9,1944
gene_6144,FAM75A2,chr9,8452
gene_6145,FAM75A3,chr9,4223
gene_6146,FAM75A5,chr9,8452
gene_6147,FAM75A6,chr9,4214
gene_6148,FAM75C1,chr9,4788
gene_6149,FAM76A,chr1,3698
gene_6150,FAM76B,chr11,4009
gene_6151,FAM78A,chr9,4320
gene_6152,FAM78B,chr1,4879
gene_6153,FAM7A2,,
gene_6154,FAM7A3,chr15,3128
gene_6155,FAM81A,chr15,4086
gene_6156,FAM81B,chr5,1780
gene_6157,FAM82A1,chr2,4342
gene_6158,FAM82A2,chr15,3643
gene_6159,FAM82B,chr8,3159
gene_6160,FAM83A,chr8,6330
gene_6161,FAM83B,chr6,6244
gene_6162,FAM83C,chr20,5097
gene_6163,FAM83D,chr20,6670
gene_6164,FAM83E,chr19,2011
gene_6165,FAM83F,chr22,2071
gene_6166,FAM83G,chr17,2930
gene_6167,FAM83H,chr8,6354
gene_6168,FAM84A,chr2,6353
gene_6169,FAM84B,chr8,5481
gene_6170,FAM86A,chr16,2374
gene_6171,FAM86B1,chr8,3137
gene_6172,FAM86B2,chr8,1982
gene_6173,FAM86C,chr11,2568
gene_6174,FAM86D,chr3,3002
gene_6175,FAM89A,chr1,1498
gene_6176,FAM89B,chr11,3091
gene_6177,FAM8A1,chr6,4745
gene_6178,FAM90A1,chr12,2516
gene_6179,FAM90A7,chr8,3688
gene_6180,FAM91A1,chr8,5620
gene_6181,FAM92A1,chr8,2752
gene_6182,FAM92A3,chr4,2455
gene_6183,FAM92B,chr16,1897
gene_6184,FAM95B1,chr9,10418
gene_6185,FAM96A,chr15,2312
gene_6186,FAM96B,chr16,1046
gene_6187,FAM98A,chr2,4426
gene_6188,FAM98B,chr15,1877
gene_6189,FAM98C,chr19,1275
gene_6190,FAM99A,chr11,1430
gene_6191,FAM99B,chr11,1066
gene_6192,FAM9A,chrX,1616
gene_6193,FAM9B,chrX,1500
gene_6194,FAM9C,chrX,4142
gene_6195,FANCA,chr16,6762
gene_6196,FANCB,chrX,3008
gene_6197,FANCC,chr9,6180
gene_6198,FANCD2,chr3,8013
gene_6199,FANCE,chr6,2678
gene_6200,FANCF,chr11,3309
gene_6201,FANCG,chr9,2897
gene_6202,FANCI,chr15,6892
gene_6203,FANCL,chr2,1801
gene_6204,FANCM,chr14,7707
gene_6205,FANK1,chr10,8733
gene_6206,FAP,chr2,3448
gene_6207,FAR1,chr11,5394
gene_6208,FAR2,chr12,4085
gene_6209,FARP1,chr13,6049
gene_6210,FARP2,chr2,4721
gene_6211,FARS2,chr6,2156
gene_6212,FARSA,chr19,1853
gene_6213,FARSB,chr2,4186
gene_6214,FASLG,chr1,1859
gene_6215,FASN,chr17,9237
gene_6216,FASTKD1,chr2,3114
gene_6217,FASTKD2,chr2,10698
gene_6218,FASTKD3,chr5,3590
gene_6219,FASTKD5,chr20,2887
gene_6220,FASTK,chr7,4023
gene_6221,FAS,chr10,6691
gene_6222,FAT1,chr4,15203
gene_6223,FAT2,chr5,14863
gene_6224,FAT3,chr11,19143
gene_6225,FAT4,chr4,18303
gene_6226,FATE1,chrX,1069
gene_6227,FAU,chr11,575
gene_6228,FBF1,chr17,7398
gene_6229,FBLIM1,chr1,4388
gene_6230,FBLL1,chr5,1058
gene_6231,FBLN1,chr22,4971
gene_6232,FBLN2,chr3,4849
gene_6233,FBLN5,chr14,4139
gene_6234,FBLN7,chr2,2299
gene_6235,FBL,chr19,2634
gene_6236,FBN1,chr15,11757
gene_6237,FBN2,chr5,12705
gene_6238,FBN3,chr19,8963
gene_6239,FBP1,chr9,1990
gene_6240,FBP2,chr9,1304
gene_6241,FBRSL1,chr12,4547
gene_6242,FBRS,chr16,3397
gene_6243,FBXL12,chr19,2504
gene_6244,FBXL13,chr7,3623
gene_6245,FBXL14,chr12,2111
gene_6246,FBXL15,chr10,4249
gene_6247,FBXL16,chr16,4695
gene_6248,FBXL17,chr5,8129
gene_6249,FBXL18,chr7,9264
gene_6250,FBXL19,chr16,4238
gene_6251,FBXL20,chr17,10381
gene_6252,FBXL21,chr5,3719
gene_6253,FBXL22,chr15,3100
gene_6254,FBXL2,chr3,4294
gene_6255,FBXL3,chr13,3549
gene_6256,FBXL4,chr6,4031
gene_6257,FBXL5,chr4,4391
gene_6258,FBXL6,chr8,5170
gene_6259,FBXL7,chr5,4562
gene_6260,FBXL8,chr16,1599
gene_6261,FBXO10,chr9,4817
gene_6262,FBXO11,chr2,5124
gene_6263,FBXO15,chr18,4647
gene_6264,FBXO16,chr8,1346
gene_6265,FBXO17,chr19,2330
gene_6266,FBXO18,chr10,4167
gene_6267,FBXO21,chr12,4424
gene_6268,FBXO22OS,chr15,448
gene_6269,FBXO22,chr15,4466
gene_6270,FBXO24,chr7,3386
gene_6271,FBXO25,chr8,2564
gene_6272,FBXO27,chr19,2322
gene_6273,FBXO28,chr1,5451
gene_6274,FBXO2,chr1,2269
gene_6275,FBXO30,chr6,4407
gene_6276,FBXO31,chr16,4409
gene_6277,FBXO32,chr8,7039
gene_6278,FBXO33,chr14,5149
gene_6279,FBXO34,chr14,3594
gene_6280,FBXO36,chr2,3319
gene_6281,FBXO38,chr5,4934
gene_6282,FBXO39,chr17,2848
gene_6283,FBXO3,chr11,8113
gene_6284,FBXO40,chr3,5722
gene_6285,FBXO41,chr2,7018
gene_6286,FBXO42,chr1,5848
gene_6287,FBXO43,chr8,4945
gene_6288,FBXO44,chr1,4176
gene_6289,FBXO45,chr3,5733
gene_6290,FBXO46,chr19,3037
gene_6291,FBXO47,chr17,2302
gene_6292,FBXO48,chr2,2712
gene_6293,FBXO4,chr5,2460
gene_6294,FBXO5,chr6,2465
gene_6295,FBXO6,chr1,1549
gene_6296,FBXO7,chr22,7967
gene_6297,FBXO8,chr4,2777
gene_6298,FBXO9,chr6,5227
gene_6299,FBXW10,chr17,6384
gene_6300,FBXW11,chr5,4736
gene_6301,FBXW12,chr3,1992
gene_6302,FBXW2,chr9,10007
gene_6303,FBXW4,chr10,2212
gene_6304,FBXW5,chr9,4506
gene_6305,FBXW7,chr4,6151
gene_6306,FBXW8,chr12,5057
gene_6307,FBXW9,chr19,2735
gene_6308,FCAMR,chr1,3441
gene_6309,FCAR,chr19,3979
gene_6310,FCER1A,chr1,1163
gene_6311,FCER1G,chr1,686
gene_6312,FCER2,chr19,2391
gene_6313,FCF1,chr14,3779
gene_6314,FCGBP,chr19,16390
gene_6315,FCGR1A,chr1,2487
gene_6316,FCGR1B,chr1,4220
gene_6317,FCGR1C,chr1,2194
gene_6318,FCGR2A,chr1,3429
gene_6319,FCGR2B,chr1,2501
gene_6320,FCGR2C,chr1,2765
gene_6321,FCGR3A,chr1,2842
gene_6322,FCGR3B,chr1,3078
gene_6323,FCGRT,chr19,4762
gene_6324,FCHO1,chr19,3762
gene_6325,FCHO2,chr5,5545
gene_6326,FCHSD1,chr5,5279
gene_6327,FCHSD2,chr11,4990
gene_6328,FCN1,chr9,1283
gene_6329,FCN2,chr9,1057
gene_6330,FCN3,chr1,1032
gene_6331,FCRL1,chr1,3618
gene_6332,FCRL2,chr1,4085
gene_6333,FCRL3,chr1,6270
gene_6334,FCRL4,chr1,3459
gene_6335,FCRL5,chr1,9364
gene_6336,FCRL6,chr1,3895
gene_6337,FCRLA,chr1,3998
gene_6338,FCRLB,chr1,3439
gene_6339,FDFT1,chr8,4558
gene_6340,FDPSL2A,chr7,4981
gene_6341,FDPS,chr1,1841
gene_6342,FDX1L,chr19,2427
gene_6343,FDX1,chr11,3155
gene_6344,FDXACB1,chr11,3066
gene_6345,FDXR,chr17,3089
gene_6346,FECH,chr18,7617
gene_6347,FEM1A,chr19,3844
gene_6348,FEM1B,chr15,2559
gene_6349,FEM1C,chr5,5813
gene_6350,FEN1,chr11,2294
gene_6351,FER1L4,,
gene_6352,FER1L5,chr2,11806
gene_6353,FER1L6,chr8,6051
gene_6354,FERD3L,chr7,640
gene_6355,FERMT1,chr20,7844
gene_6356,FERMT2,chr14,3629
gene_6357,FERMT3,chr11,2677
gene_6358,FER,chr5,4240
gene_6359,FES,chr15,3106
gene_6360,FETUB,chr3,2343
gene_6361,FEV,chr2,1879
gene_6362,FEZ1,chr11,4044
gene_6363,FEZ2,chr2,2331
gene_6364,FEZF1,chr7,2830
gene_6365,FEZF2,chr3,3145
gene_6366,FFAR1,chr19,923
gene_6367,FFAR2,chr19,2053
gene_6368,FFAR3,chr19,1672
gene_6369,FGA,chr4,5796
gene_6370,FGB,chr4,4641
gene_6371,FGD1,chrX,4734
gene_6372,FGD2,chr6,8252
gene_6373,FGD3,chr9,4764
gene_6374,FGD4,chr12,10888
gene_6375,FGD5,chr3,5947
gene_6376,FGD6,chr12,9654
gene_6377,FGF10,chr5,627
gene_6378,FGF11,chr17,3223
gene_6379,FGF12,chr3,6433
gene_6380,FGF13,chrX,3677
gene_6381,FGF14,chr13,3024
gene_6382,FGF16,chrX,351
gene_6383,FGF17,chr8,2987
gene_6384,FGF18,chr5,1982
gene_6385,FGF19,chr11,2137
gene_6386,FGF1,chr5,8993
gene_6387,FGF20,chr8,1016
gene_6388,FGF21,chr19,1307
gene_6389,FGF22,chr19,784
gene_6390,FGF23,chr12,3018
gene_6391,FGF2,chr4,6774
gene_6392,FGF3,chr11,1548
gene_6393,FGF4,chr11,1220
gene_6394,FGF5,chr4,5389
gene_6395,FGF6,chr12,744
gene_6396,FGF7,chr15,3936
gene_6397,FGF8,chr10,1258
gene_6398,FGF9,chr13,4530
gene_6399,FGFBP1,chr4,1358
gene_6400,FGFBP2,chr4,1171
gene_6401,FGFBP3,chr10,2564
gene_6402,FGFR1OP2,chr12,3262
gene_6403,FGFR1OP,chr6,2276
gene_6404,FGFR1,chr8,8849
gene_6405,FGFR2,chr10,8433
gene_6406,FGFR3,chr4,4828
gene_6407,FGFR4,chr5,4668
gene_6408,FGFRL1,chr4,3508
gene_6409,FGGY,chr1,4039
gene_6410,FGG,chr4,2152
gene_6411,FGL1,chr8,2355
gene_6412,FGL2,chr7,4268
gene_6413,FGR,chr1,4128
gene_6414,FHAD1,chr1,8762
gene_6415,FHDC1,chr4,6480
gene_6416,FHIT,chr3,3976
gene_6417,FHL1,chrX,4795
gene_6418,FHL2,chr2,5935
gene_6419,FHL3,chr1,2129
gene_6420,FHL5,chr6,2135
gene_6421,FHOD1,chr16,4950
gene_6422,FHOD3,chr18,8451
gene_6423,FH,chr1,1867
gene_6424,FIBCD1,chr9,3460
gene_6425,FIBIN,chr11,3005
gene_6426,FIBP,chr11,3386
gene_6427,FICD,chr12,1651
gene_6428,FIG4,chr6,3105
gene_6429,FIGF,chrX,2074
gene_6430,FIGLA,chr2,722
gene_6431,FIGNL1,chr7,7364
gene_6432,FIGNL2,chr12,4694
gene_6433,FIGN,chr2,4535
gene_6434,FILIP1L,chr3,9706
gene_6435,FILIP1,chr6,6314
gene_6436,FIP1L1,chr4,5989
gene_6437,FIS1,chr7,1157
gene_6438,FITM1,chr14,1003
gene_6439,FITM2,chr20,958
gene_6440,FIZ1,chr19,7059
gene_6441,FJX1,chr11,2687
gene_6442,FKBP10,chr17,3066
gene_6443,FKBP11,chr12,3633
gene_6444,FKBP14,chr7,5378
gene_6445,FKBP15,chr9,6710
gene_6446,FKBP1AP1,chr19,1643
gene_6447,FKBP1A,chr20,2244
gene_6448,FKBP1B,chr2,1770
gene_6449,FKBP2,chr11,936
gene_6450,FKBP3,chr14,1624
gene_6451,FKBP4,chr12,3741
gene_6452,FKBP5,chr6,10861
gene_6453,FKBP6,chr7,2656
gene_6454,FKBP7,chr2,3149
gene_6455,FKBP8,chr19,2069
gene_6456,FKBP9L,chr7,3559
gene_6457,FKBP9,chr7,4451
gene_6458,FKBPL,chr6,1344
gene_6459,FKRP,chr19,3625
gene_6460,FKSG29,chr13,608
gene_6461,FKSG73,chr2,1338
gene_6462,FKSG83,,
gene_6463,FKTN,chr9,8814
gene_6464,FLAD1,chr1,6464
gene_6465,FLCN,chr17,5914
gene_6466,FLG2,chr1,9122
gene_6467,FLG,chr1,12747
gene_6468,FLI1,chr11,4774
gene_6469,FLII,chr17,4819
gene_6470,FLJ10038,chr15,5942
gene_6471,FLJ10213,chr3,1662
gene_6472,FLJ10357,chr14,9734
gene_6473,FLJ10661,chr8,2683
gene_6474,FLJ11235,chr5,1398
gene_6475,FLJ12825,chr12,3942
gene_6476,FLJ13197,chr4,4082
gene_6477,FLJ13224,chr12,1630
gene_6478,FLJ14107,chr8,1839
gene_6479,FLJ16779,chr20,7638
gene_6480,FLJ22536,chr6,4855
gene_6481,FLJ23867,chr1,2716
gene_6482,FLJ25328,chr19,2072
gene_6483,FLJ25363,chr3,1493
gene_6484,FLJ25758,chr19,1463
gene_6485,FLJ26850,chr19,1436
gene_6486,FLJ30679,chr16,1980
gene_6487,FLJ32063,chr2,3316
gene_6488,FLJ33360,chr5,2419
gene_6489,FLJ33630,chr5,5770
gene_6490,FLJ34503,chr6,2006
gene_6491,FLJ35024,chr9,4570
gene_6492,FLJ35220,chr17,4256
gene_6493,FLJ35390,chr7,4917
gene_6494,FLJ35776,chr18,993
gene_6495,FLJ36000,chr17,3798
gene_6496,FLJ36031,chr7,4424
gene_6497,FLJ36777,chr4,2140
gene_6498,FLJ37201,chr10,3662
gene_6499,FLJ37307,chr13,4126
gene_6500,FLJ37453,chr1,2732
gene_6501,FLJ37543,chr5,2970
gene_6502,FLJ39582,chr22,2971
gene_6503,FLJ39609,chr1,590
gene_6504,FLJ39653,chr4,4427
gene_6505,FLJ39739,chr1,5188
gene_6506,FLJ40292,chr9,1751
gene_6507,FLJ40330,chr2,1730
gene_6508,FLJ40434,chr1,925
gene_6509,FLJ40504,chr17,1950
gene_6510,FLJ40852,chr7,2701
gene_6511,FLJ41941,chr22,2379
gene_6512,FLJ42289,chr15,3549
gene_6513,FLJ42393,chr3,2266
gene_6514,FLJ42627,chr16,7148
gene_6515,FLJ42709,chr5,6993
gene_6516,FLJ42875,chr1,2844
gene_6517,FLJ43390,chr14,6635
gene_6518,FLJ43663,chr7,4435
gene_6519,FLJ43859,chr9,4923
gene_6520,FLJ43860,chr8,5065
gene_6521,FLJ43950,chr9,4864
gene_6522,FLJ44054,,
gene_6523,FLJ44082,chr9,4927
gene_6524,FLJ44606,chr5,6434
gene_6525,FLJ44635,chrX,2269
gene_6526,FLJ45079,chr17,4704
gene_6527,FLJ45244,chr14,803
gene_6528,FLJ45340,chr7,10263
gene_6529,FLJ45445,chr19,4874
gene_6530,FLJ45983,chr10,4218
gene_6531,FLJ46111,chr11,1828
gene_6532,FLJ46321,chr9,4833
gene_6533,FLJ46361,chr10,3743
gene_6534,FLJ90757,chr17,4421
gene_6535,FLNA,chrX,8510
gene_6536,FLNB,chr3,10010
gene_6537,FLNC,chr7,9138
gene_6538,FLOT1,chr6,1830
gene_6539,FLOT2,chr17,2632
gene_6540,FLRT1,chr11,3247
gene_6541,FLRT2,chr14,7508
gene_6542,FLRT3,chr20,4024
gene_6543,FLT1,chr13,13917
gene_6544,FLT3LG,chr19,2267
gene_6545,FLT3,chr13,3974
gene_6546,FLT4,chr5,7074
gene_6547,FLVCR1,chr1,5939
gene_6548,FLVCR2,chr14,3817
gene_6549,FLYWCH1,chr16,6047
gene_6550,FLYWCH2,chr16,1273
gene_6551,FMN1,chr15,17297
gene_6552,FMN2,chr1,9497
gene_6553,FMNL1,chr17,6606
gene_6554,FMNL2,chr2,5816
gene_6555,FMNL3,chr12,11617
gene_6556,FMO1,chr1,2519
gene_6557,FMO2,chr1,5181
gene_6558,FMO3,chr1,2911
gene_6559,FMO4,chr1,2139
gene_6560,FMO5,chr1,4660
gene_6561,FMO6P,chr1,2125
gene_6562,FMO9P,chr1,1362
gene_6563,FMOD,chr1,2986
gene_6564,FMR1NB,chrX,1021
gene_6565,FMR1,chrX,8091
gene_6566,FN1,chr2,14468
gene_6567,FN3KRP,chr17,1954
gene_6568,FN3K,chr17,3414
gene_6569,FNBP1L,chr1,8034
gene_6570,FNBP1,chr9,6555
gene_6571,FNBP4,chr11,4364
gene_6572,FNDC1,chr6,6551
gene_6573,FNDC3A,chr13,7660
gene_6574,FNDC3B,chr3,8649
gene_6575,FNDC4,chr2,1671
gene_6576,FNDC5,chr1,8456
gene_6577,FNDC7,chr1,3060
gene_6578,FNDC8,chr17,1355
gene_6579,FNIP1,chr5,6890
gene_6580,FNIP2,chr4,6547
gene_6581,FNTA,chr8,4921
gene_6582,FNTB,chr14,2822
gene_6583,FOLH1B,chr11,1974
gene_6584,FOLH1,chr11,2945
gene_6585,FOLR1,chr11,1426
gene_6586,FOLR2,chr11,1438
gene_6587,FOLR3,chr11,1159
gene_6588,FOLR4,chr11,753
gene_6589,FOSB,chr19,7909
gene_6590,FOSL1,chr11,1668
gene_6591,FOSL2,chr2,8791
gene_6592,FOS,chr14,2644
gene_6593,FOXA1,chr14,3567
gene_6594,FOXA2,chr20,2682
gene_6595,FOXA3,chr19,1989
gene_6596,FOXB1,chr15,1713
gene_6597,FOXB2,chr9,1299
gene_6598,FOXC1,chr6,3449
gene_6599,FOXC2,chr16,1681
gene_6600,FOXD1,,
gene_6601,FOXD2,chr1,4675
gene_6602,FOXD3,chr1,2068
gene_6603,FOXD4L1,chr2,2067
gene_6604,FOXD4L2,chr9,6218
gene_6605,FOXD4L3,chr9,2218
gene_6606,FOXD4L5,chr9,3109
gene_6607,FOXD4L6,chr9,2725
gene_6608,FOXD4,chr9,2187
gene_6609,FOXE1,chr9,3461
gene_6610,FOXE3,chr1,1981
gene_6611,FOXF1,chr16,2562
gene_6612,FOXF2,chr6,2187
gene_6613,FOXG1,chr14,3206
gene_6614,FOXH1,chr8,2183
gene_6615,FOXI1,chr5,3688
gene_6616,FOXI2,chr10,3178
gene_6617,FOXI3,chr2,1260
gene_6618,FOXJ1,chr17,2640
gene_6619,FOXJ2,chr12,6343
gene_6620,FOXJ3,chr1,5778
gene_6621,FOXK1,chr7,12591
gene_6622,FOXK2,chr17,6358
gene_6623,FOXL1,chr16,3190
gene_6624,FOXL2,chr3,2917
gene_6625,FOXM1,chr12,3868
gene_6626,FOXN1,chr17,3018
gene_6627,FOXN2,chr2,5463
gene_6628,FOXN3,chr14,8195
gene_6629,FOXN4,chr12,3680
gene_6630,FOXO1,chr13,5947
gene_6631,FOXO3B,chr17,7259
gene_6632,FOXO3,chr6,8581
gene_6633,FOXO4,chrX,4016
gene_6634,FOXP1,chr3,16367
gene_6635,FOXP2,chr7,9827
gene_6636,FOXP3,chrX,3241
gene_6637,FOXP4,chr6,6413
gene_6638,FOXQ1,chr6,2319
gene_6639,FOXR1,chr11,1545
gene_6640,FOXR2,chrX,2789
gene_6641,FOXRED1,chr11,3668
gene_6642,FOXRED2,chr22,5738
gene_6643,FOXS1,chr20,1318
gene_6644,FPGS,chr9,2975
gene_6645,FPGT,chr1,11053
gene_6646,FPR1,chr19,1371
gene_6647,FPR2,chr19,2069
gene_6648,FPR3,chr19,2517
gene_6649,FRAS1,chr4,18589
gene_6650,FRAT1,chr10,2651
gene_6651,FRAT2,chr10,2205
gene_6652,FREM1,chr9,10868
gene_6653,FREM2,chr13,16814
gene_6654,FRG1B,chr20,2881
gene_6655,FRG1,chr4,1043
gene_6656,FRG2B,chr10,890
gene_6657,FRG2C,,
gene_6658,FRG2,,
gene_6659,FRK,chr6,2849
gene_6660,FRMD1,chr6,5651
gene_6661,FRMD3,chr9,6489
gene_6662,FRMD4A,chr10,11678
gene_6663,FRMD4B,chr3,7675
gene_6664,FRMD5,chr15,4175
gene_6665,FRMD6,chr14,7334
gene_6666,FRMD7,chrX,3458
gene_6667,FRMD8,chr11,3751
gene_6668,FRMPD1,chr9,7207
gene_6669,FRMPD2L1,chr10,3894
gene_6670,FRMPD2,chr10,6165
gene_6671,FRMPD4,chrX,8562
gene_6672,FRRS1,chr1,2678
gene_6673,FRS2,chr12,6925
gene_6674,FRS3,chr6,2166
gene_6675,FRYL,chr4,18860
gene_6676,FRY,chr13,11062
gene_6677,FRZB,chr2,2767
gene_6678,FSCB,chr14,3146
gene_6679,FSCN1,chr7,3338
gene_6680,FSCN2,chr17,1910
gene_6681,FSCN3,chr7,3212
gene_6682,FSD1L,chr9,4764
gene_6683,FSD1,chr19,3509
gene_6684,FSD2,chr15,2610
gene_6685,FSHB,chr11,2158
gene_6686,FSHR,chr2,3025
gene_6687,FSIP1,chr15,2813
gene_6688,FSTL1,chr3,4868
gene_6689,FSTL3,chr19,2676
gene_6690,FSTL4,chr5,5896
gene_6691,FSTL5,chr4,4866
gene_6692,FST,chr5,2622
gene_6693,FTCD,chr21,3244
gene_6694,FTH1,chr11,1229
gene_6695,FTHL17,chrX,813
gene_6696,FTHL3,chr2,954
gene_6697,FTLP10,chr4,1501
gene_6698,FTL,chr19,1980
gene_6699,FTMT,chr5,874
gene_6700,FTO,chr16,4333
gene_6701,FTSJ1,chrX,2155
gene_6702,FTSJ2,chr7,2783
gene_6703,FTSJ3,chr17,3704
gene_6704,FTSJD1,chr16,4757
gene_6705,FTSJD2,chr6,4124
gene_6706,FUBP1,chr1,3192
gene_6707,FUBP3,chr9,4344
gene_6708,FUCA1,chr1,2753
gene_6709,FUCA2,chr6,5106
gene_6710,FUK,chr16,5162
gene_6711,FUNDC1,chrX,1170
gene_6712,FUNDC2P2,chr2,1519
gene_6713,FUNDC2,chrX,2964
gene_6714,FURIN,chr15,4180
gene_6715,FUS,chr16,6275
gene_6716,FUT10,chr8,6041
gene_6717,FUT11,chr10,4338
gene_6718,FUT1,chr19,4669
gene_6719,FUT2,chr19,3208
gene_6720,FUT3,chr19,2922
gene_6721,FUT4,chr11,6048
gene_6722,FUT5,chr19,2689
gene_6723,FUT6,chr19,3810
gene_6724,FUT7,chr9,2414
gene_6725,FUT8,chr14,5753
gene_6726,FUT9,chr6,12798
gene_6727,FUZ,chr19,2276
gene_6728,FXC1,chr11,2842
gene_6729,FXN,chr9,7552
gene_6730,FXR1,chr3,9187
gene_6731,FXR2,chr17,2987
gene_6732,FXYD1,chr19,614
gene_6733,FXYD2,chr11,2147
gene_6734,FXYD3,chr19,2652
gene_6735,FXYD4,chr10,771
gene_6736,FXYD5,chr19,2652
gene_6737,FXYD6,chr11,2417
gene_6738,FXYD7,chr19,713
gene_6739,FYB,chr5,6135
gene_6740,FYCO1,chr3,11006
gene_6741,FYN,chr6,4135
gene_6742,FYTTD1,chr3,4409
gene_6743,FZD10,chr12,3282
gene_6744,FZD1,chr7,4350
gene_6745,FZD2,chr17,3819
gene_6746,FZD3,chr8,13787
gene_6747,FZD4,chr11,7394
gene_6748,FZD5,chr2,6564
gene_6749,FZD6,chr8,4722
gene_6750,FZD7,chr2,3851
gene_6751,FZD8,chr10,3186
gene_6752,FZD9,chr7,2342
gene_6753,FZR1,chr19,3717
gene_6754,G0S2,chr1,963
gene_6755,G2E3,chr14,6659
gene_6756,G3BP1,chr5,4181
gene_6757,G3BP2,chr4,4551
gene_6758,G6PC2,chr2,3081
gene_6759,G6PC3,chr17,2285
gene_6760,G6PC,chr17,4190
gene_6761,G6PD,chrX,2500
gene_6762,GAA,chr17,3925
gene_6763,GAB1,chr4,7993
gene_6764,GAB2,chr11,6236
gene_6765,GAB3,chrX,5049
gene_6766,GAB4,chr22,4166
gene_6767,GABARAPL1,chr12,2853
gene_6768,GABARAPL2,chr16,1002
gene_6769,GABARAPL3,chr15,1885
gene_6770,GABARAP,chr17,1043
gene_6771,GABBR1,chr6,6317
gene_6772,GABBR2,chr9,5788
gene_6773,GABPA,chr21,5304
gene_6774,GABPB1,chr15,3675
gene_6775,GABPB2,chr1,2001
gene_6776,GABRA1,chr5,5238
gene_6777,GABRA2,chr4,6016
gene_6778,GABRA3,chrX,2785
gene_6779,GABRA4,chr4,12072
gene_6780,GABRA5,chr15,3157
gene_6781,GABRA6,chr5,3338
gene_6782,GABRB1,chr4,4702
gene_6783,GABRB2,chr5,10044
gene_6784,GABRB3,chr15,7703
gene_6785,GABRD,chr1,1925
gene_6786,GABRE,chrX,3865
gene_6787,GABRG1,chr4,6768
gene_6788,GABRG2,chr5,4198
gene_6789,GABRG3,chr15,2688
gene_6790,GABRP,chr5,3309
gene_6791,GABRQ,chrX,2000
gene_6792,GABRR1,chr6,3505
gene_6793,GABRR2,chr6,2424
gene_6794,GABRR3,chr3,5923
gene_6795,GAD1,chr2,4312
gene_6796,GAD2,chr10,3436
gene_6797,GADD45A,chr1,1380
gene_6798,GADD45B,chr19,1650
gene_6799,GADD45GIP1,chr19,763
gene_6800,GADD45G,chr9,1065
gene_6801,GADL1,chr3,3888
gene_6802,GAGE10,chrX,549
gene_6803,GAGE12D,chrX,3510
gene_6804,GAGE12F,chrX,466
gene_6805,GAGE12J,chrX,944
gene_6806,GAGE13,chrX,910
gene_6807,GAGE1,chrX,3319
gene_6808,GAGE2A,chrX,2236
gene_6809,GAGE2B,chrX,509
gene_6810,GAGE2C,chrX,1680
gene_6811,GAGE2D,chrX,1827
gene_6812,GAGE2E,chrX,561
gene_6813,GAGE4,chrX,682
gene_6814,GAGE8,chrX,1866
gene_6815,GAK,chr4,6010
gene_6816,GAL3ST1,chr22,2066
gene_6817,GAL3ST2,chr2,1449
gene_6818,GAL3ST3,chr11,3605
gene_6819,GAL3ST4,chr7,3682
gene_6820,GALC,chr14,5872
gene_6821,GALE,chr1,3187
gene_6822,GALK1,chr17,2097
gene_6823,GALK2,chr15,3862
gene_6824,GALM,chr2,2483
gene_6825,GALNS,chr16,3023
gene_6826,GALNT10,chr5,9599
gene_6827,GALNT11,chr7,8754
gene_6828,GALNT12,chr9,2735
gene_6829,GALNT13,chr2,6397
gene_6830,GALNT14,chr2,3805
gene_6831,GALNT1,chr18,4993
gene_6832,GALNT2,chr1,5545
gene_6833,GALNT3,chr2,4870
gene_6834,GALNT4,chr12,5394
gene_6835,GALNT5,chr2,3212
gene_6836,GALNT6,chr12,5754
gene_6837,GALNT7,chr4,4490
gene_6838,GALNT8,chr12,2135
gene_6839,GALNT9,chr12,3922
gene_6840,GALNTL1,chr14,9458
gene_6841,GALNTL2,chr3,5349
gene_6842,GALNTL4,chr11,2515
gene_6843,GALNTL5,chr7,2591
gene_6844,GALNTL6,chr4,2849
gene_6845,GALP,chr19,938
gene_6846,GALR1,chr18,2785
gene_6847,GALR2,chr17,1298
gene_6848,GALR3,chr22,1157
gene_6849,GALT,chr9,1860
gene_6850,GAL,chr11,778
gene_6851,GAMT,chr19,2354
gene_6852,GANAB,chr11,4017
gene_6853,GANC,chr15,6723
gene_6854,GAN,chr16,4544
gene_6855,GAP43,chr3,2104
gene_6856,GAPDHS,chr19,1492
gene_6857,GAPDH,chr12,1610
gene_6858,GAPT,chr5,2216
gene_6859,GAPVD1,chr9,9961
gene_6860,GAR1,chr4,2225
gene_6861,GARNL3,chr9,5600
gene_6862,GARS,chr7,2749
gene_6863,GART,chr21,5431
gene_6864,GAS1,chr9,2828
gene_6865,GAS2L1,chr22,8958
gene_6866,GAS2L2,chr17,3014
gene_6867,GAS2L3,chr12,2940
gene_6868,GAS2,chr11,2769
gene_6869,GAS5,chr1,1927
gene_6870,GAS6,chr13,4145
gene_6871,GAS7,chr17,9401
gene_6872,GAS8,chr16,5056
gene_6873,GAST,chr17,470
gene_6874,GATA1,chrX,1479
gene_6875,GATA2,chr3,3848
gene_6876,GATA3,chr10,3213
gene_6877,GATA4,chr8,4071
gene_6878,GATA5,chr20,2595
gene_6879,GATA6,chr18,5117
gene_6880,GATAD1,chr7,7831
gene_6881,GATAD2A,chr19,6658
gene_6882,GATAD2B,chr1,7476
gene_6883,GATC,chr12,4346
gene_6884,GATM,chr15,4901
gene_6885,GATSL1,chr7,990
gene_6886,GATSL2,chr7,990
gene_6887,GATSL3,chr22,3987
gene_6888,GATS,chr7,3661
gene_6889,GBA2,chr9,7471
gene_6890,GBA3,chr4,2223
gene_6891,GBAP1,chr1,2552
gene_6892,GBAS,chr7,2004
gene_6893,GBA,chr1,2929
gene_6894,GBE1,chr3,3172
gene_6895,GBF1,chr10,9271
gene_6896,GBGT1,chr9,4421
gene_6897,GBP1,chr1,3050
gene_6898,GBP2,chr1,4697
gene_6899,GBP3,chr1,3875
gene_6900,GBP4,chr1,6145
gene_6901,GBP5,chr1,7490
gene_6902,GBP6,chr1,4867
gene_6903,GBP7,chr1,2454
gene_6904,GBX1,chr7,1324
gene_6905,GBX2,chr2,1372
gene_6906,GCAT,chr22,2120
gene_6907,GCA,chr2,3225
gene_6908,GCC1,chr7,4132
gene_6909,GCC2,chr2,6977
gene_6910,GCDH,chr19,3146
gene_6911,GCET2,chr3,3411
gene_6912,GCFC1,chr21,7433
gene_6913,GCGR,chr17,3319
gene_6914,GCG,chr2,1294
gene_6915,GCH1,chr14,4415
gene_6916,GCHFR,chr15,775
gene_6917,GCKR,chr2,2280
gene_6918,GCK,chr7,3073
gene_6919,GCLC,chr6,6430
gene_6920,GCLM,chr1,3074
gene_6921,GCM1,chr6,3293
gene_6922,GCM2,chr6,2365
gene_6923,GCN1L1,chr12,8668
gene_6924,GCNT1,chr9,6917
gene_6925,GCNT2,chr6,9526
gene_6926,GCNT3,chr15,2554
gene_6927,GCNT4,chr5,3436
gene_6928,GCNT7,chr20,2061
gene_6929,GCOM1,chr15,6788
gene_6930,GCSH,chr16,1538
gene_6931,GC,chr4,2360
gene_6932,GDAP1L1,chr20,4315
gene_6933,GDAP1,chr8,4196
gene_6934,GDAP2,chr1,9808
gene_6935,GDA,chr9,8515
gene_6936,GDE1,chr16,3109
gene_6937,GDEP,chr4,2091
gene_6938,GDF10,chr10,5053
gene_6939,GDF11,chr12,5144
gene_6940,GDF15,chr19,1200
gene_6941,GDF1,chr19,2558
gene_6942,GDF2,chr10,1936
gene_6943,GDF3,chr12,1224
gene_6944,GDF5,chr20,4141
gene_6945,GDF6,chr8,3701
gene_6946,GDF7,chr2,1994
gene_6947,GDF9,chr5,2863
gene_6948,GDI1,chrX,4509
gene_6949,GDI2,chr10,2495
gene_6950,GDNF,chr5,4465
gene_6951,GDPD1,chr17,4392
gene_6952,GDPD2,chrX,3824
gene_6953,GDPD3,chr16,1505
gene_6954,GDPD4,chr11,2533
gene_6955,GDPD5,chr11,5506
gene_6956,GEFT,chr12,3229
gene_6957,GEMIN4,chr17,4881
gene_6958,GEMIN5,chr5,5521
gene_6959,GEMIN6,chr2,1209
gene_6960,GEMIN7,chr19,1667
gene_6961,GEMIN8P4,chr1,1702
gene_6962,GEMIN8,chrX,3341
gene_6963,GEM,chr8,2298
gene_6964,GEN1,chr2,6598
gene_6965,GET4,chr7,3221
gene_6966,GFAP,chr17,4672
gene_6967,GFER,chr16,2642
gene_6968,GFI1B,chr9,1995
gene_6969,GFI1,chr1,2910
gene_6970,GFM1,chr3,3963
gene_6971,GFM2,chr5,3528
gene_6972,GFOD1,chr6,5153
gene_6973,GFOD2,chr16,7162
gene_6974,GFPT1,chr2,8703
gene_6975,GFPT2,chr5,3011
gene_6976,GFRA1,chr10,9881
gene_6977,GFRA2,chr8,3330
gene_6978,GFRA3,chr5,1931
gene_6979,GFRA4,chr20,2108
gene_6980,GFRAL,chr6,1911
gene_6981,GGA1,chr22,4996
gene_6982,GGA2,chr16,6113
gene_6983,GGA3,chr17,5920
gene_6984,GGCT,chr7,1726
gene_6985,GGCX,chr2,7669
gene_6986,GGH,chr8,1492
gene_6987,GGNBP1,chr6,1050
gene_6988,GGNBP2,chr17,5208
gene_6989,GGN,chr19,3602
gene_6990,GGPS1,chr1,3118
gene_6991,GGT1,chr22,3932
gene_6992,GGT3P,chr22,3649
gene_6993,GGT5,chr22,3115
gene_6994,GGT6,chr17,3122
gene_6995,GGT7,chr20,4947
gene_6996,GGT8P,chr2,2484
gene_6997,GGTA1,chr9,4687
gene_6998,GGTLC1,chr20,1145
gene_6999,GGTLC2,chr22,1156
gene_7000,GH1,chr17,1227
gene_7001,GH2,chr17,1865
gene_7002,GHDC,chr17,3889
gene_7003,GHITM,chr10,2626
gene_7004,GHRHR,chr7,2197
gene_7005,GHRH,chr20,707
gene_7006,GHRLOS,chr3,4742
gene_7007,GHRL,chr3,1903
gene_7008,GHR,chr5,6268
gene_7009,GHSR,chr3,3928
gene_7010,GIF,chr11,2188
gene_7011,GIGYF1,chr7,6329
gene_7012,GIGYF2,chr2,11041
gene_7013,GIMAP1,chr7,4416
gene_7014,GIMAP2,chr7,1442
gene_7015,GIMAP4,chr7,2966
gene_7016,GIMAP5,chr7,1877
gene_7017,GIMAP6,chr7,14286
gene_7018,GIMAP7,chr7,1229
gene_7019,GIMAP8,chr7,3943
gene_7020,GIN1,chr5,3549
gene_7021,GINS1,chr20,3411
gene_7022,GINS2,chr16,1737
gene_7023,GINS3,chr16,2391
gene_7024,GINS4,chr8,3841
gene_7025,GIPC1,chr19,1946
gene_7026,GIPC2,chr1,2823
gene_7027,GIPC3,chr19,4317
gene_7028,GIPR,chr19,2576
gene_7029,GIP,chr17,711
gene_7030,GIT1,chr17,3778
gene_7031,GIT2,chr12,7140
gene_7032,GIYD2,,
gene_7033,GJA10,chr6,1632
gene_7034,GJA1,chr6,5452
gene_7035,GJA3,chr13,5205
gene_7036,GJA4,chr1,1857
gene_7037,GJA5,chr1,3285
gene_7038,GJA8,chr1,1366
gene_7039,GJA9,,
gene_7040,GJB1,chrX,1733
gene_7041,GJB2,chr13,2332
gene_7042,GJB3,chr1,2352
gene_7043,GJB4,chr1,2840
gene_7044,GJB5,chr1,1355
gene_7045,GJB6,chr13,2624
gene_7046,GJB7,chr6,2280
gene_7047,GJC1,chr17,8309
gene_7048,GJC2,chr1,2381
gene_7049,GJC3,chr7,1116
gene_7050,GJD2,chr15,1096
gene_7051,GJD3,chr17,4041
gene_7052,GJD4,chr10,1580
gene_7053,GK2,chr4,1866
gene_7054,GK3P,chr4,2232
gene_7055,GK5,chr3,12144
gene_7056,GKAP1,chr9,2290
gene_7057,GKN1,chr2,820
gene_7058,GKN2,chr2,1952
gene_7059,GK,chrX,4792
gene_7060,GLA,chrX,2098
gene_7061,GLB1L2,chr11,7611
gene_7062,GLB1L3,chr11,5001
gene_7063,GLB1L,chr2,2637
gene_7064,GLB1,chr3,2836
gene_7065,GLCCI1,chr7,4793
gene_7066,GLCE,chr15,6176
gene_7067,GLDC,chr9,3809
gene_7068,GLDN,chr15,6891
gene_7069,GLE1,chr9,3604
gene_7070,GLG1,chr16,14247
gene_7071,GLI1,chr12,3818
gene_7072,GLI2,chr2,9380
gene_7073,GLI3,chr7,8315
gene_7074,GLI4,chr8,1343
gene_7075,GLIPR1L1,chr12,988
gene_7076,GLIPR1L2,chr12,3585
gene_7077,GLIPR1,chr12,3978
gene_7078,GLIPR2,chr9,4750
gene_7079,GLIS1,chr1,2816
gene_7080,GLIS2,chr16,3714
gene_7081,GLIS3,chr9,11699
gene_7082,GLMN,chr1,2032
gene_7083,GLO1,chr6,2046
gene_7084,GLOD4,chr17,3061
gene_7085,GLOD5,chrX,1889
gene_7086,GLP1R,chr6,4345
gene_7087,GLP2R,chr17,1908
gene_7088,GLRA1,chr5,2272
gene_7089,GLRA2,chrX,4467
gene_7090,GLRA3,chr4,3637
gene_7091,GLRA4,chrX,2373
gene_7092,GLRB,chr4,3214
gene_7093,GLRX2,chr1,1789
gene_7094,GLRX3,chr10,2624
gene_7095,GLRX5,chr14,1171
gene_7096,GLRX,chr5,3278
gene_7097,GLS2,chr12,2960
gene_7098,GLS,chr2,11039
gene_7099,GLT1D1,chr12,3053
gene_7100,GLT25D1,chr19,3593
gene_7101,GLT25D2,chr1,7761
gene_7102,GLT6D1,chr9,1526
gene_7103,GLT8D1,chr3,2833
gene_7104,GLT8D2,chr12,2263
gene_7105,GLTPD1,chr1,2193
gene_7106,GLTPD2,chr17,1222
gene_7107,GLTP,chr12,2695
gene_7108,GLTSCR1,chr19,8054
gene_7109,GLTSCR2,chr19,2033
gene_7110,GLUD1,chr10,3984
gene_7111,GLUD2,chrX,2335
gene_7112,GLUL,chr1,6469
gene_7113,GLYATL1,chr11,3998
gene_7114,GLYATL2,chr11,1516
gene_7115,GLYATL3,chr6,2130
gene_7116,GLYAT,chr11,2729
gene_7117,GLYCAM1,chr12,975
gene_7118,GLYCTK,chr3,8024
gene_7119,GLYR1,chr16,5759
gene_7120,GM2A,chr5,7283
gene_7121,GMCL1L,chr5,2923
gene_7122,GMCL1,chr2,2346
gene_7123,GMDS,chr6,1760
gene_7124,GMEB1,chr1,2932
gene_7125,GMEB2,chr20,5104
gene_7126,GMFB,chr14,4125
gene_7127,GMFG,chr19,1372
gene_7128,GMIP,chr19,3598
gene_7129,GML,chr8,723
gene_7130,GMNN,chr6,1645
gene_7131,GMPPA,chr2,1970
gene_7132,GMPPB,chr3,2210
gene_7133,GMPR2,chr14,4533
gene_7134,GMPR,chr6,1515
gene_7135,GMPS,chr3,2456
gene_7136,GNA11,chr19,1599
gene_7137,GNA12,chr7,4845
gene_7138,GNA13,chr17,6493
gene_7139,GNA14,chr9,2491
gene_7140,GNA15,chr19,2542
gene_7141,GNAI1,chr7,3636
gene_7142,GNAI2,chr3,6472
gene_7143,GNAI3,chr1,4732
gene_7144,GNAL,chr18,7734
gene_7145,GNAO1,chr16,7923
gene_7146,GNAQ,chr9,2305
gene_7147,GNASAS,chr20,1157
gene_7148,GNAS,chr20,8419
gene_7149,GNAT1,chr3,4894
gene_7150,GNAT2,chr1,1365
gene_7151,GNAT3,chr7,1065
gene_7152,GNAZ,chr22,3208
gene_7153,GNB1L,chr22,1519
gene_7154,GNB1,chr1,3163
gene_7155,GNB2L1,chr5,3500
gene_7156,GNB2,chr7,2489
gene_7157,GNB3,chr12,3434
gene_7158,GNB4,chr3,6428
gene_7159,GNB5,chr15,4529
gene_7160,GNE,chr9,5476
gene_7161,GNG10,chr9,2230
gene_7162,GNG11,chr7,954
gene_7163,GNG12,chr1,4409
gene_7164,GNG13,chr16,984
gene_7165,GNG2,chr14,5685
gene_7166,GNG3,chr11,951
gene_7167,GNG4,chr1,5312
gene_7168,GNG5,chr1,806
gene_7169,GNG7,chr19,4246
gene_7170,GNG8,chr19,213
gene_7171,GNGT1,chr7,2461
gene_7172,GNGT2,chr17,1377
gene_7173,GNL1,chr6,8709
gene_7174,GNL2,chr1,2857
gene_7175,GNL3L,chrX,9521
gene_7176,GNL3,chr3,2559
gene_7177,GNLY,chr2,1069
gene_7178,GNMT,chr6,1068
gene_7179,GNPAT,chr1,2768
gene_7180,GNPDA1,chr5,3575
gene_7181,GNPDA2,chr4,7058
gene_7182,GNPNAT1,chr14,3928
gene_7183,GNPTAB,chr12,8263
gene_7184,GNPTG,chr16,1245
gene_7185,GNRH1,chr8,3132
gene_7186,GNRH2,chr20,850
gene_7187,GNRHR2,,
gene_7188,GNRHR,chr4,5929
gene_7189,GNS,chr12,5398
gene_7190,GOLGA1,chr9,4981
gene_7191,GOLGA2B,chr12,6773
gene_7192,GOLGA2P3,,
gene_7193,GOLGA2,chr9,4871
gene_7194,GOLGA3,chr12,12610
gene_7195,GOLGA4,chr3,8133
gene_7196,GOLGA5,chr14,2891
gene_7197,GOLGA6A,chr15,3176
gene_7198,GOLGA6B,chr15,3178
gene_7199,GOLGA6C,chr15,5379
gene_7200,GOLGA6D,chr15,3449
gene_7201,GOLGA6L10,chr15,7320
gene_7202,GOLGA6L1,chr15,3822
gene_7203,GOLGA6L5,chr15,7309
gene_7204,GOLGA6L6,chr15,4091
gene_7205,GOLGA6L9,chr15,10044
gene_7206,GOLGA7B,chr10,6448
gene_7207,GOLGA7,chr8,2284
gene_7208,GOLGA8A,chr15,4469
gene_7209,GOLGA8B,chr15,5892
gene_7210,GOLGA8C,chr15,5282
gene_7211,GOLGA8DP,chr15,5484
gene_7212,GOLGA8E,chr15,5269
gene_7213,GOLGA8F,chr15,2990
gene_7214,GOLGA8G,chr15,13292
gene_7215,GOLGA9P,chr15,1899
gene_7216,GOLGB1,chr3,11607
gene_7217,GOLIM4,chr3,2921
gene_7218,GOLM1,chr9,3621
gene_7219,GOLPH3L,chr1,3171
gene_7220,GOLPH3,chr5,2676
gene_7221,GOLT1A,chr1,1979
gene_7222,GOLT1B,chr12,3438
gene_7223,GON4L,chr1,13134
gene_7224,GOPC,chr6,5033
gene_7225,GORAB,chr1,4999
gene_7226,GORASP1,chr3,3759
gene_7227,GORASP2,chr2,4035
gene_7228,GOSR1,chr17,6009
gene_7229,GOSR2,chr17,6286
gene_7230,GOT1L1,chr8,1377
gene_7231,GOT1,chr10,2831
gene_7232,GOT2,chr16,2447
gene_7233,GP1BA,chr17,2501
gene_7234,GP2,chr16,2431
gene_7235,GP5,chr3,3493
gene_7236,GP6,chr19,2317
gene_7237,GP9,chr3,858
gene_7238,GPA33,chr1,2793
gene_7239,GPAA1,chr8,2540
gene_7240,GPAM,chr10,8908
gene_7241,GPAT2,chr2,4278
gene_7242,GPATCH1,chr19,4327
gene_7243,GPATCH2,chr1,4912
gene_7244,GPATCH3,chr1,2473
gene_7245,GPATCH4,chr1,2218
gene_7246,GPATCH8,chr17,7704
gene_7247,GPBAR1,chr2,4476
gene_7248,GPBP1L1,chr1,5367
gene_7249,GPBP1,chr5,4827
gene_7250,GPC1,chr2,3686
gene_7251,GPC2,chr7,3840
gene_7252,GPC3,chrX,2952
gene_7253,GPC4,chrX,3811
gene_7254,GPC5,chr13,2880
gene_7255,GPC6,chr13,9593
gene_7256,GPCPD1,chr20,7216
gene_7257,GPD1L,chr3,4062
gene_7258,GPD1,chr12,3650
gene_7259,GPD2,chr2,6664
gene_7260,GPER,chr7,3273
gene_7261,GPHA2,chr11,747
gene_7262,GPHB5,chr14,540
gene_7263,GPHN,chr14,4907
gene_7264,GPIHBP1,chr8,2281
gene_7265,GPI,chr19,8990
gene_7266,GPKOW,chrX,2975
gene_7267,GPLD1,chr6,6487
gene_7268,GPM6A,chr4,4475
gene_7269,GPM6B,chrX,4200
gene_7270,GPN1,chr2,2166
gene_7271,GPN2,chr1,1510
gene_7272,GPN3,chr12,1893
gene_7273,GPNMB,chr7,4017
gene_7274,GPR101,chrX,1527
gene_7275,GPR107,chr9,10750
gene_7276,GPR108,chr19,2076
gene_7277,GPR109A,chr12,2065
gene_7278,GPR109B,chr12,2137
gene_7279,GPR110,chr6,6959
gene_7280,GPR111,chr6,6823
gene_7281,GPR112,chrX,10072
gene_7282,GPR113,chr2,7227
gene_7283,GPR114,chr16,3807
gene_7284,GPR115,chr6,3580
gene_7285,GPR116,chr6,7052
gene_7286,GPR119,chrX,1193
gene_7287,GPR120,chr10,3653
gene_7288,GPR123,chr10,6542
gene_7289,GPR124,chr8,6273
gene_7290,GPR125,chr4,8598
gene_7291,GPR126,chr6,8007
gene_7292,GPR128,chr3,4355
gene_7293,GPR12,chr13,5715
gene_7294,GPR132,chr14,3959
gene_7295,GPR133,chr12,6208
gene_7296,GPR135,chr14,1820
gene_7297,GPR137B,chr1,2042
gene_7298,GPR137C,chr14,3936
gene_7299,GPR137,chr11,4140
gene_7300,GPR139,chr16,1337
gene_7301,GPR141,chr7,918
gene_7302,GPR142,chr17,2276
gene_7303,GPR143,chrX,1696
gene_7304,GPR144,chr9,3853
gene_7305,GPR146,chr7,1757
gene_7306,GPR148,chr2,1267
gene_7307,GPR149,chr3,2323
gene_7308,GPR150,chr5,1305
gene_7309,GPR151,chr5,1260
gene_7310,GPR152,chr11,1429
gene_7311,GPR153,chr1,4082
gene_7312,GPR155,chr2,7599
gene_7313,GPR156,chr3,4490
gene_7314,GPR157,chr1,3544
gene_7315,GPR158,chr10,6847
gene_7316,GPR15,chr3,1252
gene_7317,GPR160,chr3,2814
gene_7318,GPR161,chr1,10115
gene_7319,GPR162,chr12,5116
gene_7320,GPR171,chr3,1795
gene_7321,GPR172A,chr8,3215
gene_7322,GPR172B,chr17,5192
gene_7323,GPR173,chrX,4251
gene_7324,GPR174,chrX,1258
gene_7325,GPR176,chr15,4970
gene_7326,GPR179,chr17,7980
gene_7327,GPR17,chr2,2599
gene_7328,GPR180,chr13,9009
gene_7329,GPR182,chr12,1570
gene_7330,GPR183,chr13,1785
gene_7331,GPR18,chr13,1819
gene_7332,GPR19,chr12,3579
gene_7333,GPR1,chr2,2763
gene_7334,GPR20,chr8,1526
gene_7335,GPR21,chr9,1595
gene_7336,GPR22,chr7,2966
gene_7337,GPR25,chr1,1224
gene_7338,GPR26,chr10,10304
gene_7339,GPR27,chr3,1128
gene_7340,GPR31,chr6,960
gene_7341,GPR32,chr19,1269
gene_7342,GPR34,chrX,3797
gene_7343,GPR35,chr2,2786
gene_7344,GPR37L1,chr1,2459
gene_7345,GPR37,chr7,3815
gene_7346,GPR39,chr2,2821
gene_7347,GPR3,chr1,2114
gene_7348,GPR44,chr11,2910
gene_7349,GPR45,chr2,1725
gene_7350,GPR4,chr19,3047
gene_7351,GPR50,chrX,2741
gene_7352,GPR52,chr1,1472
gene_7353,GPR55,chr2,6498
gene_7354,GPR56,chr16,6217
gene_7355,GPR61,chr1,2823
gene_7356,GPR62,chr3,2191
gene_7357,GPR63,chr6,6088
gene_7358,GPR64,chrX,4892
gene_7359,GPR65,chr14,4522
gene_7360,GPR68,chr14,3026
gene_7361,GPR6,chr6,2716
gene_7362,GPR75,chr2,2159
gene_7363,GPR77,chr19,1725
gene_7364,GPR78,chr4,4713
gene_7365,GPR81,chr12,2977
gene_7366,GPR82,chrX,5285
gene_7367,GPR83,chr11,4282
gene_7368,GPR84,chr12,1509
gene_7369,GPR85,chr7,5564
gene_7370,GPR87,chr3,1519
gene_7371,GPR88,chr1,3465
gene_7372,GPR89A,chr1,5365
gene_7373,GPR89B,chr1,2766
gene_7374,GPR89C,chr1,5471
gene_7375,GPR97,chr16,3398
gene_7376,GPR98,chr5,20808
gene_7377,GPRASP1,chrX,6017
gene_7378,GPRASP2,chrX,8115
gene_7379,GPRC5A,chr12,2851
gene_7380,GPRC5B,chr16,3201
gene_7381,GPRC5C,chr17,5054
gene_7382,GPRC5D,chr12,1038
gene_7383,GPRC6A,chr6,3172
gene_7384,GPRIN1,chr5,4208
gene_7385,GPRIN2,chr10,1823
gene_7386,GPRIN3,chr4,6352
gene_7387,GPS1,chr17,3014
gene_7388,GPS2,chr17,3193
gene_7389,GPSM1,chr9,5234
gene_7390,GPSM2,chr1,6403
gene_7391,GPSM3,chr6,1900
gene_7392,GPT2,chr16,4923
gene_7393,GPT,chr8,2805
gene_7394,GPX1,chr3,2087
gene_7395,GPX2,chr14,1499
gene_7396,GPX3,chr5,1761
gene_7397,GPX4,chr19,1279
gene_7398,GPX5,chr6,1730
gene_7399,GPX6,chr6,1712
gene_7400,GPX7,chr1,1229
gene_7401,GPX8,chr5,3893
gene_7402,GRAMD1A,chr19,4002
gene_7403,GRAMD1B,chr11,4793
gene_7404,GRAMD1C,chr3,5954
gene_7405,GRAMD2,chr15,3583
gene_7406,GRAMD3,chr5,4087
gene_7407,GRAMD4,chr22,4469
gene_7408,GRAP2,chr22,2133
gene_7409,GRAPL,chr17,967
gene_7410,GRAP,chr17,2033
gene_7411,GRASP,chr12,2193
gene_7412,GRB10,chr7,6211
gene_7413,GRB14,chr2,2580
gene_7414,GRB2,chr17,3304
gene_7415,GRB7,chr17,2701
gene_7416,GREB1L,chr18,7146
gene_7417,GREB1,chr2,12138
gene_7418,GREM1,chr15,8023
gene_7419,GREM2,chr1,4183
gene_7420,GRHL1,chr2,4016
gene_7421,GRHL2,chr8,6403
gene_7422,GRHL3,chr1,3425
gene_7423,GRHPR,chr9,3864
gene_7424,GRIA1,chr5,6776
gene_7425,GRIA2,chr4,6833
gene_7426,GRIA3,chrX,6502
gene_7427,GRIA4,chr11,10715
gene_7428,GRID1,chr10,5955
gene_7429,GRID2IP,chr7,4632
gene_7430,GRID2,chr4,5138
gene_7431,GRIK1,chr21,3827
gene_7432,GRIK2,chr6,6829
gene_7433,GRIK3,chr1,9839
gene_7434,GRIK4,chr11,3971
gene_7435,GRIK5,chr19,4108
gene_7436,GRIN1,chr9,7256
gene_7437,GRIN2A,chr16,17899
gene_7438,GRIN2B,chr12,5941
gene_7439,GRIN2C,chr17,9872
gene_7440,GRIN2D,chr19,5201
gene_7441,GRIN3A,chr9,10090
gene_7442,GRIN3B,chr19,3254
gene_7443,GRINA,chr8,2710
gene_7444,GRINL1A,chr15,5547
gene_7445,GRIP1,chr12,5496
gene_7446,GRIP2,chr3,15349
gene_7447,GRIPAP1,chrX,5085
gene_7448,GRK1,chr13,2098
gene_7449,GRK4,chr4,3922
gene_7450,GRK5,chr10,2925
gene_7451,GRK6,chr5,4571
gene_7452,GRK7,chr3,1746
gene_7453,GRLF1,chr19,8888
gene_7454,GRM1,chr6,11959
gene_7455,GRM2,chr3,3513
gene_7456,GRM3,chr7,4260
gene_7457,GRM4,chr6,8639
gene_7458,GRM5,chr11,8429
gene_7459,GRM6,chr5,7610
gene_7460,GRM7,chr3,7699
gene_7461,GRM8,chr7,4989
gene_7462,GRN,chr17,2305
gene_7463,GRPEL1,chr4,3442
gene_7464,GRPEL2,chr5,4105
gene_7465,GRPR,chrX,2681
gene_7466,GRP,chr18,1417
gene_7467,GRRP1,chr1,1524
gene_7468,GRSF1,chr4,7047
gene_7469,GRTP1,chr13,4102
gene_7470,GRWD1,chr19,5570
gene_7471,GRXCR1,chr4,992
gene_7472,GRXCR2,chr5,747
gene_7473,GSC2,chr22,618
gene_7474,GSC,chr14,1189
gene_7475,GSDMA,chr17,2408
gene_7476,GSDMB,chr17,3978
gene_7477,GSDMC,chr8,2714
gene_7478,GSDMD,chr8,4497
gene_7479,GSG1L,chr16,5074
gene_7480,GSG1,chr12,3353
gene_7481,GSG2,chr17,2796
gene_7482,GSK3A,chr19,4118
gene_7483,GSK3B,chr3,7118
gene_7484,GSN,chr9,6351
gene_7485,GSPT1,chr16,7999
gene_7486,GSPT2,chrX,2846
gene_7487,GSR,chr8,3160
gene_7488,GSS,chr20,3237
gene_7489,GSTA1,chr6,2462
gene_7490,GSTA2,chr6,1309
gene_7491,GSTA3,chr6,913
gene_7492,GSTA4,chr6,1600
gene_7493,GSTA5,chr6,844
gene_7494,GSTCD,chr4,6139
gene_7495,GSTK1,chr7,1363
gene_7496,GSTM1,chr1,1185
gene_7497,GSTM2P1,chr6,1136
gene_7498,GSTM2,chr1,2427
gene_7499,GSTM3,chr1,4316
gene_7500,GSTM4,chr1,2542
gene_7501,GSTM5,chr1,5650
gene_7502,GSTO1,chr10,1310
gene_7503,GSTO2,chr10,2179
gene_7504,GSTP1,chr11,958
gene_7505,GSTT1,chr22,2247
gene_7506,GSTT2,chr22,2502
gene_7507,GSTTP1,chr22,863
gene_7508,GSTTP2,chr22,2070
gene_7509,GSTZ1,chr14,1722
gene_7510,GSX1,chr13,847
gene_7511,GSX2,chr4,1212
gene_7512,GTDC1,chr2,5228
gene_7513,GTF2A1L,chr2,1682
gene_7514,GTF2A1,chr14,6487
gene_7515,GTF2A2,chr15,1582
gene_7516,GTF2B,chr1,1645
gene_7517,GTF2E1,chr3,3033
gene_7518,GTF2E2,chr8,1536
gene_7519,GTF2F1,chr19,2727
gene_7520,GTF2F2,chr13,1453
gene_7521,GTF2H1,chr11,3515
gene_7522,GTF2H2B,chr5,6056
gene_7523,GTF2H2C,chr5,3625
gene_7524,GTF2H2,chr5,3977
gene_7525,GTF2H3,chr12,3417
gene_7526,GTF2H4,chr6,3081
gene_7527,GTF2H5,chr6,7486
gene_7528,GTF2IP1,chr7,4020
gene_7529,GTF2IRD1,chr7,6975
gene_7530,GTF2IRD2B,chr7,5617
gene_7531,GTF2IRD2P1,chr7,3010
gene_7532,GTF2IRD2,chr7,5329
gene_7533,GTF2I,chr7,6670
gene_7534,GTF3A,chr13,2335
gene_7535,GTF3C1,chr16,7549
gene_7536,GTF3C2,chr2,4649
gene_7537,GTF3C3,chr2,6428
gene_7538,GTF3C4,chr9,3903
gene_7539,GTF3C5,chr9,3259
gene_7540,GTF3C6,chr6,950
gene_7541,GTPBP10,chr7,7769
gene_7542,GTPBP1,chr22,5047
gene_7543,GTPBP2,chr6,3054
gene_7544,GTPBP3,chr19,3654
gene_7545,GTPBP4,chr10,2751
gene_7546,GTPBP5,chr20,3011
gene_7547,GTPBP8,chr3,1613
gene_7548,GTSE1,chr22,4897
gene_7549,GTSF1L,chr20,1609
gene_7550,GTSF1,chr12,812
gene_7551,GUCA1A,chr6,2451
gene_7552,GUCA1B,chr6,2270
gene_7553,GUCA1C,chr3,1053
gene_7554,GUCA2A,chr1,575
gene_7555,GUCA2B,chr1,597
gene_7556,GUCY1A2,chr11,16282
gene_7557,GUCY1A3,chr4,12567
gene_7558,GUCY1B2,chr13,3398
gene_7559,GUCY1B3,chr4,4159
gene_7560,GUCY2C,chr12,4311
gene_7561,GUCY2D,chr17,3623
gene_7562,GUCY2E,chr11,2799
gene_7563,GUCY2F,chrX,4368
gene_7564,GUCY2GP,chr10,2974
gene_7565,GUF1,chr4,4216
gene_7566,GUK1,chr1,1837
gene_7567,GULP1,chr2,12808
gene_7568,GUSBL1,chr6,1200
gene_7569,GUSBL2,chr6,3020
gene_7570,GUSBP1,chr5,6825
gene_7571,GUSBP3,chr5,4052
gene_7572,GUSB,chr7,2883
gene_7573,GVIN1,chr11,8730
gene_7574,GXYLT1,chr12,7488
gene_7575,GXYLT2,chr3,1544
gene_7576,GYG1,chr3,2173
gene_7577,GYG2,chrX,3615
gene_7578,GYLTL1B,chr11,3449
gene_7579,GYPA,chr4,3337
gene_7580,GYPB,chr4,815
gene_7581,GYPC,chr2,2067
gene_7582,GYPE,chr4,1884
gene_7583,GYS1,chr19,3618
gene_7584,GYS2,chr12,3132
gene_7585,GZF1,chr20,4915
gene_7586,GZMA,chr5,896
gene_7587,GZMB,chr14,1087
gene_7588,GZMH,chr14,1037
gene_7589,GZMK,chr5,1045
gene_7590,GZMM,chr19,1094
gene_7591,H19,chr11,3744
gene_7592,H1F0,chr22,2330
gene_7593,H1FNT,chr12,1300
gene_7594,H1FOO,chr3,1158
gene_7595,H1FX,chr3,1507
gene_7596,H2AFB1,,
gene_7597,H2AFJ,chr12,7020
gene_7598,H2AFV,chr7,4704
gene_7599,H2AFX,chr11,1593
gene_7600,H2AFY2,chr10,2179
gene_7601,H2AFY,chr5,3079
gene_7602,H2AFZ,chr4,2602
gene_7603,H2BFM,chrX,1882
gene_7604,H2BFWT,chrX,891
gene_7605,H2BFXP,chrX,1658
gene_7606,H3F3A,chr1,2007
gene_7607,H3F3B,chr17,2705
gene_7608,H3F3C,chr12,1057
gene_7609,H6PD,chr1,9115
gene_7610,HAAO,chr2,1980
gene_7611,HABP2,chr10,3221
gene_7612,HABP4,chr9,2688
gene_7613,HACE1,chr6,7290
gene_7614,HACL1,chr3,2244
gene_7615,HADHA,chr2,3727
gene_7616,HADHB,chr2,2393
gene_7617,HADH,chr4,2316
gene_7618,HAGHL,chr16,3726
gene_7619,HAGH,chr16,2319
gene_7620,HAL,chr12,3962
gene_7621,HAMP,chr19,426
gene_7622,HAND1,chr5,1738
gene_7623,HAND2,chr4,2909
gene_7624,HAO1,chr20,1963
gene_7625,HAO2,chr1,1696
gene_7626,HAP1,chr17,4194
gene_7627,HAPLN1,chr5,4849
gene_7628,HAPLN2,chr1,3032
gene_7629,HAPLN3,chr15,3225
gene_7630,HAPLN4,chr19,4410
gene_7631,HAR1A,chr20,2794
gene_7632,HAR1B,chr20,1464
gene_7633,HARBI1,chr11,1522
gene_7634,HARS2,chr5,3274
gene_7635,HARS,chr5,4164
gene_7636,HAS1,chr19,3672
gene_7637,HAS2AS,chr8,2287
gene_7638,HAS2,chr8,3275
gene_7639,HAS3,chr16,5003
gene_7640,HAT1,chr2,3279
gene_7641,HAUS1,chr18,1340
gene_7642,HAUS2,chr15,4033
gene_7643,HAUS3,chr4,7541
gene_7644,HAUS4,chr14,2260
gene_7645,HAUS5,chr19,4309
gene_7646,HAUS6,chr9,8596
gene_7647,HAUS7,chrX,3532
gene_7648,HAUS8,chr19,1549
gene_7649,HAVCR1,chr5,2431
gene_7650,HAVCR2,chr5,3247
gene_7651,HAX1,chr1,2136
gene_7652,HBA1,chr16,576
gene_7653,HBA2,chr16,605
gene_7654,HBBP1,chr11,659
gene_7655,HBB,chr11,626
gene_7656,HBD,chr11,774
gene_7657,HBE1,chr11,956
gene_7658,HBEGF,chr5,2751
gene_7659,HBG1,chr11,584
gene_7660,HBG2,chr11,1979
gene_7661,HBII-52-24,chr15,71
gene_7662,HBII-52-27,chr15,76
gene_7663,HBII-52-28,chr15,74
gene_7664,HBII-52-45,chr15,53
gene_7665,HBII-52-46,chr15,33
gene_7666,HBM,chr16,510
gene_7667,HBP1,chr7,6086
gene_7668,HBQ1,chr16,653
gene_7669,HBS1L,chr6,10774
gene_7670,HBXIP,chr1,848
gene_7671,HBZ,chr16,589
gene_7672,HCCS,chrX,2669
gene_7673,HCFC1R1,chr16,1228
gene_7674,HCFC1,chrX,8426
gene_7675,HCFC2,chr12,5735
gene_7676,HCG11,chr6,5679
gene_7677,HCG18,chr6,17492
gene_7678,HCG22,chr6,2864
gene_7679,HCG26,chr6,1180
gene_7680,HCG27,chr6,1720
gene_7681,HCG2P7,,
gene_7682,HCG4P6,chr6,1060
gene_7683,HCG4,chr6,2043
gene_7684,HCG9,chr6,650
gene_7685,HCK,chr20,2383
gene_7686,HCLS1,chr3,2633
gene_7687,HCN1,chr5,9669
gene_7688,HCN2,chr19,3408
gene_7689,HCN3,chr1,4887
gene_7690,HCN4,chr15,7228
gene_7691,HCP5,chr6,2539
gene_7692,HCRTR1,chr1,2833
gene_7693,HCRTR2,chr6,2997
gene_7694,HCRT,chr17,577
gene_7695,HCST,chr19,656
gene_7696,HDAC10,chr22,4029
gene_7697,HDAC11,chr3,3462
gene_7698,HDAC1,chr1,3798
gene_7699,HDAC2,chr6,6929
gene_7700,HDAC3,chr5,2297
gene_7701,HDAC4,chr2,11218
gene_7702,HDAC5,chr17,6857
gene_7703,HDAC6,chrX,9984
gene_7704,HDAC7,chr12,4776
gene_7705,HDAC8,chrX,4806
gene_7706,HDAC9,chr7,10036
gene_7707,HDC,chr15,4631
gene_7708,HDDC2,chr6,1615
gene_7709,HDDC3,chr15,1045
gene_7710,HDGFL1,chr6,1073
gene_7711,HDGFRP2,chr19,4752
gene_7712,HDGFRP3,chr15,2434
gene_7713,HDGF,chr1,3555
gene_7714,HDHD1A,chrX,2537
gene_7715,HDHD2,chr18,2333
gene_7716,HDHD3,chr9,2061
gene_7717,HDLBP,chr2,7336
gene_7718,HDX,chrX,6335
gene_7719,HEATR1,chr1,9028
gene_7720,HEATR2,chr7,7060
gene_7721,HEATR3,chr16,3318
gene_7722,HEATR4,chr14,3722
gene_7723,HEATR5A,chr14,8648
gene_7724,HEATR5B,chr2,8283
gene_7725,HEATR6,chr17,4488
gene_7726,HEATR7A,chr8,10640
gene_7727,HEATR7B2,chr5,5579
gene_7728,HEBP1,chr12,1208
gene_7729,HEBP2,chr6,1282
gene_7730,HECA,chr6,5621
gene_7731,HECTD1,chr14,11615
gene_7732,HECTD2,chr10,6731
gene_7733,HECTD3,chr1,5032
gene_7734,HECW1,chr7,10085
gene_7735,HECW2,chr2,7436
gene_7736,HEG1,chr3,9625
gene_7737,HELB,chr12,3831
gene_7738,HELLS,chr10,3495
gene_7739,HELQ,chr4,5372
gene_7740,HELT,chr4,2182
gene_7741,HELZ,chr17,15442
gene_7742,HEMGN,chr9,2587
gene_7743,HEMK1,chr3,5983
gene_7744,HEPACAM2,chr7,2619
gene_7745,HEPACAM,chr11,3792
gene_7746,HEPHL1,chr11,5951
gene_7747,HEPH,chrX,7076
gene_7748,HEPN1,chr11,1428
gene_7749,HERC1,chr15,15955
gene_7750,HERC2P2,chr15,9897
gene_7751,HERC2P4,chr16,1162
gene_7752,HERC2,chr15,18438
gene_7753,HERC3,chr4,6753
gene_7754,HERC4,chr10,11072
gene_7755,HERC5,chr4,3599
gene_7756,HERC6,chr4,5446
gene_7757,HERPUD1,chr16,3782
gene_7758,HERPUD2,chr7,3862
gene_7759,HES1,chr3,2129
gene_7760,HES2,chr1,5366
gene_7761,HES3,chr1,697
gene_7762,HES4,chr1,1443
gene_7763,HES5,chr1,1306
gene_7764,HES6,chr2,2745
gene_7765,HES7,chr17,3115
gene_7766,HESRG,chr3,3138
gene_7767,HESX1,chr3,1173
gene_7768,HEXA,chr15,3259
gene_7769,HEXB,chr5,2500
gene_7770,HEXDC,chr17,4246
gene_7771,HEXIM1,chr17,4785
gene_7772,HEXIM2,chr17,1490
gene_7773,HEY1,chr8,2516
gene_7774,HEY2,chr6,2765
gene_7775,HEYL,chr1,4203
gene_7776,HFE2,chr1,2252
gene_7777,HFE,chr6,2684
gene_7778,HFM1,chr1,5896
gene_7779,HGC6.3,chr6,1016
gene_7780,HGD,chr3,3288
gene_7781,HGFAC,chr4,2059
gene_7782,HGF,chr7,6738
gene_7783,HGSNAT,chr8,5214
gene_7784,HGS,chr17,3356
gene_7785,HHATL,chr3,1999
gene_7786,HHAT,chr1,4379
gene_7787,HHEX,chr10,1759
gene_7788,HHIPL1,chr14,3905
gene_7789,HHIPL2,chr1,2574
gene_7790,HHIP,chr4,3947
gene_7791,HHLA1,chr8,5492
gene_7792,HHLA2,chr3,2893
gene_7793,HHLA3,chr1,1551
gene_7794,HIAT1,chr1,2637
gene_7795,HIATL1,chr9,3298
gene_7796,HIATL2,chr9,786
gene_7797,HIBADH,chr7,4024
gene_7798,HIBCH,chr2,1939
gene_7799,HIC1,chr17,4409
gene_7800,HIC2,chr22,7194
gene_7801,HIF1AN,chr10,6912
gene_7802,HIF1A,chr14,4586
gene_7803,HIF3A,chr19,7699
gene_7804,HIGD1A,chr3,3181
gene_7805,HIGD1B,chr17,902
gene_7806,HIGD1C,chr12,294
gene_7807,HIGD2A,chr5,611
gene_7808,HIGD2B,chr15,1117
gene_7809,HILS1,chr17,903
gene_7810,HINFP,chr11,5336
gene_7811,HINT1,chr5,1511
gene_7812,HINT2,chr9,652
gene_7813,HINT3,chr6,3494
gene_7814,HIP1R,chr12,6303
gene_7815,HIP1,chr7,8033
gene_7816,HIPK1,chr1,9016
gene_7817,HIPK2,chr7,15352
gene_7818,HIPK3,chr11,8222
gene_7819,HIPK4,chr19,2452
gene_7820,HIRA,chr22,4931
gene_7821,HIRIP3,chr16,3976
gene_7822,HIST1H1A,chr6,781
gene_7823,HIST1H1B,chr6,790
gene_7824,HIST1H1C,chr6,732
gene_7825,HIST1H1D,chr6,777
gene_7826,HIST1H1E,chr6,785
gene_7827,HIST1H1T,chr6,725
gene_7828,HIST1H2AA,chr6,500
gene_7829,HIST1H2AB,chr6,477
gene_7830,HIST1H2AC,chr6,546
gene_7831,HIST1H2AD,chr6,510
gene_7832,HIST1H2AE,chr6,564
gene_7833,HIST1H2AG,chr6,498
gene_7834,HIST1H2AH,chr6,481
gene_7835,HIST1H2AJ,chr6,439
gene_7836,HIST1H2AK,chr6,460
gene_7837,HIST1H2AL,chr6,470
gene_7838,HIST1H2AM,chr6,487
gene_7839,HIST1H2BA,chr6,437
gene_7840,HIST1H2BB,chr6,431
gene_7841,HIST1H2BC,chr6,438
gene_7842,HIST1H2BD,chr6,1300
gene_7843,HIST1H2BE,chr6,435
gene_7844,HIST1H2BF,chr6,430
gene_7845,HIST1H2BG,chr6,445
gene_7846,HIST1H2BH,chr6,425
gene_7847,HIST1H2BI,chr6,437
gene_7848,HIST1H2BJ,chr6,481
gene_7849,HIST1H2BK,chr6,839
gene_7850,HIST1H2BL,chr6,453
gene_7851,HIST1H2BM,chr6,446
gene_7852,HIST1H2BN,chr6,449
gene_7853,HIST1H2BO,chr6,467
gene_7854,HIST1H3A,chr6,469
gene_7855,HIST1H3B,chr6,472
gene_7856,HIST1H3C,chr6,459
gene_7857,HIST1H3D,chr6,921
gene_7858,HIST1H3E,chr6,462
gene_7859,HIST1H3F,chr6,466
gene_7860,HIST1H3G,chr6,467
gene_7861,HIST1H3H,chr6,2338
gene_7862,HIST1H3I,chr6,477
gene_7863,HIST1H3J,chr6,478
gene_7864,HIST1H4A,chr6,372
gene_7865,HIST1H4B,chr6,357
gene_7866,HIST1H4C,chr6,390
gene_7867,HIST1H4D,chr6,367
gene_7868,HIST1H4E,chr6,377
gene_7869,HIST1H4F,chr6,368
gene_7870,HIST1H4G,chr6,367
gene_7871,HIST1H4H,chr6,374
gene_7872,HIST1H4I,chr6,370
gene_7873,HIST1H4J,chr6,356
gene_7874,HIST1H4K,chr6,354
gene_7875,HIST1H4L,chr6,364
gene_7876,HIST2H2AA3,,
gene_7877,HIST2H2AB,chr1,448
gene_7878,HIST2H2AC,chr1,437
gene_7879,HIST2H2BA,chr1,515
gene_7880,HIST2H2BE,chr1,2223
gene_7881,HIST2H2BF,chr1,2117
gene_7882,HIST2H3C,chr1,1014
gene_7883,HIST2H3D,chr1,457
gene_7884,HIST2H4A,chr1,792
gene_7885,HIST3H2A,chr1,496
gene_7886,HIST3H2BB,chr1,452
gene_7887,HIST3H3,chr1,481
gene_7888,HIST4H4,chr12,412
gene_7889,HIVEP1,chr6,8874
gene_7890,HIVEP2,chr6,9724
gene_7891,HIVEP3,chr1,19126
gene_7892,HJURP,chr2,3050
gene_7893,HK1,chr10,5015
gene_7894,HK2,chr2,7093
gene_7895,HK3,chr5,4301
gene_7896,HKDC1,chr10,3951
gene_7897,HKR1,chr19,7104
gene_7898,HLA-A,chr6,4261
gene_7899,HLA-B,chr6,4027
gene_7900,HLA-C,chr6,2226
gene_7901,HLA-DMA,chr6,2291
gene_7902,HLA-DMB,chr6,7971
gene_7903,HLA-DOA,chr6,4464
gene_7904,HLA-DOB,chr6,2009
gene_7905,HLA-DPA1,chr6,2426
gene_7906,HLA-DPB1,chr6,4962
gene_7907,HLA-DPB2,chr6,1564
gene_7908,HLA-DQA1,chr6,7987
gene_7909,HLA-DQA2,chr6,1152
gene_7910,HLA-DQB1,chr6,2563
gene_7911,HLA-DQB2,chr6,2439
gene_7912,HLA-DRA,chr6,1490
gene_7913,HLA-DRB1,chr6,1819
gene_7914,HLA-DRB5,chr6,1362
gene_7915,HLA-DRB6,chr6,1858
gene_7916,HLA-E,chr6,3348
gene_7917,HLA-F,chr6,5361
gene_7918,HLA-G,chr6,3339
gene_7919,HLA-H,chr6,3124
gene_7920,HLA-J,chr6,2027
gene_7921,HLA-L,chr6,4622
gene_7922,HLCS,chr21,7368
gene_7923,HLF,chr17,6364
gene_7924,HLTF,chr3,6857
gene_7925,HLX,chr1,2278
gene_7926,HM13,chr20,3561
gene_7927,HMBOX1,chr8,4324
gene_7928,HMBS,chr11,2783
gene_7929,HMCN1,chr1,18685
gene_7930,HMG20A,chr15,4659
gene_7931,HMG20B,chr19,3057
gene_7932,HMGA1,chr6,3082
gene_7933,HMGA2,chr12,15333
gene_7934,HMGB1,chr13,6334
gene_7935,HMGB2,chr4,1910
gene_7936,HMGB3L1,chr20,888
gene_7937,HMGB3,chrX,8453
gene_7938,HMGB4,chr1,2971
gene_7939,HMGCLL1,chr6,4779
gene_7940,HMGCL,chr1,3284
gene_7941,HMGCR,chr5,4871
gene_7942,HMGCS1,chr5,5628
gene_7943,HMGCS2,chr1,2897
gene_7944,HMGN1,chr21,2003
gene_7945,HMGN2,chr1,1969
gene_7946,HMGN3,chr6,2232
gene_7947,HMGN4,chr6,1968
gene_7948,HMGN5,chrX,2126
gene_7949,HMGXB3,chr5,5406
gene_7950,HMGXB4,chr22,4251
gene_7951,HMHA1,chr19,6422
gene_7952,HMHB1,chr5,384
gene_7953,HMMR,chr5,3188
gene_7954,HMOX1,chr22,1590
gene_7955,HMOX2,chr16,2486
gene_7956,HMP19,chr5,2542
gene_7957,HMSD,chr18,625
gene_7958,HMX1,chr4,1896
gene_7959,HMX2,chr10,1628
gene_7960,HMX3,chr10,1074
gene_7961,HN1L,chr16,3929
gene_7962,HN1,chr17,1696
gene_7963,HNF1A,chr12,5183
gene_7964,HNF1B,chr17,4364
gene_7965,HNF4A,chr20,5830
gene_7966,HNF4G,chr8,4357
gene_7967,HNMT,chr2,4178
gene_7968,HNRNPA0,chr5,2967
gene_7969,HNRNPA1L2,chr13,2379
gene_7970,HNRNPA1,chr12,2810
gene_7971,HNRNPA2B1,chr7,3702
gene_7972,HNRNPA3P1,chr10,3006
gene_7973,HNRNPA3,chr2,7727
gene_7974,HNRNPAB,chr5,2330
gene_7975,HNRNPCL1,chr1,1108
gene_7976,HNRNPC,chr14,5000
gene_7977,HNRNPD,chr4,3011
gene_7978,HNRNPF,chr10,3582
gene_7979,HNRNPH1,chr5,4594
gene_7980,HNRNPH2,chrX,2567
gene_7981,HNRNPH3,chr10,4422
gene_7982,HNRNPK,chr9,5675
gene_7983,HNRNPL,chr19,8372
gene_7984,HNRNPM,chr19,2612
gene_7985,HNRNPR,chr1,3179
gene_7986,HNRNPUL1,chr19,6259
gene_7987,HNRNPUL2,chr11,5147
gene_7988,HNRNPU,chr1,8455
gene_7989,HNRPDL,chr4,4245
gene_7990,HNRPLL,chr2,3461
gene_7991,HOMER1,chr5,4312
gene_7992,HOMER2,chr15,2099
gene_7993,HOMER3,chr19,3472
gene_7994,HOMEZ,chr14,4037
gene_7995,HOOK1,chr1,6289
gene_7996,HOOK2,chr19,2610
gene_7997,HOOK3,chr8,15047
gene_7998,HOPX,chr4,2692
gene_7999,HORMAD1,chr1,1898
gene_8000,HORMAD2,chr22,2143
gene_8001,HOTAIR,chr12,2839
gene_8002,HOXA10,chr7,3187
gene_8003,HOXA11AS,chr7,1549
gene_8004,HOXA11,chr7,3271
gene_8005,HOXA13,chr7,2514
gene_8006,HOXA1,chr7,3090
gene_8007,HOXA2,chr7,1778
gene_8008,HOXA3,chr7,3476
gene_8009,HOXA4,chr7,1728
gene_8010,HOXA5,chr7,1657
gene_8011,HOXA6,chr7,802
gene_8012,HOXA7,chr7,2015
gene_8013,HOXA9,chr7,2057
gene_8014,HOXB13,chr17,3036
gene_8015,HOXB1,chr17,1014
gene_8016,HOXB2,chr17,1602
gene_8017,HOXB3,chr17,5845
gene_8018,HOXB4,chr17,2033
gene_8019,HOXB5,chr17,1821
gene_8020,HOXB6,chr17,2714
gene_8021,HOXB7,chr17,1366
gene_8022,HOXB8,chr17,1823
gene_8023,HOXB9,chr17,2700
gene_8024,HOXC10,chr12,1959
gene_8025,HOXC11,chr12,2037
gene_8026,HOXC12,chr12,849
gene_8027,HOXC13,chr12,2396
gene_8028,HOXC4,chr12,2785
gene_8029,HOXC5,chr12,2169
gene_8030,HOXC6,chr12,2584
gene_8031,HOXC8,chr12,2288
gene_8032,HOXC9,chr12,1541
gene_8033,HOXD10,chr2,1804
gene_8034,HOXD11,chr2,1568
gene_8035,HOXD12,chr2,813
gene_8036,HOXD13,chr2,2327
gene_8037,HOXD1,chr2,2108
gene_8038,HOXD3,chr2,2299
gene_8039,HOXD4,chr2,1296
gene_8040,HOXD8,chr2,4188
gene_8041,HOXD9,chr2,1885
gene_8042,HP1BP3,chr1,8737
gene_8043,HPCAL1,chr2,6231
gene_8044,HPCAL4,chr1,4259
gene_8045,HPCA,chr1,1406
gene_8046,HPDL,chr1,1802
gene_8047,HPD,chr12,1942
gene_8048,HPGDS,chr4,1615
gene_8049,HPGD,chr4,3297
gene_8050,HPN,chr19,4528
gene_8051,HPRT1,chrX,1415
gene_8052,HPR,chr16,1242
gene_8053,HPS1,chr10,4828
gene_8054,HPS3,chr3,6283
gene_8055,HPS4,chr22,11161
gene_8056,HPS5,chr11,5288
gene_8057,HPS6,chr10,2672
gene_8058,HPSE2,chr10,4419
gene_8059,HPSE,chr4,5248
gene_8060,HPVC1,chr7,1198
gene_8061,HPX,chr11,2413
gene_8062,HPYR1,chr8,982
gene_8063,HP,chr16,1431
gene_8064,HRASLS2,chr11,742
gene_8065,HRASLS5,chr11,3417
gene_8066,HRASLS,chr3,1063
gene_8067,HRAS,chr11,1640
gene_8068,HRCT1,chr9,950
gene_8069,HRC,chr19,2384
gene_8070,HRG,chr3,1952
gene_8071,HRH1,chr3,4818
gene_8072,HRH2,chr5,5649
gene_8073,HRH3,chr20,4383
gene_8074,HRH4,chr18,6779
gene_8075,HRK,chr12,1839
gene_8076,HRNBP3,chr17,4753
gene_8077,HRNR,chr1,9632
gene_8078,HRSP12,chr8,1011
gene_8079,HR,chr8,6641
gene_8080,HS1BP3,chr2,5484
gene_8081,HS2ST1,chr1,7363
gene_8082,HS3ST1,chr4,1965
gene_8083,HS3ST2,chr16,1952
gene_8084,HS3ST3A1,chr17,2527
gene_8085,HS3ST3B1,chr17,2032
gene_8086,HS3ST4,chr16,3203
gene_8087,HS3ST5,chr6,3232
gene_8088,HS3ST6,chr16,1062
gene_8089,HS6ST1,chr2,3952
gene_8090,HS6ST2,chrX,5392
gene_8091,HS6ST3,chr13,7804
gene_8092,HSBP1L1,chr18,750
gene_8093,HSBP1,chr16,1989
gene_8094,HSCB,chr22,1088
gene_8095,HSD11B1L,chr19,3533
gene_8096,HSD11B1,chr1,1816
gene_8097,HSD11B2,chr16,1882
gene_8098,HSD17B10,chrX,1045
gene_8099,HSD17B11,chr4,1873
gene_8100,HSD17B12,chr11,3203
gene_8101,HSD17B13,chr4,2395
gene_8102,HSD17B14,chr19,1237
gene_8103,HSD17B1,chr17,2589
gene_8104,HSD17B2,chr16,1434
gene_8105,HSD17B3,chr9,1134
gene_8106,HSD17B4,chr5,3335
gene_8107,HSD17B6,chr12,1512
gene_8108,HSD17B7P2,chr10,2380
gene_8109,HSD17B7,chr1,2653
gene_8110,HSD17B8,chr6,995
gene_8111,HSD3B1,chr1,1984
gene_8112,HSD3B2,chr1,6407
gene_8113,HSD3B7,chr16,2550
gene_8114,HSDL1,chr16,3949
gene_8115,HSDL2,chr9,3518
gene_8116,HSF1,chr8,2330
gene_8117,HSF2BP,chr21,1899
gene_8118,HSF2,chr6,2973
gene_8119,HSF4,chr16,2867
gene_8120,HSF5,chr17,4107
gene_8121,HSFX1,,
gene_8122,HSFX2,chrX,4678
gene_8123,HSFY2,chrY,4620
gene_8124,HSFYL1,chr22,1381
gene_8125,HSH2D,chr19,4682
gene_8126,HSN2,,
gene_8127,HSP90AA1,chr14,4916
gene_8128,HSP90AB1,chr6,3495
gene_8129,HSP90AB2P,,
gene_8130,HSP90AB4P,chr15,2828
gene_8131,HSP90B1,chr12,3174
gene_8132,HSP90B3P,,
gene_8133,HSPA12A,chr10,6079
gene_8134,HSPA12B,chr20,3389
gene_8135,HSPA13,chr21,3986
gene_8136,HSPA14,chr10,6727
gene_8137,HSPA1A,chr6,2429
gene_8138,HSPA1B,chr6,2520
gene_8139,HSPA1L,chr6,2681
gene_8140,HSPA2,chr14,2769
gene_8141,HSPA4L,chr4,3402
gene_8142,HSPA4,chr5,3385
gene_8143,HSPA5,chr9,3970
gene_8144,HSPA6,chr1,2652
gene_8145,HSPA7,chr1,2493
gene_8146,HSPA8,chr11,4501
gene_8147,HSPA9,chr5,3763
gene_8148,HSPB11,chr1,2988
gene_8149,HSPB1,chr7,1048
gene_8150,HSPB2,chr11,1699
gene_8151,HSPB3,chr5,784
gene_8152,HSPB6,chr19,1460
gene_8153,HSPB7,chr1,3855
gene_8154,HSPB8,chr12,2002
gene_8155,HSPB9,chr17,616
gene_8156,HSPBAP1,chr3,2810
gene_8157,HSPBP1,chr19,2606
gene_8158,HSPC072,chr20,3197
gene_8159,HSPC157,chr1,1197
gene_8160,HSPC159,chr2,3827
gene_8161,HSPD1,chr2,4342
gene_8162,HSPE1,chr2,953
gene_8163,HSPG2,chr1,15769
gene_8164,HSPH1,chr13,5450
gene_8165,HTATIP2,chr11,2698
gene_8166,HTATSF1,chrX,3380
gene_8167,HTA,chr16,1078
gene_8168,HTN1,chr4,537
gene_8169,HTN3,chr4,578
gene_8170,HTR1A,chr5,2245
gene_8171,HTR1B,chr6,1173
gene_8172,HTR1D,chr1,2835
gene_8173,HTR1E,chr6,2048
gene_8174,HTR1F,chr3,3178
gene_8175,HTR2A,chr13,5442
gene_8176,HTR2B,chr2,2232
gene_8177,HTR2C,chrX,4948
gene_8178,HTR3A,chr11,2843
gene_8179,HTR3B,chr11,2111
gene_8180,HTR3C,chr3,1699
gene_8181,HTR3D,chr3,2961
gene_8182,HTR3E,chr3,2800
gene_8183,HTR4,chr5,7001
gene_8184,HTR5A,chr7,4555
gene_8185,HTR6,chr1,1984
gene_8186,HTR7P1,chr12,4389
gene_8187,HTR7,chr10,4107
gene_8188,HTRA1,chr10,2120
gene_8189,HTRA2,chr2,3260
gene_8190,HTRA3,chr4,3323
gene_8191,HTRA4,chr8,2110
gene_8192,HTT,chr4,13475
gene_8193,HULC,chr6,485
gene_8194,HUNK,chr21,7385
gene_8195,HUS1B,chr6,1026
gene_8196,HUS1,chr7,3017
gene_8197,HUWE1,chrX,15157
gene_8198,HVCN1,chr12,2256
gene_8199,HYAL1,chr3,5911
gene_8200,HYAL2,chr3,6084
gene_8201,HYAL3,chr3,2159
gene_8202,HYAL4,chr7,2463
gene_8203,HYALP1,chr7,983
gene_8204,HYDIN,chr16,18459
gene_8205,HYI,chr1,1689
gene_8206,HYLS1,chr11,2518
gene_8207,HYMAI,chr6,4994
gene_8208,HYOU1,chr11,5348
gene_8209,IAH1,chr2,1657
gene_8210,IAPP,chr12,1976
gene_8211,IARS2,chr1,3549
gene_8212,IARS,chr9,6797
gene_8213,IBSP,chr4,1591
gene_8214,IBTK,chr6,8015
gene_8215,ICA1L,chr2,11905
gene_8216,ICA1,chr7,3437
gene_8217,ICAM1,chr19,3438
gene_8218,ICAM2,chr17,2859
gene_8219,ICAM3,chr19,3437
gene_8220,ICAM4,chr19,2617
gene_8221,ICAM5,chr19,3339
gene_8222,ICK,chr6,7180
gene_8223,ICMT,chr1,4922
gene_8224,ICOSLG,chr21,3930
gene_8225,ICOS,chr2,2735
gene_8226,ICT1,chr17,879
gene_8227,ID1,chr20,2225
gene_8228,ID2B,,
gene_8229,ID2,chr2,1364
gene_8230,ID3,chr1,1239
gene_8231,ID4,chr6,3876
gene_8232,IDE,chr10,6131
gene_8233,IDH1,chr2,2589
gene_8234,IDH2,chr15,1851
gene_8235,IDH3A,chr15,3927
gene_8236,IDH3B,chr20,2848
gene_8237,IDH3G,chrX,2917
gene_8238,IDI1,chr10,3748
gene_8239,IDI2,chr10,1359
gene_8240,IDO1,chr8,1931
gene_8241,IDO2,chr8,4663
gene_8242,IDS,chrX,8595
gene_8243,IDUA,chr4,3074
gene_8244,IER2,chr19,2046
gene_8245,IER3IP1,chr18,1504
gene_8246,IER3,chr6,1240
gene_8247,IER5L,chr9,2710
gene_8248,IER5,chr1,2342
gene_8249,IFFO1,chr12,6420
gene_8250,IFFO2,chr1,5835
gene_8251,IFI16,chr1,3489
gene_8252,IFI27L1,chr14,794
gene_8253,IFI27L2,chr14,467
gene_8254,IFI27,chr14,767
gene_8255,IFI30,chr19,1032
gene_8256,IFI35,chr17,1250
gene_8257,IFI44L,chr1,5874
gene_8258,IFI44,chr1,2627
gene_8259,IFI6,chr1,1076
gene_8260,IFIH1,chr2,4387
gene_8261,IFIT1B,chr10,1972
gene_8262,IFIT1,chr10,4934
gene_8263,IFIT2,chr10,3495
gene_8264,IFIT3,chr10,2688
gene_8265,IFIT5,chr10,5505
gene_8266,IFITM1,chr11,717
gene_8267,IFITM2,chr11,730
gene_8268,IFITM3,chr11,981
gene_8269,IFITM4P,chr6,342
gene_8270,IFITM5,chr11,735
gene_8271,IFLTD1,chr12,3814
gene_8272,IFNA10,chr9,963
gene_8273,IFNA13,chr9,705
gene_8274,IFNA14,chr9,778
gene_8275,IFNA16,chr9,939
gene_8276,IFNA17,chr9,980
gene_8277,IFNA1,chr9,863
gene_8278,IFNA21,chr9,1024
gene_8279,IFNA2,chr9,1143
gene_8280,IFNA4,chr9,981
gene_8281,IFNA5,chr9,700
gene_8282,IFNA6,chr9,570
gene_8283,IFNA7,chr9,737
gene_8284,IFNA8,chr9,1039
gene_8285,IFNAR1,chr21,6304
gene_8286,IFNAR2,chr21,3226
gene_8287,IFNB1,chr9,840
gene_8288,IFNE,chr9,1474
gene_8289,IFNGR1,chr6,2479
gene_8290,IFNGR2,chr21,2221
gene_8291,IFNG,chr12,1210
gene_8292,IFNK,chr9,1140
gene_8293,IFNW1,chr9,1514
gene_8294,IFRD1,chr7,6559
gene_8295,IFRD2,chr3,2665
gene_8296,IFT122,chr3,6179
gene_8297,IFT140,chr16,5332
gene_8298,IFT172,chr2,6827
gene_8299,IFT20,chr17,1940
gene_8300,IFT27,chr22,7727
gene_8301,IFT46,chr11,1875
gene_8302,IFT52,chr20,2210
gene_8303,IFT57,chr3,3561
gene_8304,IFT74,chr9,2772
gene_8305,IFT80,chr3,7724
gene_8306,IFT81,chr12,4027
gene_8307,IFT88,chr13,6347
gene_8308,IGBP1,chrX,2347
gene_8309,IGDCC3,chr15,5528
gene_8310,IGDCC4,chr15,7165
gene_8311,IGF1R,chr15,11921
gene_8312,IGF1,chr12,7863
gene_8313,IGF2AS,chr11,4646
gene_8314,IGF2BP1,chr17,8769
gene_8315,IGF2BP2,chr3,3873
gene_8316,IGF2BP3,chr7,6571
gene_8317,IGF2R,chr6,9091
gene_8318,IGF2,chr11,6395
gene_8319,IGFALS,chr16,4259
gene_8320,IGFBP1,chr7,1650
gene_8321,IGFBP2,chr2,5748
gene_8322,IGFBP3,chr7,3516
gene_8323,IGFBP4,chr17,2236
gene_8324,IGFBP5,chr2,6239
gene_8325,IGFBP6,chr12,966
gene_8326,IGFBP7,chr4,1444
gene_8327,IGFBPL1,chr9,3559
gene_8328,IGFL1,chr19,769
gene_8329,IGFL2,chr19,955
gene_8330,IGFL3,chr19,662
gene_8331,IGFL4,chr19,573
gene_8332,IGFN1,chr1,12228
gene_8333,IGHMBP2,chr11,6006
gene_8334,IGJ,chr4,1457
gene_8335,IGLL1,chr22,900
gene_8336,IGLL3,chr22,675
gene_8337,IGLON5,chr19,3100
gene_8338,IGSF10,chr3,8850
gene_8339,IGSF11,chr3,3979
gene_8340,IGSF1,chrX,7047
gene_8341,IGSF21,chr1,2808
gene_8342,IGSF22,chr11,4334
gene_8343,IGSF3,chr1,7841
gene_8344,IGSF5,chr21,2066
gene_8345,IGSF6,chr16,2151
gene_8346,IGSF8,chr1,2729
gene_8347,IGSF9B,chr11,5281
gene_8348,IGSF9,chr1,5705
gene_8349,IHH,chr2,2072
gene_8350,IKBIP,chr12,4099
gene_8351,IKBKAP,chr9,8320
gene_8352,IKBKB,chr8,6884
gene_8353,IKBKE,chr1,4023
gene_8354,IKBKG,chrX,3178
gene_8355,IKZF1,chr7,8051
gene_8356,IKZF2,chr2,11804
gene_8357,IKZF3,chr17,10134
gene_8358,IKZF4,chr12,6291
gene_8359,IKZF5,chr10,4975
gene_8360,IK,chr5,2353
gene_8361,IL10RA,chr11,6174
gene_8362,IL10RB,chr21,2866
gene_8363,IL10,chr1,1629
gene_8364,IL11RA,chr9,3365
gene_8365,IL11,chr19,2378
gene_8366,IL12A,chr3,1443
gene_8367,IL12B,chr5,2347
gene_8368,IL12RB1,chr19,3158
gene_8369,IL12RB2,chr1,4329
gene_8370,IL13RA1,chrX,4383
gene_8371,IL13RA2,chrX,2386
gene_8372,IL13,chr5,1282
gene_8373,IL15RA,chr10,2211
gene_8374,IL15,chr4,3063
gene_8375,IL16,chr15,12552
gene_8376,IL17A,chr6,1859
gene_8377,IL17B,chr5,695
gene_8378,IL17C,chr16,1045
gene_8379,IL17D,chr13,1861
gene_8380,IL17F,chr6,1246
gene_8381,IL17RA,chr22,9056
gene_8382,IL17RB,chr3,2040
gene_8383,IL17RC,chr3,5392
gene_8384,IL17RD,chr3,10143
gene_8385,IL17REL,chr22,3635
gene_8386,IL17RE,chr3,4433
gene_8387,IL18BP,chr11,4337
gene_8388,IL18R1,chr2,3863
gene_8389,IL18RAP,chr2,2667
gene_8390,IL18,chr11,2149
gene_8391,IL19,chr1,2734
gene_8392,IL1A,chr2,2928
gene_8393,IL1B,chr2,1559
gene_8394,IL1F10,chr2,1785
gene_8395,IL1F5,chr2,2801
gene_8396,IL1F6,chr2,477
gene_8397,IL1F7,chr2,838
gene_8398,IL1F8,chr2,1739
gene_8399,IL1F9,chr2,1180
gene_8400,IL1R1,chr2,5376
gene_8401,IL1R2,chr2,1940
gene_8402,IL1RAPL1,chrX,2679
gene_8403,IL1RAPL2,chrX,2985
gene_8404,IL1RAP,chr3,7192
gene_8405,IL1RL1,chr2,3659
gene_8406,IL1RL2,chr2,2113
gene_8407,IL1RN,chr2,3810
gene_8408,IL20RA,chr6,4241
gene_8409,IL20RB,chr3,2399
gene_8410,IL20,chr1,1423
gene_8411,IL21R,chr16,5094
gene_8412,IL21,chr4,918
gene_8413,IL22RA1,chr1,5153
gene_8414,IL22RA2,chr6,2897
gene_8415,IL22,chr12,1402
gene_8416,IL23A,chr12,1042
gene_8417,IL23R,chr1,3978
gene_8418,IL24,chr1,2175
gene_8419,IL25,chr14,1703
gene_8420,IL26,chr12,1047
gene_8421,IL27RA,chr19,2659
gene_8422,IL27,chr16,1044
gene_8423,IL28A,chr19,734
gene_8424,IL28B,chr19,812
gene_8425,IL28RA,chr1,8518
gene_8426,IL29,chr19,856
gene_8427,IL2RA,chr10,3216
gene_8428,IL2RB,chr22,4043
gene_8429,IL2RG,chrX,1534
gene_8430,IL2,chr4,798
gene_8431,IL31RA,chr5,4874
gene_8432,IL31,chr12,904
gene_8433,IL32,chr16,2041
gene_8434,IL33,chr9,2706
gene_8435,IL34,chr16,2076
gene_8436,IL3RA,chrX,3420
gene_8437,IL3,chr5,924
gene_8438,IL4I1,chr19,5335
gene_8439,IL4R,chr16,4085
gene_8440,IL4,chr5,618
gene_8441,IL5RA,chr3,6502
gene_8442,IL5,chr5,816
gene_8443,IL6R,chr1,6565
gene_8444,IL6ST,chr5,9282
gene_8445,IL6,chr7,2644
gene_8446,IL7R,chr5,4811
gene_8447,IL7,chr8,3136
gene_8448,IL8,chr4,1705
gene_8449,IL9R,chrX,6314
gene_8450,IL9,chr5,591
gene_8451,ILDR1,chr3,3199
gene_8452,ILDR2,chr1,8127
gene_8453,ILF2,chr1,2547
gene_8454,ILF3,chr19,12235
gene_8455,ILKAP,chr2,2238
gene_8456,ILK,chr11,2316
gene_8457,ILVBL,chr19,2531
gene_8458,IMMP1L,chr11,1690
gene_8459,IMMP2L,chr7,2433
gene_8460,IMMT,chr2,3922
gene_8461,IMP3,chr15,1239
gene_8462,IMP4,chr2,1049
gene_8463,IMP5,chr17,2183
gene_8464,IMPA1,chr8,3597
gene_8465,IMPA2,chr18,2594
gene_8466,IMPACT,chr18,5159
gene_8467,IMPAD1,chr8,7230
gene_8468,IMPDH1,chr7,2953
gene_8469,IMPDH2,chr3,1691
gene_8470,IMPG1,chr6,3268
gene_8471,IMPG2,chr3,9234
gene_8472,INADL,chr1,11477
gene_8473,INA,chr10,3987
gene_8474,INCA1,chr17,1832
gene_8475,INCENP,chr11,4426
gene_8476,INE1,chrX,1008
gene_8477,INE2,chrX,1874
gene_8478,INF2,chr14,5687
gene_8479,ING1,chr13,4637
gene_8480,ING2,chr4,1352
gene_8481,ING3,chr7,9618
gene_8482,ING4,chr12,1699
gene_8483,ING5,chr2,5901
gene_8484,INGX,chrX,1228
gene_8485,INHA,chr2,1431
gene_8486,INHBA,chr7,2798
gene_8487,INHBB,chr2,3203
gene_8488,INHBC,chr12,1990
gene_8489,INHBE,chr12,2437
gene_8490,INMT,chr7,3064
gene_8491,INO80B,chr2,1892
gene_8492,INO80C,chr18,2932
gene_8493,INO80D,chr2,14136
gene_8494,INO80E,chr16,1965
gene_8495,INO80,chr15,10778
gene_8496,INPP1,chr2,2343
gene_8497,INPP4A,chr2,7267
gene_8498,INPP4B,chr4,5863
gene_8499,INPP5A,chr10,3145
gene_8500,INPP5B,chr1,8350
gene_8501,INPP5D,chr2,5003
gene_8502,INPP5E,chr9,3485
gene_8503,INPP5F,chr10,5608
gene_8504,INPP5J,chr22,6703
gene_8505,INPP5K,chr17,3705
gene_8506,INPPL1,chr11,5088
gene_8507,INS-IGF2,chr11,5510
gene_8508,INSC,chr11,3335
gene_8509,INSIG1,chr7,3189
gene_8510,INSIG2,chr2,2583
gene_8511,INSL3,chr19,900
gene_8512,INSL4,chr9,615
gene_8513,INSL5,chr1,718
gene_8514,INSL6,chr9,708
gene_8515,INSM1,chr20,2828
gene_8516,INSM2,chr14,3013
gene_8517,INSRR,chr1,5163
gene_8518,INSR,chr19,10003
gene_8519,INS,chr11,1068
gene_8520,INTS10,chr8,2691
gene_8521,INTS12,chr4,1752
gene_8522,INTS1,chr7,8759
gene_8523,INTS2,chr17,6244
gene_8524,INTS3,chr1,8971
gene_8525,INTS4L1,,
gene_8526,INTS4L2,chr7,1722
gene_8527,INTS4,chr11,5306
gene_8528,INTS5,chr11,3285
gene_8529,INTS6,chr13,10776
gene_8530,INTS7,chr1,4701
gene_8531,INTS8,chr8,4659
gene_8532,INTS9,chr8,3022
gene_8533,INTU,chr4,3530
gene_8534,INVS,chr9,5011
gene_8535,IP6K1,chr3,5056
gene_8536,IP6K2,chr3,7620
gene_8537,IP6K3,chr6,2823
gene_8538,IPCEF1,chr6,9425
gene_8539,IPMK,chr10,6133
gene_8540,IPO11,chr5,4943
gene_8541,IPO13,chr1,4730
gene_8542,IPO4,chr14,5871
gene_8543,IPO5,chr13,7321
gene_8544,IPO7,chr11,6192
gene_8545,IPO8,chr12,8713
gene_8546,IPO9,chr1,11416
gene_8547,IPPK,chr9,5392
gene_8548,IPP,chr1,3564
gene_8549,IPW,chr15,9891
gene_8550,IQCA1,chr2,3475
gene_8551,IQCB1,chr3,2594
gene_8552,IQCC,chr1,2990
gene_8553,IQCD,chr12,1350
gene_8554,IQCE,chr7,7785
gene_8555,IQCF1,chr3,3873
gene_8556,IQCF2,chr3,684
gene_8557,IQCF3,chr3,1742
gene_8558,IQCF5,chr3,512
gene_8559,IQCF6,chr3,446
gene_8560,IQCG,chr3,3228
gene_8561,IQCH,chr15,5660
gene_8562,IQCJ,chr3,2764
gene_8563,IQCK,chr16,2552
gene_8564,IQGAP1,chr15,7324
gene_8565,IQGAP2,chr5,5966
gene_8566,IQGAP3,chr1,6052
gene_8567,IQSEC1,chr3,14401
gene_8568,IQSEC2,chrX,6967
gene_8569,IQSEC3,chr12,7394
gene_8570,IQUB,chr7,6796
gene_8571,IRAK1BP1,chr6,3132
gene_8572,IRAK1,chrX,4257
gene_8573,IRAK2,chr3,3469
gene_8574,IRAK3,chr12,9674
gene_8575,IRAK4,chr12,4408
gene_8576,IREB2,chr15,6948
gene_8577,IRF1,chr5,4002
gene_8578,IRF2BP1,chr19,2511
gene_8579,IRF2BP2,chr1,5775
gene_8580,IRF2,chr4,2286
gene_8581,IRF3,chr19,4292
gene_8582,IRF4,chr6,7014
gene_8583,IRF5,chr7,4335
gene_8584,IRF6,chr1,4505
gene_8585,IRF7,chr11,3652
gene_8586,IRF8,chr16,4030
gene_8587,IRF9,chr14,2371
gene_8588,IRGC,chr19,1606
gene_8589,IRGM,chr5,1659
gene_8590,IRGQ,chr19,10335
gene_8591,IRS1,chr2,8736
gene_8592,IRS2,chr13,6998
gene_8593,IRS4,chrX,3881
gene_8594,IRX1,chr5,1858
gene_8595,IRX2,chr5,3755
gene_8596,IRX3,chr16,2308
gene_8597,IRX4,chr5,3052
gene_8598,IRX5,chr16,4454
gene_8599,IRX6,chr16,3052
gene_8600,ISCA1P1,,
gene_8601,ISCA1,chr9,2002
gene_8602,ISCA2,chr14,1088
gene_8603,ISCU,chr12,3773
gene_8604,ISG15,chr1,666
gene_8605,ISG20L2,chr1,2981
gene_8606,ISG20,chr15,3193
gene_8607,ISL1,chr5,2717
gene_8608,ISL2,chr15,3660
gene_8609,ISLR2,chr15,5383
gene_8610,ISLR,chr15,2385
gene_8611,ISM1,chr20,2592
gene_8612,ISM2,chr14,3095
gene_8613,ISOC1,chr5,1940
gene_8614,ISOC2,chr19,1240
gene_8615,ISPD,chr7,5524
gene_8616,ISX,chr22,3383
gene_8617,ISY1,chr3,3844
gene_8618,ISYNA1,chr19,3836
gene_8619,ITCH,chr20,6524
gene_8620,ITFG1,chr16,3134
gene_8621,ITFG2,chr12,3716
gene_8622,ITFG3,chr16,3998
gene_8623,ITGA10,chr1,6236
gene_8624,ITGA11,chr15,5126
gene_8625,ITGA1,chr5,9429
gene_8626,ITGA2B,chr17,5127
gene_8627,ITGA2,chr5,8153
gene_8628,ITGA3,chr17,5027
gene_8629,ITGA4,chr2,7232
gene_8630,ITGA5,chr12,4250
gene_8631,ITGA6,chr2,6173
gene_8632,ITGA7,chr12,4678
gene_8633,ITGA8,chr10,3261
gene_8634,ITGA9,chr3,4295
gene_8635,ITGAD,chr16,5420
gene_8636,ITGAE,chr17,4011
gene_8637,ITGAL,chr16,5451
gene_8638,ITGAM,chr16,5523
gene_8639,ITGAV,chr2,7210
gene_8640,ITGAX,chr16,6395
gene_8641,ITGB1BP1,chr2,3976
gene_8642,ITGB1BP2,chrX,1635
gene_8643,ITGB1BP3,chr19,1190
gene_8644,ITGB1,chr10,4087
gene_8645,ITGB2,chr21,3377
gene_8646,ITGB3BP,chr1,1898
gene_8647,ITGB3,chr17,5659
gene_8648,ITGB4,chr17,6918
gene_8649,ITGB5,chr3,3372
gene_8650,ITGB6,chr2,3358
gene_8651,ITGB7,chr12,4171
gene_8652,ITGB8,chr7,9881
gene_8653,ITGBL1,chr13,6034
gene_8654,ITIH1,chr3,3590
gene_8655,ITIH2,chr10,3189
gene_8656,ITIH3,chr3,3153
gene_8657,ITIH4,chr3,3707
gene_8658,ITIH5L,chrX,4968
gene_8659,ITIH5,chr10,7835
gene_8660,ITK,chr5,4366
gene_8661,ITLN1,chr1,1182
gene_8662,ITLN2,chr1,1584
gene_8663,ITM2A,chrX,1834
gene_8664,ITM2B,chr13,1896
gene_8665,ITM2C,chr2,2271
gene_8666,ITPA,chr20,1604
gene_8667,ITPK1,chr14,5101
gene_8668,ITPKA,chr15,1849
gene_8669,ITPKB,chr1,6884
gene_8670,ITPKC,chr19,3385
gene_8671,ITPR1,chr3,11244
gene_8672,ITPR2,chr12,12741
gene_8673,ITPR3,chr6,9031
gene_8674,ITPRIPL1,chr2,4316
gene_8675,ITPRIPL2,chr16,14882
gene_8676,ITPRIP,chr10,7185
gene_8677,ITSN1,chr21,9005
gene_8678,ITSN2,chr2,10209
gene_8679,IVD,chr15,5002
gene_8680,IVL,chr1,2135
gene_8681,IVNS1ABP,chr1,7646
gene_8682,IWS1,chr2,3100
gene_8683,IYD,chr6,7872
gene_8684,IZUMO1,chr19,2091
gene_8685,JAG1,chr20,7155
gene_8686,JAG2,chr14,5956
gene_8687,JAGN1,chr3,1658
gene_8688,JAK1,chr1,5340
gene_8689,JAK2,chr9,5373
gene_8690,JAK3,chr19,7961
gene_8691,JAKMIP1,chr4,3751
gene_8692,JAKMIP2,chr5,9270
gene_8693,JAKMIP3,chr10,7512
gene_8694,JAM2,chr21,4878
gene_8695,JAM3,chr11,3668
gene_8696,JARID2,chr6,6863
gene_8697,JAZF1,chr7,3347
gene_8698,JDP2,chr14,4274
gene_8699,JHDM1D,chr7,9272
gene_8700,JKAMP,chr14,3882
gene_8701,JMJD1C,chr10,12328
gene_8702,JMJD4,chr1,2694
gene_8703,JMJD5,chr16,3865
gene_8704,JMJD6,chr17,5841
gene_8705,JMJD7-PLA2G4B,chr15,3367
gene_8706,JMJD8,chr16,2042
gene_8707,JMY,chr5,9310
gene_8708,JOSD1,chr22,3435
gene_8709,JOSD2,chr19,1244
gene_8710,JPH1,chr8,6479
gene_8711,JPH2,chr20,5941
gene_8712,JPH3,chr16,5606
gene_8713,JPH4,chr14,6079
gene_8714,JRKL,chr11,6731
gene_8715,JRK,chr8,13582
gene_8716,JSRP1,chr19,1145
gene_8717,JTB,chr1,1574
gene_8718,JUB,chr14,4811
gene_8719,JUNB,chr19,1816
gene_8720,JUND,chr19,1870
gene_8721,JUN,chr1,3323
gene_8722,JUP,chr17,5678
gene_8723,KAAG1,chr6,1382
gene_8724,KAL1,chrX,6314
gene_8725,KALRN,chr3,18378
gene_8726,KANK1,chr9,15960
gene_8727,KANK2,chr19,7418
gene_8728,KANK3,chr19,3949
gene_8729,KANK4,chr1,7124
gene_8730,KARS,chr16,2691
gene_8731,KAT2A,chr17,3112
gene_8732,KAT2B,chr3,4824
gene_8733,KAT5,chr11,2892
gene_8734,KATNA1,chr6,2339
gene_8735,KATNAL1,chr13,7669
gene_8736,KATNAL2,chr18,4343
gene_8737,KATNB1,chr16,2646
gene_8738,KAZALD1,chr10,4336
gene_8739,KAZ,chr1,10185
gene_8740,KBTBD10,chr2,3446
gene_8741,KBTBD11,chr8,6717
gene_8742,KBTBD12,chr3,5943
gene_8743,KBTBD13,chr15,3123
gene_8744,KBTBD2,chr7,3710
gene_8745,KBTBD3,chr11,4231
gene_8746,KBTBD4,chr11,4537
gene_8747,KBTBD5,chr3,2419
gene_8748,KBTBD6,chr13,5228
gene_8749,KBTBD7,chr13,2992
gene_8750,KBTBD8,chr3,4682
gene_8751,KC6,chr18,1712
gene_8752,KCMF1,chr2,7553
gene_8753,KCNA10,chr1,1959
gene_8754,KCNA1,chr12,7983
gene_8755,KCNA2,chr1,3877
gene_8756,KCNA3,chr1,3346
gene_8757,KCNA4,chr11,4179
gene_8758,KCNA5,chr12,2870
gene_8759,KCNA6,chr12,5978
gene_8760,KCNA7,chr19,4372
gene_8761,KCNAB1,chr3,5437
gene_8762,KCNAB2,chr1,7051
gene_8763,KCNAB3,chr17,3945
gene_8764,KCNB1,chr20,3770
gene_8765,KCNB2,chr8,3582
gene_8766,KCNC1,chr11,9773
gene_8767,KCNC2,chr12,10465
gene_8768,KCNC3,chr19,6284
gene_8769,KCNC4,chr1,7646
gene_8770,KCND1,chrX,6163
gene_8771,KCND2,chr7,5333
gene_8772,KCND3,chr1,2693
gene_8773,KCNE1L,chrX,1465
gene_8774,KCNE1,chr21,4434
gene_8775,KCNE2,chr21,803
gene_8776,KCNE3,chr11,4574
gene_8777,KCNE4,chr2,3177
gene_8778,KCNF1,chr2,2289
gene_8779,KCNG1,chr20,4391
gene_8780,KCNG2,chr18,1401
gene_8781,KCNG3,chr2,5052
gene_8782,KCNG4,chr16,4881
gene_8783,KCNH1,chr1,8499
gene_8784,KCNH2,chr7,7022
gene_8785,KCNH3,chr12,4083
gene_8786,KCNH4,chr17,3923
gene_8787,KCNH5,chr14,4590
gene_8788,KCNH6,chr17,4801
gene_8789,KCNH7,chr2,4531
gene_8790,KCNH8,chr3,6698
gene_8791,KCNIP1,chr5,2435
gene_8792,KCNIP2,chr10,3360
gene_8793,KCNIP3,chr2,6559
gene_8794,KCNIP4,chr4,3360
gene_8795,KCNJ10,chr1,5306
gene_8796,KCNJ11,chr11,6167
gene_8797,KCNJ12,chr17,5422
gene_8798,KCNJ13,chr2,4595
gene_8799,KCNJ14,chr19,4041
gene_8800,KCNJ15,chr21,3901
gene_8801,KCNJ16,chr17,4460
gene_8802,KCNJ1,chr11,2908
gene_8803,KCNJ2,chr17,5571
gene_8804,KCNJ3,chr2,5999
gene_8805,KCNJ4,chr22,2122
gene_8806,KCNJ5,chr11,4015
gene_8807,KCNJ6,chr21,2556
gene_8808,KCNJ8,chr12,2389
gene_8809,KCNJ9,chr1,3200
gene_8810,KCNK10,chr14,8178
gene_8811,KCNK12,chr2,1424
gene_8812,KCNK13,chr14,2517
gene_8813,KCNK15,chr20,2532
gene_8814,KCNK16,chr6,2254
gene_8815,KCNK17,chr6,1717
gene_8816,KCNK18,chr10,1155
gene_8817,KCNK1,chr1,2883
gene_8818,KCNK2,chr1,3903
gene_8819,KCNK3,chr2,3978
gene_8820,KCNK4,chr11,4657
gene_8821,KCNK5,chr6,3783
gene_8822,KCNK6,chr19,2676
gene_8823,KCNK7,chr11,2921
gene_8824,KCNK9,chr8,4384
gene_8825,KCNMA1,chr10,18336
gene_8826,KCNMB1,chr5,2739
gene_8827,KCNMB2,chr3,3178
gene_8828,KCNMB3,chr3,4743
gene_8829,KCNMB4,chr12,4725
gene_8830,KCNN1,chr19,2711
gene_8831,KCNN2,chr5,3021
gene_8832,KCNN3,chr1,14484
gene_8833,KCNN4,chr19,2240
gene_8834,KCNQ1DN,chr11,1094
gene_8835,KCNQ1OT1,chr11,91671
gene_8836,KCNQ1,chr11,3617
gene_8837,KCNQ2,chr20,4040
gene_8838,KCNQ3,chr8,11373
gene_8839,KCNQ4,chr1,4099
gene_8840,KCNQ5,chr6,6803
gene_8841,KCNRG,chr13,1625
gene_8842,KCNS1,chr20,4539
gene_8843,KCNS2,chr8,3166
gene_8844,KCNS3,chr2,2530
gene_8845,KCNT1,chr9,6659
gene_8846,KCNT2,chr1,7216
gene_8847,KCNU1,chr8,3804
gene_8848,KCNV1,chr8,3620
gene_8849,KCNV2,chr9,2162
gene_8850,KCP,chr7,6964
gene_8851,KCTD10,chr12,7044
gene_8852,KCTD11,chr17,3055
gene_8853,KCTD12,chr13,6237
gene_8854,KCTD13,chr16,2504
gene_8855,KCTD14,chr11,1671
gene_8856,KCTD15,chr19,8391
gene_8857,KCTD16,chr5,5948
gene_8858,KCTD17,chr22,2075
gene_8859,KCTD18,chr2,4974
gene_8860,KCTD19,chr16,6482
gene_8861,KCTD1,chr18,8812
gene_8862,KCTD20,chr6,5014
gene_8863,KCTD21,chr11,3378
gene_8864,KCTD2,chr17,4809
gene_8865,KCTD3,chr1,4289
gene_8866,KCTD4,chr13,2119
gene_8867,KCTD5,chr16,2463
gene_8868,KCTD6,chr3,1977
gene_8869,KCTD7,chr7,8260
gene_8870,KCTD8,chr4,2593
gene_8871,KCTD9,chr8,3551
gene_8872,KDELC1,chr13,2250
gene_8873,KDELC2,chr11,4846
gene_8874,KDELR1,chr19,1989
gene_8875,KDELR2,chr7,2860
gene_8876,KDELR3,chr22,2126
gene_8877,KDM1A,chr1,3107
gene_8878,KDM1B,chr6,5829
gene_8879,KDM2A,chr11,10573
gene_8880,KDM2B,chr12,9204
gene_8881,KDM3A,chr2,4918
gene_8882,KDM3B,chr5,7315
gene_8883,KDM4A,chr1,4576
gene_8884,KDM4B,chr19,7883
gene_8885,KDM4C,chr9,9193
gene_8886,KDM4DL,chr11,2339
gene_8887,KDM4D,chr11,2972
gene_8888,KDM5A,chr12,11153
gene_8889,KDM5B,chr1,6814
gene_8890,KDM5C,chrX,8720
gene_8891,KDM5D,chrY,6519
gene_8892,KDM6A,chrX,6036
gene_8893,KDM6B,chr17,7089
gene_8894,KDR,chr4,6836
gene_8895,KDSR,chr18,5198
gene_8896,KEAP1,chr19,2701
gene_8897,KEL,chr7,2547
gene_8898,KERA,chr12,2530
gene_8899,KGFLP1,chr9,2225
gene_8900,KGFLP2,chr9,4738
gene_8901,KHDC1L,chr6,634
gene_8902,KHDC1,chr6,2743
gene_8903,KHDRBS1,chr1,3841
gene_8904,KHDRBS2,chr6,2300
gene_8905,KHDRBS3,chr8,2087
gene_8906,KHK,chr2,2550
gene_8907,KHNYN,chr14,6455
gene_8908,KHSRP,chr19,3250
gene_8909,KIAA0020,chr9,2391
gene_8910,KIAA0040,chr1,4895
gene_8911,KIAA0087,chr7,4320
gene_8912,KIAA0090,chr1,8004
gene_8913,KIAA0100,chr17,8286
gene_8914,KIAA0101,chr15,1486
gene_8915,KIAA0114,chr4,855
gene_8916,KIAA0125,chr14,10440
gene_8917,KIAA0141,chr5,7692
gene_8918,KIAA0146,chr8,7095
gene_8919,KIAA0174,chr16,4294
gene_8920,KIAA0182,chr16,9038
gene_8921,KIAA0195,chr17,7244
gene_8922,KIAA0196,chr8,4165
gene_8923,KIAA0226,chr3,10306
gene_8924,KIAA0232,chr4,7857
gene_8925,KIAA0240,chr6,8948
gene_8926,KIAA0247,chr14,5585
gene_8927,KIAA0284,chr14,8664
gene_8928,KIAA0317,chr14,5538
gene_8929,KIAA0319L,chr1,8251
gene_8930,KIAA0319,chr6,7543
gene_8931,KIAA0355,chr19,6747
gene_8932,KIAA0368,chr9,7554
gene_8933,KIAA0391,chr14,5173
gene_8934,KIAA0406,chr20,3914
gene_8935,KIAA0408,chr6,9565
gene_8936,KIAA0415,chr7,7383
gene_8937,KIAA0427,chr18,7791
gene_8938,KIAA0430,chr16,10307
gene_8939,KIAA0467,chr1,17223
gene_8940,KIAA0494,chr1,5927
gene_8941,KIAA0495,chr1,16119
gene_8942,KIAA0513,chr16,8275
gene_8943,KIAA0528,chr12,5499
gene_8944,KIAA0556,chr16,7714
gene_8945,KIAA0562,chr1,10058
gene_8946,KIAA0564,chr13,7566
gene_8947,KIAA0586,chr14,7482
gene_8948,KIAA0649,chr9,4932
gene_8949,KIAA0652,chr11,6074
gene_8950,KIAA0664P3,chr16,1776
gene_8951,KIAA0664,chr17,8181
gene_8952,KIAA0748,chr12,5279
gene_8953,KIAA0753,chr17,4767
gene_8954,KIAA0754,chr1,6979
gene_8955,KIAA0776,chr6,4336
gene_8956,KIAA0802,chr18,7991
gene_8957,KIAA0831,chr14,5135
gene_8958,KIAA0892,chr19,7344
gene_8959,KIAA0895L,chr16,5042
gene_8960,KIAA0895,chr7,7718
gene_8961,KIAA0907,chr1,7493
gene_8962,KIAA0913,chr10,7735
gene_8963,KIAA0922,chr4,5285
gene_8964,KIAA0947,chr5,7948
gene_8965,KIAA1009,chr6,5338
gene_8966,KIAA1012,chr18,7948
gene_8967,KIAA1024,chr15,6808
gene_8968,KIAA1033,chr12,6052
gene_8969,KIAA1045,chr9,6021
gene_8970,KIAA1107,chr1,4694
gene_8971,KIAA1109,chr4,19729
gene_8972,KIAA1143,chr3,5141
gene_8973,KIAA1147,chr7,7296
gene_8974,KIAA1161,chr9,4199
gene_8975,KIAA1191,chr5,2827
gene_8976,KIAA1199,chr15,7179
gene_8977,KIAA1210,chrX,7824
gene_8978,KIAA1211,chr4,8110
gene_8979,KIAA1217,chr10,12185
gene_8980,KIAA1239,chr4,7477
gene_8981,KIAA1244,chr6,14882
gene_8982,KIAA1257,chr3,3780
gene_8983,KIAA1267,chr17,7936
gene_8984,KIAA1274,chr10,4706
gene_8985,KIAA1279,chr10,2545
gene_8986,KIAA1310,chr2,8845
gene_8987,KIAA1324L,chr7,7172
gene_8988,KIAA1324,chr1,12483
gene_8989,KIAA1328,chr18,11169
gene_8990,KIAA1370,chr15,5389
gene_8991,KIAA1377,chr11,8343
gene_8992,KIAA1383,chr1,5455
gene_8993,KIAA1407,chr3,5001
gene_8994,KIAA1409,chr14,8537
gene_8995,KIAA1429,chr8,7191
gene_8996,KIAA1430,chr4,6438
gene_8997,KIAA1432,chr9,8806
gene_8998,KIAA1462,chr10,13466
gene_8999,KIAA1467,chr12,5109
gene_9000,KIAA1468,chr18,5905
gene_9001,KIAA1486,chr2,6220
gene_9002,KIAA1522,chr1,5701
gene_9003,KIAA1524,chr3,4517
gene_9004,KIAA1529,chr9,7334
gene_9005,KIAA1530,chr4,5020
gene_9006,KIAA1539,chr9,6733
gene_9007,KIAA1543,chr19,4874
gene_9008,KIAA1549,chr7,19422
gene_9009,KIAA1586,chr6,2896
gene_9010,KIAA1598,chr10,7316
gene_9011,KIAA1609,chr16,5260
gene_9012,KIAA1614,chr1,5214
gene_9013,KIAA1632,chr18,13446
gene_9014,KIAA1644,chr22,6741
gene_9015,KIAA1671,chr22,10698
gene_9016,KIAA1683,chr19,9649
gene_9017,KIAA1704,chr13,3765
gene_9018,KIAA1712,chr4,8176
gene_9019,KIAA1715,chr2,6492
gene_9020,KIAA1731,chr11,9320
gene_9021,KIAA1737,chr14,8205
gene_9022,KIAA1751,chr1,6841
gene_9023,KIAA1755,chr20,8418
gene_9024,KIAA1797,chr9,6227
gene_9025,KIAA1804,chr1,8190
gene_9026,KIAA1826,chr11,4110
gene_9027,KIAA1841,chr2,6712
gene_9028,KIAA1875,chr8,9136
gene_9029,KIAA1908,chr7,3859
gene_9030,KIAA1919,chr6,3918
gene_9031,KIAA1949,chr6,6441
gene_9032,KIAA1958,chr9,2767
gene_9033,KIAA1967,chr8,5611
gene_9034,KIAA1984,chr9,1716
gene_9035,KIAA2013,chr1,4138
gene_9036,KIAA2018,chr3,13820
gene_9037,KIAA2022,chrX,11717
gene_9038,KIAA2026,chr9,7204
gene_9039,KIDINS220,chr2,9364
gene_9040,KIF11,chr10,5078
gene_9041,KIF12,chr9,2898
gene_9042,KIF13A,chr6,10516
gene_9043,KIF13B,chr8,11306
gene_9044,KIF14,chr1,7277
gene_9045,KIF15,chr3,5304
gene_9046,KIF16B,chr20,6279
gene_9047,KIF17,chr1,4226
gene_9048,KIF18A,chr11,4125
gene_9049,KIF18B,chr17,6342
gene_9050,KIF19,chr17,5298
gene_9051,KIF1A,chr2,10850
gene_9052,KIF1B,chr1,20130
gene_9053,KIF1C,chr17,7917
gene_9054,KIF20A,chr5,3507
gene_9055,KIF20B,chr10,7385
gene_9056,KIF21A,chr12,8066
gene_9057,KIF21B,chr1,16901
gene_9058,KIF22,chr16,2650
gene_9059,KIF23,chr15,3986
gene_9060,KIF24,chr9,6472
gene_9061,KIF25,chr6,2039
gene_9062,KIF26A,chr14,6757
gene_9063,KIF26B,chr1,8519
gene_9064,KIF27,chr9,4689
gene_9065,KIF2A,chr5,4549
gene_9066,KIF2B,chr17,2335
gene_9067,KIF2C,chr1,3280
gene_9068,KIF3A,chr5,6601
gene_9069,KIF3B,chr20,7515
gene_9070,KIF3C,chr2,5658
gene_9071,KIF4A,chrX,5116
gene_9072,KIF4B,chr5,4426
gene_9073,KIF5A,chr12,3897
gene_9074,KIF5B,chr10,5889
gene_9075,KIF5C,chr2,9386
gene_9076,KIF6,chr6,6447
gene_9077,KIF7,chr15,5012
gene_9078,KIF9,chr3,4313
gene_9079,KIFAP3,chr1,4652
gene_9080,KIFC1,chr6,3081
gene_9081,KIFC2,chr8,3248
gene_9082,KIFC3,chr16,5589
gene_9083,KILLIN,chr10,4277
gene_9084,KIN,chr10,9870
gene_9085,KIR2DL1,chr19,2357
gene_9086,KIR2DL3,chr19,2633
gene_9087,KIR2DL4,chr19,1633
gene_9088,KIR2DS4,chr19,2236
gene_9089,KIR3DL1,chr19,2871
gene_9090,KIR3DL2,chr19,1885
gene_9091,KIR3DL3,chr19,1691
gene_9092,KIR3DP1,,
gene_9093,KIR3DX1,chr19,2435
gene_9094,KIRREL2,chr19,3714
gene_9095,KIRREL3,chr11,5931
gene_9096,KIRREL,chr1,3787
gene_9097,KISS1R,chr19,1625
gene_9098,KISS1,chr1,714
gene_9099,KITLG,chr12,5443
gene_9100,KIT,chr4,5414
gene_9101,KLB,chr4,7196
gene_9102,KLC1,chr14,4702
gene_9103,KLC2,chr11,6023
gene_9104,KLC3,chr19,3059
gene_9105,KLC4,chr6,5564
gene_9106,KLF10,chr8,3546
gene_9107,KLF11,chr2,4296
gene_9108,KLF12,chr13,11604
gene_9109,KLF13,chr15,6800
gene_9110,KLF14,chr7,1493
gene_9111,KLF15,chr3,2525
gene_9112,KLF16,chr19,2887
gene_9113,KLF17,chr1,3839
gene_9114,KLF1,chr19,1614
gene_9115,KLF2,chr19,1649
gene_9116,KLF3,chr4,6638
gene_9117,KLF4,chr9,5489
gene_9118,KLF5,chr13,3533
gene_9119,KLF6,chr10,7418
gene_9120,KLF7,chr2,9714
gene_9121,KLF8,chrX,10303
gene_9122,KLF9,chr9,5208
gene_9123,KLHDC10,chr7,6438
gene_9124,KLHDC1,chr14,2924
gene_9125,KLHDC2,chr14,1806
gene_9126,KLHDC3,chr6,2590
gene_9127,KLHDC4,chr16,4019
gene_9128,KLHDC5,chr12,6469
gene_9129,KLHDC7A,chr1,5057
gene_9130,KLHDC7B,chr22,2991
gene_9131,KLHDC8A,chr1,3724
gene_9132,KLHDC8B,chr3,3729
gene_9133,KLHDC9,chr1,1978
gene_9134,KLHL10,chr17,3591
gene_9135,KLHL11,chr17,2326
gene_9136,KLHL12,chr1,3609
gene_9137,KLHL13,chrX,7808
gene_9138,KLHL14,chr18,4261
gene_9139,KLHL15,chrX,6276
gene_9140,KLHL17,chr1,4789
gene_9141,KLHL18,chr3,7531
gene_9142,KLHL1,chr13,4150
gene_9143,KLHL20,chr1,4351
gene_9144,KLHL21,chr1,9388
gene_9145,KLHL22,chr22,2616
gene_9146,KLHL23,chr2,4075
gene_9147,KLHL24,chr3,8131
gene_9148,KLHL25,chr15,3681
gene_9149,KLHL26,chr19,3122
gene_9150,KLHL28,chr14,6797
gene_9151,KLHL29,chr2,8669
gene_9152,KLHL2,chr4,3363
gene_9153,KLHL30,chr2,3685
gene_9154,KLHL31,chr6,5743
gene_9155,KLHL32,chr6,5004
gene_9156,KLHL33,chr14,1863
gene_9157,KLHL34,chrX,2840
gene_9158,KLHL35,chr11,1938
gene_9159,KLHL36,chr16,3212
gene_9160,KLHL38,chr8,1834
gene_9161,KLHL3,chr5,10369
gene_9162,KLHL4,chrX,6123
gene_9163,KLHL5,chr4,9635
gene_9164,KLHL6,chr3,14079
gene_9165,KLHL7,chr7,4749
gene_9166,KLHL8,chr4,5131
gene_9167,KLHL9,chr9,4412
gene_9168,KLK10,chr19,3383
gene_9169,KLK11,chr19,3162
gene_9170,KLK12,chr19,2097
gene_9171,KLK13,chr19,2726
gene_9172,KLK14,chr19,1323
gene_9173,KLK15,chr19,2029
gene_9174,KLK1,chr19,2014
gene_9175,KLK2,chr19,3964
gene_9176,KLK3,chr19,2915
gene_9177,KLK4,chr19,2775
gene_9178,KLK5,chr19,1770
gene_9179,KLK6,chr19,1894
gene_9180,KLK7,chr19,2135
gene_9181,KLK8,chr19,2168
gene_9182,KLK9,chr19,2122
gene_9183,KLKB1,chr4,2566
gene_9184,KLKP1,chr19,2592
gene_9185,KLRA1,chr12,2522
gene_9186,KLRAQ1,chr2,3761
gene_9187,KLRB1,chr12,740
gene_9188,KLRC1,chr12,1917
gene_9189,KLRC2,chr12,1592
gene_9190,KLRC3,chr12,1619
gene_9191,KLRC4,chr12,928
gene_9192,KLRD1,chr12,3623
gene_9193,KLRF1,chr12,1373
gene_9194,KLRG1,chr12,2634
gene_9195,KLRG2,chr7,1544
gene_9196,KLRK1,chr12,1731
gene_9197,KL,chr13,5576
gene_9198,KMO,chr1,5865
gene_9199,KNCN,chr1,2465
gene_9200,KNDC1,chr10,9111
gene_9201,KNG1,chr3,3511
gene_9202,KNTC1,chr12,7136
gene_9203,KPNA1,chr3,8787
gene_9204,KPNA2,chr17,2318
gene_9205,KPNA3,chr13,4474
gene_9206,KPNA4,chr3,8981
gene_9207,KPNA5,chr6,2158
gene_9208,KPNA6,chr1,7785
gene_9209,KPNA7,chr7,1685
gene_9210,KPNB1,chr17,4453
gene_9211,KPRP,chr1,2523
gene_9212,KPTN,chr19,1904
gene_9213,KRAS,chr12,6980
gene_9214,KRBA1,chr7,4821
gene_9215,KRBA2,chr17,2776
gene_9216,KRCC1,chr2,1851
gene_9217,KREMEN1,chr22,7795
gene_9218,KREMEN2,chr16,3331
gene_9219,KRI1,chr19,3659
gene_9220,KRIT1,chr7,7368
gene_9221,KRR1,chr12,3803
gene_9222,KRT10,chr17,2140
gene_9223,KRT12,chr17,1992
gene_9224,KRT13,chr17,2703
gene_9225,KRT14,chr17,1636
gene_9226,KRT15,chr17,4367
gene_9227,KRT16,chr17,1717
gene_9228,KRT17,chr17,2110
gene_9229,KRT18,chr12,2647
gene_9230,KRT19,chr17,1471
gene_9231,KRT1,chr12,3312
gene_9232,KRT20,chr17,1805
gene_9233,KRT222,chr17,2501
gene_9234,KRT23,chr17,3845
gene_9235,KRT24,chr17,1881
gene_9236,KRT25,chr17,1670
gene_9237,KRT26,chr17,1730
gene_9238,KRT27,chr17,1612
gene_9239,KRT28,chr17,1692
gene_9240,KRT2,chr12,2414
gene_9241,KRT31,chr17,1857
gene_9242,KRT32,chr17,2005
gene_9243,KRT33A,chr17,1286
gene_9244,KRT33B,chr17,1607
gene_9245,KRT34,chr17,1713
gene_9246,KRT35,chr17,1671
gene_9247,KRT36,chr17,1644
gene_9248,KRT37,chr17,1718
gene_9249,KRT38,chr17,2837
gene_9250,KRT39,chr17,1740
gene_9251,KRT3,chr12,2310
gene_9252,KRT40,chr17,2353
gene_9253,KRT4,chr12,2147
gene_9254,KRT5,chr12,3033
gene_9255,KRT6A,chr12,2450
gene_9256,KRT6B,chr12,2282
gene_9257,KRT6C,chr12,2289
gene_9258,KRT71,chr12,2265
gene_9259,KRT72,chr12,2611
gene_9260,KRT73,chr12,2284
gene_9261,KRT74,chr12,2788
gene_9262,KRT75,chr12,2125
gene_9263,KRT76,chr12,2529
gene_9264,KRT77,chr12,3389
gene_9265,KRT78,chr12,1778
gene_9266,KRT79,chr12,2297
gene_9267,KRT7,chr12,1702
gene_9268,KRT80,chr12,7243
gene_9269,KRT81,chr12,2580
gene_9270,KRT82,chr12,2681
gene_9271,KRT83,chr12,1875
gene_9272,KRT84,chr12,2073
gene_9273,KRT85,chr12,2491
gene_9274,KRT86,chr12,2767
gene_9275,KRT8,chr12,2787
gene_9276,KRT9,chr17,2289
gene_9277,KRTAP1-1,chr17,903
gene_9278,KRTAP1-3,chr17,971
gene_9279,KRTAP1-5,chr17,1176
gene_9280,KRTAP10-10,chr21,1100
gene_9281,KRTAP10-11,chr21,1236
gene_9282,KRTAP10-12,chr21,873
gene_9283,KRTAP10-1,chr21,1011
gene_9284,KRTAP10-2,chr21,1071
gene_9285,KRTAP10-3,chr21,738
gene_9286,KRTAP10-4,chr21,1382
gene_9287,KRTAP10-5,chr21,918
gene_9288,KRTAP10-6,chr21,1238
gene_9289,KRTAP10-7,chr21,1580
gene_9290,KRTAP10-8,chr21,876
gene_9291,KRTAP10-9,chr21,1256
gene_9292,KRTAP11-1,chr21,911
gene_9293,KRTAP12-1,chr21,588
gene_9294,KRTAP12-2,chr21,739
gene_9295,KRTAP12-3,chr21,410
gene_9296,KRTAP12-4,chr21,447
gene_9297,KRTAP13-1,chr21,747
gene_9298,KRTAP13-2,chr21,849
gene_9299,KRTAP13-3,chr21,520
gene_9300,KRTAP13-4,chr21,483
gene_9301,KRTAP15-1,chr21,453
gene_9302,KRTAP17-1,chr17,779
gene_9303,KRTAP19-1,chr21,273
gene_9304,KRTAP19-2,chr21,159
gene_9305,KRTAP19-3,chr21,494
gene_9306,KRTAP19-4,chr21,255
gene_9307,KRTAP19-5,chr21,219
gene_9308,KRTAP19-6,chr21,328
gene_9309,KRTAP19-7,chr21,192
gene_9310,KRTAP19-8,chr21,318
gene_9311,KRTAP2-1,chr17,773
gene_9312,KRTAP2-2,chr17,713
gene_9313,KRTAP2-4,chr17,764
gene_9314,KRTAP20-1,chr21,171
gene_9315,KRTAP20-2,chr21,198
gene_9316,KRTAP20-3,chr21,273
gene_9317,KRTAP20-4,chr21,224
gene_9318,KRTAP21-1,chr21,240
gene_9319,KRTAP21-2,chr21,252
gene_9320,KRTAP22-1,chr21,147
gene_9321,KRTAP23-1,chr21,208
gene_9322,KRTAP24-1,chr21,1650
gene_9323,KRTAP25-1,chr21,370
gene_9324,KRTAP26-1,chr21,1158
gene_9325,KRTAP27-1,chr21,682
gene_9326,KRTAP3-1,chr17,593
gene_9327,KRTAP3-2,chr17,694
gene_9328,KRTAP3-3,chr17,704
gene_9329,KRTAP4-11,chr17,1173
gene_9330,KRTAP4-12,chr17,1075
gene_9331,KRTAP4-1,chr17,739
gene_9332,KRTAP4-2,chr17,763
gene_9333,KRTAP4-3,chr17,942
gene_9334,KRTAP4-4,chr17,1078
gene_9335,KRTAP4-5,chr17,879
gene_9336,KRTAP4-7,chr17,938
gene_9337,KRTAP4-8,chr17,1142
gene_9338,KRTAP4-9,chr17,1100
gene_9339,KRTAP5-10,chr11,1058
gene_9340,KRTAP5-11,chr11,1021
gene_9341,KRTAP5-1,chr11,942
gene_9342,KRTAP5-2,chr11,1118
gene_9343,KRTAP5-3,chr11,899
gene_9344,KRTAP5-4,,
gene_9345,KRTAP5-5,chr11,1127
gene_9346,KRTAP5-6,chr11,561
gene_9347,KRTAP5-7,chr11,898
gene_9348,KRTAP5-8,chr11,1183
gene_9349,KRTAP5-9,chr11,1188
gene_9350,KRTAP6-1,chr21,219
gene_9351,KRTAP6-2,chr21,189
gene_9352,KRTAP6-3,chr21,616
gene_9353,KRTAP7-1,,
gene_9354,KRTAP8-1,chr21,556
gene_9355,KRTAP9-2,chr17,1005
gene_9356,KRTAP9-4,chr17,967
gene_9357,KRTAP9-8,chr17,987
gene_9358,KRTAP9-9,chr17,981
gene_9359,KRTCAP2,chr1,1775
gene_9360,KRTCAP3,chr2,1495
gene_9361,KRTDAP,chr19,493
gene_9362,KSR1,chr17,9022
gene_9363,KSR2,chr12,17008
gene_9364,KTELC1,chr3,4142
gene_9365,KTI12,chr1,1696
gene_9366,KTN1,chr14,7496
gene_9367,KYNU,chr2,2014
gene_9368,KY,chr3,9361
gene_9369,L1CAM,chrX,5630
gene_9370,L1TD1,chr1,3990
gene_9371,L2HGDH,chr14,6705
gene_9372,L3MBTL2,chr22,4254
gene_9373,L3MBTL3,chr6,4215
gene_9374,L3MBTL4,chr18,3657
gene_9375,L3MBTL,chr20,10119
gene_9376,LACE1,chr6,2255
gene_9377,LACRT,chr12,508
gene_9378,LACTB2,chr8,1553
gene_9379,LACTB,chr15,2315
gene_9380,LAD1,chr1,3549
gene_9381,LAG3,chr12,3941
gene_9382,LAGE3,chrX,1816
gene_9383,LAIR1,chr19,3404
gene_9384,LAIR2,chr19,1281
gene_9385,LALBA,chr12,728
gene_9386,LAMA1,chr18,12789
gene_9387,LAMA2,chr6,9692
gene_9388,LAMA3,chr18,10832
gene_9389,LAMA4,chr6,8585
gene_9390,LAMA5,chr20,11545
gene_9391,LAMB1,chr7,6879
gene_9392,LAMB2L,chr3,1543
gene_9393,LAMB2,chr3,6049
gene_9394,LAMB3,chr1,4927
gene_9395,LAMB4,chr7,6268
gene_9396,LAMC1,chr1,9618
gene_9397,LAMC2,chr1,6770
gene_9398,LAMC3,chr9,6214
gene_9399,LAMP1,chr13,2540
gene_9400,LAMP2,chrX,11958
gene_9401,LAMP3,chr3,3341
gene_9402,LANCL1,chr2,4715
gene_9403,LANCL2,chr7,4353
gene_9404,LANCL3,chrX,3332
gene_9405,LAP3,chr4,2585
gene_9406,LAPTM4A,chr2,2509
gene_9407,LAPTM4B,chr8,2238
gene_9408,LAPTM5,chr1,2240
gene_9409,LARGE,chr22,4927
gene_9410,LARP1B,chr4,8267
gene_9411,LARP1,chr5,7737
gene_9412,LARP4B,chr10,8546
gene_9413,LARP4,chr12,7350
gene_9414,LARP6,chr15,2341
gene_9415,LARP7,chr4,2749
gene_9416,LARS2,chr3,4203
gene_9417,LARS,chr5,7458
gene_9418,LAS1L,chrX,6375
gene_9419,LASP1,chr17,5068
gene_9420,LASS1,chr19,2270
gene_9421,LASS2,chr1,2718
gene_9422,LASS3,chr15,4313
gene_9423,LASS4,chr19,2049
gene_9424,LASS5,chr12,4611
gene_9425,LASS6,chr2,6851
gene_9426,LAT2,chr7,2310
gene_9427,LATS1,chr6,10268
gene_9428,LATS2,chr13,5703
gene_9429,LAT,chr16,2998
gene_9430,LAX1,chr1,3565
gene_9431,LAYN,chr11,3024
gene_9432,LBH,chr2,3916
gene_9433,LBP,chr20,1894
gene_9434,LBR,chr1,3973
gene_9435,LBX1,chr10,1285
gene_9436,LBX2,chr2,1662
gene_9437,LBXCOR1,chr15,2607
gene_9438,LCA5L,chr21,7776
gene_9439,LCA5,chr6,5955
gene_9440,LCAT,chr16,1354
gene_9441,LCE1A,chr1,625
gene_9442,LCE1B,chr1,1139
gene_9443,LCE1C,chr1,1269
gene_9444,LCE1D,chr1,430
gene_9445,LCE1E,chr1,1179
gene_9446,LCE1F,chr1,598
gene_9447,LCE2A,chr1,592
gene_9448,LCE2B,chr1,611
gene_9449,LCE2C,chr1,593
gene_9450,LCE2D,chr1,594
gene_9451,LCE3A,chr1,270
gene_9452,LCE3B,chr1,288
gene_9453,LCE3C,chr1,425
gene_9454,LCE3D,chr1,610
gene_9455,LCE3E,chr1,547
gene_9456,LCE4A,chr1,388
gene_9457,LCE5A,chr1,819
gene_9458,LCE6A,chr1,642
gene_9459,LCK,chr1,3042
gene_9460,LCLAT1,chr2,7395
gene_9461,LCMT1,chr16,1533
gene_9462,LCMT2,chr15,2847
gene_9463,LCN10,chr9,2862
gene_9464,LCN12,chr9,2756
gene_9465,LCN15,chr9,762
gene_9466,LCN1,chr9,1177
gene_9467,LCN2,chr9,2376
gene_9468,LCN6,chr9,1615
gene_9469,LCN8,chr9,2193
gene_9470,LCN9,chr9,531
gene_9471,LCNL1,chr9,1836
gene_9472,LCORL,chr4,7817
gene_9473,LCOR,chr10,19513
gene_9474,LCP1,chr13,4825
gene_9475,LCP2,chr5,3060
gene_9476,LCTL,chr15,2250
gene_9477,LCT,chr2,6274
gene_9478,LDB1,chr10,3418
gene_9479,LDB2,chr4,4528
gene_9480,LDB3,chr10,7131
gene_9481,LDHAL6A,chr11,2970
gene_9482,LDHAL6B,chr15,1771
gene_9483,LDHA,chr11,3628
gene_9484,LDHB,chr12,1644
gene_9485,LDHC,chr11,1483
gene_9486,LDHD,chr16,2272
gene_9487,LDLRAD1,chr1,2483
gene_9488,LDLRAD2,chr1,4837
gene_9489,LDLRAD3,chr11,3085
gene_9490,LDLRAP1,chr1,3467
gene_9491,LDLR,chr19,8894
gene_9492,LDOC1L,chr22,5324
gene_9493,LDOC1,chrX,1380
gene_9494,LEAP2,chr5,938
gene_9495,LECT1,chr13,1989
gene_9496,LECT2,chr5,1077
gene_9497,LEF1,chr4,4689
gene_9498,LEFTY1,chr1,2928
gene_9499,LEFTY2,chr1,2332
gene_9500,LEKR1,chr3,4476
gene_9501,LELP1,chr1,541
gene_9502,LEMD1,chr1,961
gene_9503,LEMD2,chr6,3349
gene_9504,LEMD3,chr12,4833
gene_9505,LENEP,chr1,649
gene_9506,LENG1,chr19,888
gene_9507,LENG8,chr19,7280
gene_9508,LENG9,chr19,1916
gene_9509,LEO1,chr15,2148
gene_9510,LEPRE1,chr1,6400
gene_9511,LEPREL1,chr3,3934
gene_9512,LEPREL2,chr12,3623
gene_9513,LEPROTL1,chr8,3147
gene_9514,LEPROT,chr1,5121
gene_9515,LEPR,chr1,7095
gene_9516,LEP,chr7,3902
gene_9517,LETM1,chr4,7406
gene_9518,LETM2,chr8,4735
gene_9519,LETMD1,chr12,3308
gene_9520,LEUTX,chr19,672
gene_9521,LFNG,chr7,3155
gene_9522,LGALS12,chr11,2812
gene_9523,LGALS13,chr19,595
gene_9524,LGALS14,chr19,1083
gene_9525,LGALS1,chr22,558
gene_9526,LGALS2,chr22,528
gene_9527,LGALS3BP,chr17,2509
gene_9528,LGALS3,chr14,1208
gene_9529,LGALS4,chr19,2143
gene_9530,LGALS7B,chr19,489
gene_9531,LGALS7,chr19,494
gene_9532,LGALS8,chr1,6984
gene_9533,LGALS9B,chr17,1288
gene_9534,LGALS9C,chr17,1719
gene_9535,LGALS9,chr17,1895
gene_9536,LGI1,chr10,2972
gene_9537,LGI2,chr4,6339
gene_9538,LGI3,chr8,3266
gene_9539,LGI4,chr19,5688
gene_9540,LGMN,chr14,2355
gene_9541,LGR4,chr11,5247
gene_9542,LGR5,chr12,7043
gene_9543,LGR6,chr1,4073
gene_9544,LGSN,chr6,10787
gene_9545,LGTN,chr1,2918
gene_9546,LHB,chr19,523
gene_9547,LHCGR,chr2,3254
gene_9548,LHFPL1,chrX,2289
gene_9549,LHFPL2,chr5,7033
gene_9550,LHFPL3,chr7,3224
gene_9551,LHFPL4,chr3,4880
gene_9552,LHFPL5,chr6,2147
gene_9553,LHFP,chr13,2158
gene_9554,LHPP,chr10,2000
gene_9555,LHX1,chr17,4568
gene_9556,LHX2,chr9,2844
gene_9557,LHX3,chr9,3655
gene_9558,LHX4,chr1,1879
gene_9559,LHX5,chr12,2084
gene_9560,LHX6,chr9,4426
gene_9561,LHX8,chr1,2812
gene_9562,LHX9,chr1,3462
gene_9563,LIAS,chr4,2442
gene_9564,LIFR,chr5,10403
gene_9565,LIF,chr22,3969
gene_9566,LIG1,chr19,4912
gene_9567,LIG3,chr17,4383
gene_9568,LIG4,chr13,8249
gene_9569,LILRA1,chr19,3614
gene_9570,LILRA2,chr19,3215
gene_9571,LILRA3,chr19,1714
gene_9572,LILRA4,chr19,1958
gene_9573,LILRA5,chr19,2049
gene_9574,LILRA6,chr19,7479
gene_9575,LILRB1,chr19,4523
gene_9576,LILRB2,chr19,3609
gene_9577,LILRB3,chr19,5178
gene_9578,LILRB4,chr19,3684
gene_9579,LILRB5,chr19,8656
gene_9580,LILRP2,chr19,5287
gene_9581,LIM2,chr19,1165
gene_9582,LIMA1,chr12,5483
gene_9583,LIMCH1,chr4,10304
gene_9584,LIMD1,chr3,6284
gene_9585,LIMD2,chr17,3681
gene_9586,LIME1,chr20,2583
gene_9587,LIMK1,chr7,6185
gene_9588,LIMK2,chr22,5087
gene_9589,LIMS1,chr2,5513
gene_9590,LIMS2,chr2,4401
gene_9591,LIMS3-LOC440895,chr2,7940
gene_9592,LIMS3,chr2,2432
gene_9593,LIN28A,chr1,6984
gene_9594,LIN28B,chr6,5550
gene_9595,LIN37,chr19,1492
gene_9596,LIN52,chr14,2440
gene_9597,LIN54,chr4,6415
gene_9598,LIN7A,chr12,1307
gene_9599,LIN7B,chr19,755
gene_9600,LIN7C,chr11,4852
gene_9601,LIN9,chr1,3949
gene_9602,LINGO1,chr15,3363
gene_9603,LINGO2,chr9,3582
gene_9604,LINGO3,chr19,2130
gene_9605,LINGO4,chr1,2606
gene_9606,LINS1,chr15,5153
gene_9607,LIPA,chr10,3749
gene_9608,LIPC,chr15,2804
gene_9609,LIPE,chr19,4511
gene_9610,LIPF,chr10,2607
gene_9611,LIPG,chr18,4576
gene_9612,LIPH,chr3,2474
gene_9613,LIPI,chr21,1988
gene_9614,LIPJ,chr10,1484
gene_9615,LIPK,chr10,1200
gene_9616,LIPM,chr10,1670
gene_9617,LIPN,chr10,1197
gene_9618,LIPT1,chr2,2019
gene_9619,LIPT2,chr11,960
gene_9620,LITAF,chr16,3378
gene_9621,LIX1L,chr1,1401
gene_9622,LIX1,chr5,3967
gene_9623,LLGL1,chr17,4224
gene_9624,LLGL2,chr17,4882
gene_9625,LLPH,chr12,1923
gene_9626,LMAN1L,chr15,4066
gene_9627,LMAN1,chr18,5455
gene_9628,LMAN2L,chr2,2442
gene_9629,LMAN2,chr5,1832
gene_9630,LMBR1L,chr12,3998
gene_9631,LMBR1,chr7,5209
gene_9632,LMBRD1,chr6,2940
gene_9633,LMBRD2,chr5,3237
gene_9634,LMCD1,chr3,3159
gene_9635,LMF1,chr16,7409
gene_9636,LMF2,chr22,2938
gene_9637,LMLN,chr3,7274
gene_9638,LMNA,chr1,7857
gene_9639,LMNB1,chr5,3573
gene_9640,LMNB2,chr19,4644
gene_9641,LMO1,chr11,1755
gene_9642,LMO2,chr11,3790
gene_9643,LMO3,chr12,6033
gene_9644,LMO4,chr1,5553
gene_9645,LMO7,chr13,9543
gene_9646,LMOD1,chr1,6842
gene_9647,LMOD2,chr7,2149
gene_9648,LMOD3,chr3,4508
gene_9649,LMTK2,chr7,8945
gene_9650,LMTK3,chr19,4972
gene_9651,LMX1A,chr1,4020
gene_9652,LMX1B,chr9,6041
gene_9653,LNP1,chr3,2217
gene_9654,LNPEP,chr5,4795
gene_9655,LNX1,chr4,3853
gene_9656,LNX2,chr13,4873
gene_9657,LOC100009676,chr3,2784
gene_9658,LOC100101266,chr19,1255
gene_9659,LOC100101938,chr13,3726
gene_9660,LOC100124692,,
gene_9661,LOC100125556,chr3,2160
gene_9662,LOC100126784,chr11,3739
gene_9663,LOC100127888,chr20,1423
gene_9664,LOC100128023,chr3,1145
gene_9665,LOC100128076,chr9,2012
gene_9666,LOC100128164,chr3,7012
gene_9667,LOC100128191,chr12,3161
gene_9668,LOC100128239,chr11,2299
gene_9669,LOC100128288,chr17,2129
gene_9670,LOC100128292,chr10,3014
gene_9671,LOC100128542,,
gene_9672,LOC100128554,chr12,4043
gene_9673,LOC100128573,chr19,525
gene_9674,LOC100128640,chr3,2517
gene_9675,LOC100128675,chr19,4617
gene_9676,LOC100128788,chr16,2970
gene_9677,LOC100128811,chr10,2433
gene_9678,LOC100128822,chr7,1422
gene_9679,LOC100128842,,
gene_9680,LOC100128977,chr17,840
gene_9681,LOC100129034,chr9,5712
gene_9682,LOC100129055,chr10,2775
gene_9683,LOC100129066,chr9,2194
gene_9684,LOC100129387,chr15,4133
gene_9685,LOC100129534,chr1,2248
gene_9686,LOC100129550,chr3,5904
gene_9687,LOC100129637,,
gene_9688,LOC100129716,chr5,2502
gene_9689,LOC100129726,chr2,1645
gene_9690,LOC100129935,chr19,1831
gene_9691,LOC100130015,chr16,2478
gene_9692,LOC100130093,chr1,2377
gene_9693,LOC100130148,chr17,3016
gene_9694,LOC100130238,chr12,3877
gene_9695,LOC100130264,chr20,1789
gene_9696,LOC100130274,chr8,1320
gene_9697,LOC100130331,chr1,3125
gene_9698,LOC100130386,chr13,2579
gene_9699,LOC100130522,chr18,3737
gene_9700,LOC100130557,chr1,3182
gene_9701,LOC100130581,chr17,4902
gene_9702,LOC100130691,chr2,2308
gene_9703,LOC100130776,chr12,1531
gene_9704,LOC100130872,chr4,4981
gene_9705,LOC100130932,,
gene_9706,LOC100130933,chr17,828
gene_9707,LOC100130987,chr11,850
gene_9708,LOC100131193,chr9,2386
gene_9709,LOC100131434,chrX,3924
gene_9710,LOC100131496,chr20,2253
gene_9711,LOC100131551,chr3,4256
gene_9712,LOC100131691,chr19,2606
gene_9713,LOC100131726,chr8,1158
gene_9714,LOC100132111,chr1,761
gene_9715,LOC100132215,chr2,2328
gene_9716,LOC100132247,chr16,4426
gene_9717,LOC100132287,,
gene_9718,LOC100132288,chr21,3214
gene_9719,LOC100132354,chr6,2282
gene_9720,LOC100132707,chr7,1921
gene_9721,LOC100132724,chr15,2437
gene_9722,LOC100132831,chrX,1980
gene_9723,LOC100132832,chr7,2332
gene_9724,LOC100133050,chr5,701
gene_9725,LOC100133161,chr11,6683
gene_9726,LOC100133308,chr10,3490
gene_9727,LOC100133331,chr1,13716
gene_9728,LOC100133469,,
gene_9729,LOC100133545,chr11,1904
gene_9730,LOC100133612,chr1,2781
gene_9731,LOC100133669,chr8,2233
gene_9732,LOC100133893,,
gene_9733,LOC100133920,chr9,2029
gene_9734,LOC100133957,chrX,2090
gene_9735,LOC100133985,chr2,661
gene_9736,LOC100133991,chr17,1328
gene_9737,LOC100134229,chr7,2380
gene_9738,LOC100134259,chr2,3299
gene_9739,LOC100134368,chr16,1571
gene_9740,LOC100134713,chr7,1648
gene_9741,LOC100134868,chr20,1672
gene_9742,LOC100144603,chr22,627
gene_9743,LOC100144604,chr15,1762
gene_9744,LOC100169752,chr10,749
gene_9745,LOC100170939,,
gene_9746,LOC100188947,chr10,1023
gene_9747,LOC100188949,chr13,1589
gene_9748,LOC100189589,chr2,2144
gene_9749,LOC100190938,chr17,4418
gene_9750,LOC100190939,chr13,5000
gene_9751,LOC100190940,chr12,3211
gene_9752,LOC100190986,chr16,2432
gene_9753,LOC100192378,chr8,1710
gene_9754,LOC100192379,chr4,2224
gene_9755,LOC100192426,chr18,616
gene_9756,LOC100216001,chr10,3926
gene_9757,LOC100216545,chr7,3600
gene_9758,LOC100233209,chr12,2502
gene_9759,LOC100240726,,
gene_9760,LOC100240734,chr12,491
gene_9761,LOC100240735,chr12,905
gene_9762,LOC100268168,chr5,2291
gene_9763,LOC100270710,,
gene_9764,LOC100270746,chr6,941
gene_9765,LOC100270804,chr20,2017
gene_9766,LOC100271722,chr22,1610
gene_9767,LOC100271831,,
gene_9768,LOC100271832,chr2,1391
gene_9769,LOC100271836,chr16,9384
gene_9770,LOC100272146,,
gene_9771,LOC100272216,chr5,2049
gene_9772,LOC100272217,chr9,2145
gene_9773,LOC100272228,chrX,7384
gene_9774,LOC100286793,chr1,4475
gene_9775,LOC100286844,chr12,4537
gene_9776,LOC100287227,chr3,2543
gene_9777,LOC100287704,,
gene_9778,LOC100287718,chr6,1057
gene_9779,LOC100288778,chr12,5329
gene_9780,LOC100289341,chr9,1872
gene_9781,LOC100302401,chr1,2405
gene_9782,LOC100302640,chr3,3026
gene_9783,LOC100302650,chr2,1659
gene_9784,LOC100303728,chrX,3088
gene_9785,LOC113230,chr19,1300
gene_9786,LOC115110,chr1,2817
gene_9787,LOC116437,chr12,2473
gene_9788,LOC121838,chr13,2564
gene_9789,LOC121952,chr13,2312
gene_9790,LOC126536,chr19,7197
gene_9791,LOC127841,chr1,1290
gene_9792,LOC134466,chr5,4418
gene_9793,LOC143188,,
gene_9794,LOC143666,chr11,2078
gene_9795,LOC144438,,
gene_9796,LOC144486,chr12,2566
gene_9797,LOC144571,chr12,2187
gene_9798,LOC144742,chr12,2291
gene_9799,LOC144776,chr13,2018
gene_9800,LOC145474,chr14,1843
gene_9801,LOC145783,chr15,3017
gene_9802,LOC145820,chr15,2684
gene_9803,LOC145837,chr15,2470
gene_9804,LOC145845,chr15,2987
gene_9805,LOC146336,chr16,2933
gene_9806,LOC146481,chr16,2109
gene_9807,LOC146880,chr17,5538
gene_9808,LOC147727,chr19,2011
gene_9809,LOC147804,chr19,3038
gene_9810,LOC148145,chr19,3444
gene_9811,LOC148189,chr19,2051
gene_9812,LOC148413,chr1,1902
gene_9813,LOC148696,chr1,4218
gene_9814,LOC148709,chr1,2321
gene_9815,LOC148824,chr1,1913
gene_9816,LOC149134,chr1,3639
gene_9817,LOC149620,chr1,2803
gene_9818,LOC149837,chr20,3591
gene_9819,LOC150185,chr22,1327
gene_9820,LOC150197,chr22,2206
gene_9821,LOC150381,chr22,1635
gene_9822,LOC150527,chr2,4704
gene_9823,LOC150568,chr2,1505
gene_9824,LOC150622,chr2,11868
gene_9825,LOC150776,chr2,4733
gene_9826,LOC150786,chr2,3667
gene_9827,LOC151009,chr2,2367
gene_9828,LOC151162,,
gene_9829,LOC151174,chr2,2346
gene_9830,LOC151300,chr2,2195
gene_9831,LOC151534,chr2,2449
gene_9832,LOC151658,chr3,2226
gene_9833,LOC152024,chr3,2241
gene_9834,LOC152217,chr3,1391
gene_9835,LOC152225,chr3,2051
gene_9836,LOC153328,chr5,2486
gene_9837,LOC153684,chr5,2656
gene_9838,LOC153910,chr6,2530
gene_9839,LOC154449,chr6,1330
gene_9840,LOC154761,chr7,7175
gene_9841,LOC154822,chr7,8329
gene_9842,LOC157381,chr8,4065
gene_9843,LOC157627,chr8,2922
gene_9844,LOC158376,chr9,1546
gene_9845,LOC158572,chrX,2290
gene_9846,LOC158696,chrX,2908
gene_9847,LOC162632,chr17,8064
gene_9848,LOC168474,,
gene_9849,LOC200030,,
gene_9850,LOC200726,chr2,1376
gene_9851,LOC201651,chr3,1289
gene_9852,LOC202181,chr5,3281
gene_9853,LOC202781,chr7,2271
gene_9854,LOC219347,chr10,4164
gene_9855,LOC220429,chr13,2972
gene_9856,LOC220594,chr17,6633
gene_9857,LOC220729,chr3,1742
gene_9858,LOC220930,chr10,2213
gene_9859,LOC221122,chr11,1238
gene_9860,LOC221442,chr6,8263
gene_9861,LOC221710,chr6,4691
gene_9862,LOC222699,chr6,3592
gene_9863,LOC253039,chr9,3798
gene_9864,LOC253724,chr12,6573
gene_9865,LOC254312,chr10,1112
gene_9866,LOC254559,chr15,4335
gene_9867,LOC255025,chr3,3359
gene_9868,LOC255167,chr5,3506
gene_9869,LOC256880,chr4,1985
gene_9870,LOC257358,chr5,2204
gene_9871,LOC25845,chr5,2751
gene_9872,LOC26102,chr9,4782
gene_9873,LOC282997,chr10,2015
gene_9874,LOC283050,chr10,6046
gene_9875,LOC283070,chr10,2413
gene_9876,LOC283174,chr11,5306
gene_9877,LOC283267,chr11,3305
gene_9878,LOC283314,chr12,6171
gene_9879,LOC283332,chr12,2340
gene_9880,LOC283392,chr12,3160
gene_9881,LOC283404,chr12,1053
gene_9882,LOC283663,chr15,2742
gene_9883,LOC283731,chr15,2566
gene_9884,LOC283761,chr15,4844
gene_9885,LOC283856,chr16,2678
gene_9886,LOC283867,chr16,1760
gene_9887,LOC283914,chr16,3496
gene_9888,LOC283922,chr16,2656
gene_9889,LOC283999,chr17,2491
gene_9890,LOC284009,chr17,576
gene_9891,LOC284023,chr17,2525
gene_9892,LOC284100,chr17,2534
gene_9893,LOC284232,chr13,37567
gene_9894,LOC284233,chr18,2876
gene_9895,LOC284276,chr18,2243
gene_9896,LOC284379,chr19,1225
gene_9897,LOC284440,chr19,2536
gene_9898,LOC284441,,
gene_9899,LOC284551,chr1,2741
gene_9900,LOC284578,chr1,2363
gene_9901,LOC284632,chr1,1846
gene_9902,LOC284661,chr1,2074
gene_9903,LOC284688,chr1,1725
gene_9904,LOC284749,chr20,3953
gene_9905,LOC284788,chr20,1684
gene_9906,LOC284798,chr20,4163
gene_9907,LOC284837,chr21,5656
gene_9908,LOC284900,chr22,10804
gene_9909,LOC285033,chr2,2483
gene_9910,LOC285045,chr2,2474
gene_9911,LOC285074,chr2,4628
gene_9912,LOC285194,chr3,2500
gene_9913,LOC285205,chr3,1306
gene_9914,LOC285359,chr3,983
gene_9915,LOC285370,chr3,2869
gene_9916,LOC285375,chr3,994
gene_9917,LOC285401,chr3,1969
gene_9918,LOC285419,chr4,9063
gene_9919,LOC285456,chr4,4140
gene_9920,LOC285501,chr4,1034
gene_9921,LOC285548,chr4,1749
gene_9922,LOC285593,chr5,3164
gene_9923,LOC285627,chr5,2012
gene_9924,LOC285629,chr5,2322
gene_9925,LOC285692,chr5,1845
gene_9926,LOC285696,chr5,4625
gene_9927,LOC285733,,
gene_9928,LOC285735,chr6,2515
gene_9929,LOC285740,chr6,2396
gene_9930,LOC285768,chr6,2730
gene_9931,LOC285780,chr6,4118
gene_9932,LOC285796,chr6,2135
gene_9933,LOC285830,chr6,4149
gene_9934,LOC285847,chr6,1732
gene_9935,LOC285954,chr7,4527
gene_9936,LOC286002,chr7,3888
gene_9937,LOC286094,chr8,1317
gene_9938,LOC286135,chr8,2840
gene_9939,LOC286238,chr9,940
gene_9940,LOC286359,chr9,2017
gene_9941,LOC286367,chr9,3413
gene_9942,LOC286467,chrX,3322
gene_9943,LOC29034,chr2,2305
gene_9944,LOC338588,chr10,1011
gene_9945,LOC338651,chr11,2882
gene_9946,LOC338758,chr12,2998
gene_9947,LOC338799,chr12,2323
gene_9948,LOC339047,,
gene_9949,LOC339240,chr17,3153
gene_9950,LOC339290,chr18,6060
gene_9951,LOC339524,chr1,6111
gene_9952,LOC339535,chr1,1531
gene_9953,LOC339568,chr20,1514
gene_9954,LOC339674,chr22,1506
gene_9955,LOC339788,chr2,2315
gene_9956,LOC340017,chr4,1392
gene_9957,LOC340074,chr5,2042
gene_9958,LOC340094,chr5,1798
gene_9959,LOC340357,chr8,957
gene_9960,LOC340508,chr9,2262
gene_9961,LOC341056,chr11,2046
gene_9962,LOC342346,chr16,3426
gene_9963,LOC344595,chr3,4014
gene_9964,LOC344967,chr4,1613
gene_9965,LOC347376,,
gene_9966,LOC348021,chr13,2138
gene_9967,LOC348840,chr3,2895
gene_9968,LOC348926,chr4,4490
gene_9969,LOC349114,chr7,4644
gene_9970,LOC349196,,
gene_9971,LOC360030,chr12,907
gene_9972,LOC374443,chr12,4119
gene_9973,LOC374491,chr13,4070
gene_9974,LOC375190,chr2,2704
gene_9975,LOC387646,chr10,6454
gene_9976,LOC387647,chr10,5730
gene_9977,LOC388152,chr15,5199
gene_9978,LOC388242,,
gene_9979,LOC388387,chr17,2076
gene_9980,LOC388428,chr17,2430
gene_9981,LOC388588,chr1,565
gene_9982,LOC388692,chr1,12267
gene_9983,LOC388789,chr20,813
gene_9984,LOC388796,chr20,4665
gene_9985,LOC388946,chr2,680
gene_9986,LOC388955,,
gene_9987,LOC389033,chr2,401
gene_9988,LOC389332,chr5,1696
gene_9989,LOC389333,chr5,3251
gene_9990,LOC389458,chr7,579
gene_9991,LOC389493,chr7,600
gene_9992,LOC389634,chr12,3343
gene_9993,LOC389705,chr9,923
gene_9994,LOC389791,chr9,2106
gene_9995,LOC390595,chr15,1693
gene_9996,LOC390858,chr18,531
gene_9997,LOC391322,chr22,563
gene_9998,LOC392196,chr8,1440
gene_9999,LOC399744,chr10,5253
gene_10000,LOC399815,chr10,3093
gene_10001,LOC399959,chr11,3844
gene_10002,LOC400027,chr12,2202
gene_10003,LOC400043,chr12,1395
gene_10004,LOC400657,chr18,3474
gene_10005,LOC400696,chr19,3062
gene_10006,LOC400752,chr1,1710
gene_10007,LOC400759,chr1,1234
gene_10008,LOC400794,chr1,3685
gene_10009,LOC400804,chr1,4492
gene_10010,LOC400891,chr22,5404
gene_10011,LOC400927,chr22,3395
gene_10012,LOC400931,chr22,7280
gene_10013,LOC400940,chr2,3463
gene_10014,LOC401010,chr2,2734
gene_10015,LOC401052,chr3,1897
gene_10016,LOC401093,chr3,6844
gene_10017,LOC401127,chr4,1649
gene_10018,LOC401387,chr7,4482
gene_10019,LOC401397,chr7,1182
gene_10020,LOC401431,chr7,3069
gene_10021,LOC401463,chr8,2872
gene_10022,LOC401588,chrX,2148
gene_10023,LOC402377,,
gene_10024,LOC402644,,
gene_10025,LOC407835,chr7,1726
gene_10026,LOC415056,chr9,1423
gene_10027,LOC440040,chr11,2277
gene_10028,LOC440173,chr9,2016
gene_10029,LOC440354,chr16,19365
gene_10030,LOC440356,chr16,810
gene_10031,LOC440461,chr17,1643
gene_10032,LOC440563,chr1,1156
gene_10033,LOC440896,chr9,4358
gene_10034,LOC440905,chr2,8318
gene_10035,LOC440925,chr2,2129
gene_10036,LOC440944,chr3,5113
gene_10037,LOC440957,chr3,449
gene_10038,LOC441046,chr4,1989
gene_10039,LOC441089,chr5,1362
gene_10040,LOC441177,chr6,2065
gene_10041,LOC441204,chr7,4634
gene_10042,LOC441208,chr7,2034
gene_10043,LOC441294,chr7,2587
gene_10044,LOC441454,chr9,1381
gene_10045,LOC441455,chr9,1647
gene_10046,LOC441601,chr11,1015
gene_10047,LOC441666,chr10,6661
gene_10048,LOC441869,chr1,2382
gene_10049,LOC442308,,
gene_10050,LOC442421,chr9,3120
gene_10051,LOC442454,chrX,797
gene_10052,LOC442459,chrX,2174
gene_10053,LOC493754,chr7,5046
gene_10054,LOC494141,chr11,3748
gene_10055,LOC541471,chr2,2457
gene_10056,LOC541473,chr7,980
gene_10057,LOC550112,chr4,5517
gene_10058,LOC550643,chrX,694
gene_10059,LOC554202,chr9,2148
gene_10060,LOC55908,chr19,997
gene_10061,LOC572558,chr9,532
gene_10062,LOC595101,chr16,4300
gene_10063,LOC606724,chr16,1142
gene_10064,LOC613037,chr16,3492
gene_10065,LOC619207,chr10,7861
gene_10066,LOC641298,chr16,7809
gene_10067,LOC641367,chr19,2694
gene_10068,LOC642587,chr1,890
gene_10069,LOC642597,chr18,2302
gene_10070,LOC642826,chr10,9768
gene_10071,LOC642846,chr12,4875
gene_10072,LOC642852,chr21,7265
gene_10073,LOC642929,chr9,985
gene_10074,LOC643008,chr17,1548
gene_10075,LOC643387,chr2,2659
gene_10076,LOC643486,chrX,817
gene_10077,LOC643677,chr13,21470
gene_10078,LOC643719,chr19,602
gene_10079,LOC643763,chr8,7041
gene_10080,LOC643837,chr1,9233
gene_10081,LOC643923,chr11,972
gene_10082,LOC643955,chr7,1766
gene_10083,LOC644145,chr4,388
gene_10084,LOC644165,chr22,1425
gene_10085,LOC644172,chr17,2258
gene_10086,LOC644538,chrX,1536
gene_10087,LOC644669,chr18,2097
gene_10088,LOC644936,chr5,1381
gene_10089,LOC645166,chr1,1555
gene_10090,LOC645323,chr5,5228
gene_10091,LOC645332,chr11,1859
gene_10092,LOC645431,chr14,2025
gene_10093,LOC645676,chr1,1964
gene_10094,LOC645752,chr15,3279
gene_10095,LOC646214,chr15,8226
gene_10096,LOC646471,chr1,3653
gene_10097,LOC646498,chr3,702
gene_10098,LOC646627,chr1,435
gene_10099,LOC646762,chr7,6467
gene_10100,LOC646813,chr11,1177
gene_10101,LOC646851,chr22,10432
gene_10102,LOC646982,chr13,5257
gene_10103,LOC646999,chr7,2602
gene_10104,LOC647121,chr1,4519
gene_10105,LOC647288,chr13,2629
gene_10106,LOC647309,chr3,3624
gene_10107,LOC647859,chr5,578
gene_10108,LOC647946,chr18,2873
gene_10109,LOC647979,chr20,5343
gene_10110,LOC648691,chr22,3105
gene_10111,LOC648740,chr1,1983
gene_10112,LOC649330,chr1,1002
gene_10113,LOC650293,chr4,651
gene_10114,LOC650368,chr11,3964
gene_10115,LOC650623,chr10,5920
gene_10116,LOC651250,,
gene_10117,LOC652276,chr16,5886
gene_10118,LOC653113,chr12,2143
gene_10119,LOC653501,chr9,8308
gene_10120,LOC653544,chr4,1466
gene_10121,LOC653545,chr4,4759
gene_10122,LOC653566,,
gene_10123,LOC653653,chr17,1160
gene_10124,LOC653786,chr16,2661
gene_10125,LOC654342,chr2,1598
gene_10126,LOC654433,chr2,4722
gene_10127,LOC678655,chr12,3809
gene_10128,LOC723809,chr7,1832
gene_10129,LOC723972,chr15,738
gene_10130,LOC727677,chr8,1924
gene_10131,LOC727896,chr18,3409
gene_10132,LOC727924,chr15,3916
gene_10133,LOC728024,chr8,1491
gene_10134,LOC728190,chr10,7131
gene_10135,LOC728264,chr5,969
gene_10136,LOC728276,chr16,2831
gene_10137,LOC728323,chr2,1391
gene_10138,LOC728392,chr17,1493
gene_10139,LOC728410,,
gene_10140,LOC728554,chr5,2325
gene_10141,LOC728606,chr18,2598
gene_10142,LOC728613,chr5,6437
gene_10143,LOC728640,chr10,2519
gene_10144,LOC728643,chr10,542
gene_10145,LOC728723,chr5,3444
gene_10146,LOC728743,chr7,3669
gene_10147,LOC728758,chr15,2346
gene_10148,LOC728819,chr2,1170
gene_10149,LOC728855,chr1,3969
gene_10150,LOC728875,chr1,2802
gene_10151,LOC728989,chr1,1076
gene_10152,LOC729020,chr10,2130
gene_10153,LOC729082,chr15,1894
gene_10154,LOC729121,chr2,1729
gene_10155,LOC729156,chr7,2426
gene_10156,LOC729176,chr6,2156
gene_10157,LOC729234,chr2,852
gene_10158,LOC729375,chr3,2425
gene_10159,LOC729467,chr1,1043
gene_10160,LOC729603,chr6,3131
gene_10161,LOC729609,chrX,628
gene_10162,LOC729668,,
gene_10163,LOC729678,chr5,2265
gene_10164,LOC729799,chr11,2572
gene_10165,LOC729991-MEF2B,chr19,2242
gene_10166,LOC729991,chr19,2447
gene_10167,LOC730101,chr6,6319
gene_10168,LOC730668,chr22,4162
gene_10169,LOC730811,chr2,3242
gene_10170,LOC731779,chr8,796
gene_10171,LOC731789,chr10,6104
gene_10172,LOC732275,chr16,4315
gene_10173,LOC80054,chr19,2201
gene_10174,LOC80154,chr15,21875
gene_10175,LOC81691,chr16,3149
gene_10176,LOC84740,chr4,6794
gene_10177,LOC84856,chr10,2643
gene_10178,LOC84931,chr2,2015
gene_10179,LOC84989,chr10,1334
gene_10180,LOC90110,,
gene_10181,LOC90246,chr3,2752
gene_10182,LOC90586,chr17,2073
gene_10183,LOC90784,chr2,3653
gene_10184,LOC90834,chr22,2421
gene_10185,LOC91149,chr2,4621
gene_10186,LOC91316,chr22,10572
gene_10187,LOC91450,chr15,993
gene_10188,LOC91948,chr15,1517
gene_10189,LOC92249,chrX,2886
gene_10190,LOC92659,chr17,2804
gene_10191,LOC92973,chr9,5245
gene_10192,LOC93432,chr7,1591
gene_10193,LOC93622,chr4,2115
gene_10194,LOC96610,chr22,5020
gene_10195,LOH12CR1,chr12,2085
gene_10196,LOH12CR2,chr12,1538
gene_10197,LOH3CR2A,chr3,2887
gene_10198,LONP1,chr19,4445
gene_10199,LONP2,chr16,4448
gene_10200,LONRF1,chr8,3737
gene_10201,LONRF2,chr2,13912
gene_10202,LONRF3,chrX,3699
gene_10203,LOR,chr1,1229
gene_10204,LOXHD1,chr18,9478
gene_10205,LOXL1,chr15,2361
gene_10206,LOXL2,chr8,3810
gene_10207,LOXL3,chr2,4445
gene_10208,LOXL4,chr10,3657
gene_10209,LOX,chr5,5836
gene_10210,LPAL2,chr6,2502
gene_10211,LPAR1,chr9,3812
gene_10212,LPAR2,chr19,3501
gene_10213,LPAR3,chr1,2496
gene_10214,LPAR4,chrX,2832
gene_10215,LPAR5,chr12,3004
gene_10216,LPAR6,chr13,6523
gene_10217,LPA,chr6,6489
gene_10218,LPCAT1,chr5,4091
gene_10219,LPCAT2,chr16,6232
gene_10220,LPCAT3,chr12,2486
gene_10221,LPCAT4,chr15,2269
gene_10222,LPGAT1,chr1,8568
gene_10223,LPHN1,chr19,7857
gene_10224,LPHN2,chr1,6711
gene_10225,LPHN3,chr4,6957
gene_10226,LPIN1,chr2,6976
gene_10227,LPIN2,chr18,6229
gene_10228,LPIN3,chr20,4562
gene_10229,LPL,chr8,3747
gene_10230,LPO,chr17,4751
gene_10231,LPPR1,chr9,3074
gene_10232,LPPR2,chr19,4437
gene_10233,LPPR3,chr19,3248
gene_10234,LPPR4,chr1,5022
gene_10235,LPPR5,chr1,4135
gene_10236,LPP,chr3,23496
gene_10237,LPXN,chr11,2563
gene_10238,LQK1,chr1,1257
gene_10239,LRAT,chr4,5755
gene_10240,LRBA,chr4,14011
gene_10241,LRCH1,chr13,8435
gene_10242,LRCH2,chrX,4925
gene_10243,LRCH3,chr3,3417
gene_10244,LRCH4,chr7,3406
gene_10245,LRDD,chr11,9595
gene_10246,LRFN1,chr19,3132
gene_10247,LRFN2,chr6,3144
gene_10248,LRFN3,chr19,2515
gene_10249,LRFN4,chr11,2528
gene_10250,LRFN5,chr14,5968
gene_10251,LRG1,chr19,1780
gene_10252,LRGUK,chr7,2700
gene_10253,LRIG1,chr3,5612
gene_10254,LRIG2,chr1,4127
gene_10255,LRIG3,chr12,4310
gene_10256,LRIT1,chr10,2301
gene_10257,LRIT2,chr10,3118
gene_10258,LRIT3,chr4,4388
gene_10259,LRMP,chr12,3391
gene_10260,LRP10,chr14,4543
gene_10261,LRP11,chr6,4303
gene_10262,LRP12,chr8,10035
gene_10263,LRP1B,chr2,16531
gene_10264,LRP1,chr12,17495
gene_10265,LRP2BP,chr4,5158
gene_10266,LRP2,chr2,16351
gene_10267,LRP3,chr19,8287
gene_10268,LRP4,chr11,8555
gene_10269,LRP5L,chr22,4558
gene_10270,LRP5,chr11,5322
gene_10271,LRP6,chr12,10520
gene_10272,LRP8,chr1,10046
gene_10273,LRPAP1,chr4,10536
gene_10274,LRPPRC,chr2,6822
gene_10275,LRRC10B,chr11,2219
gene_10276,LRRC10,chr12,2598
gene_10277,LRRC14B,chr5,1573
gene_10278,LRRC14,chr8,5434
gene_10279,LRRC15,chr3,5940
gene_10280,LRRC16A,chr6,6648
gene_10281,LRRC16B,chr14,5724
gene_10282,LRRC17,chr7,2270
gene_10283,LRRC18,chr10,1619
gene_10284,LRRC19,chr9,3608
gene_10285,LRRC1,chr6,3424
gene_10286,LRRC20,chr10,3727
gene_10287,LRRC23,chr12,1971
gene_10288,LRRC24,chr8,1772
gene_10289,LRRC25,chr19,3350
gene_10290,LRRC26,chr9,1195
gene_10291,LRRC27,chr10,10478
gene_10292,LRRC28,chr15,2629
gene_10293,LRRC29,chr16,3789
gene_10294,LRRC2,chr3,5281
gene_10295,LRRC30,chr18,906
gene_10296,LRRC31,chr3,3619
gene_10297,LRRC32,chr11,6309
gene_10298,LRRC33,chr3,2464
gene_10299,LRRC34,chr3,2690
gene_10300,LRRC36,chr16,3985
gene_10301,LRRC37A2,chr17,8161
gene_10302,LRRC37A3,chr17,7113
gene_10303,LRRC37A4,chr17,5550
gene_10304,LRRC37A,chr17,8163
gene_10305,LRRC37B2,chr17,7050
gene_10306,LRRC37B,chr17,4800
gene_10307,LRRC39,chr1,2085
gene_10308,LRRC3B,chr3,2407
gene_10309,LRRC3,chr21,2505
gene_10310,LRRC40,chr1,2945
gene_10311,LRRC41,chr1,5051
gene_10312,LRRC42,chr1,1788
gene_10313,LRRC43,chr12,2708
gene_10314,LRRC45,chr17,2599
gene_10315,LRRC46,chr17,1922
gene_10316,LRRC47,chr1,2648
gene_10317,LRRC48,chr17,2586
gene_10318,LRRC49,chr15,4205
gene_10319,LRRC4B,chr19,2957
gene_10320,LRRC4C,chr11,3731
gene_10321,LRRC4,chr7,3707
gene_10322,LRRC50,chr16,2886
gene_10323,LRRC52,chr1,1122
gene_10324,LRRC55,chr11,5407
gene_10325,LRRC56,chr11,2774
gene_10326,LRRC57,chr15,2867
gene_10327,LRRC58,chr3,7683
gene_10328,LRRC59,chr17,2915
gene_10329,LRRC61,chr7,2323
gene_10330,LRRC66,chr4,3329
gene_10331,LRRC67,chr8,1083
gene_10332,LRRC69,chr8,1836
gene_10333,LRRC6,chr8,2260
gene_10334,LRRC70,chr5,2249
gene_10335,LRRC7,chr1,9541
gene_10336,LRRC8A,chr9,4762
gene_10337,LRRC8B,chr1,8063
gene_10338,LRRC8C,chr1,7207
gene_10339,LRRC8D,chr1,4052
gene_10340,LRRC8E,chr19,3745
gene_10341,LRRCC1,chr8,5014
gene_10342,LRRFIP1,chr2,8533
gene_10343,LRRFIP2,chr3,3841
gene_10344,LRRIQ1,chr12,7706
gene_10345,LRRIQ3,chr1,5468
gene_10346,LRRIQ4,chr3,1824
gene_10347,LRRK1,chr15,8603
gene_10348,LRRK2,chr12,14948
gene_10349,LRRN1,chr3,3823
gene_10350,LRRN2,chr1,3425
gene_10351,LRRN3,chr7,3727
gene_10352,LRRN4CL,chr11,2585
gene_10353,LRRN4,chr20,3734
gene_10354,LRRTM1,chr2,4986
gene_10355,LRRTM2,chr5,7875
gene_10356,LRRTM3,chr10,7468
gene_10357,LRRTM4,chr2,6444
gene_10358,LRSAM1,chr9,4117
gene_10359,LRTM1,chr3,1277
gene_10360,LRTM2,chr12,4359
gene_10361,LRTOMT,chr11,7794
gene_10362,LRWD1,chr7,2198
gene_10363,LSAMP,chr3,9547
gene_10364,LSG1,chr3,3572
gene_10365,LSM10,chr1,850
gene_10366,LSM11,chr5,2561
gene_10367,LSM12,chr17,2751
gene_10368,LSM14A,chr19,4628
gene_10369,LSM14B,chr20,5116
gene_10370,LSM1,chr8,1339
gene_10371,LSM2,chr6,880
gene_10372,LSM3,chr3,695
gene_10373,LSM4,chr19,1825
gene_10374,LSM5,chr7,3386
gene_10375,LSM6,chr4,1496
gene_10376,LSM7,chr19,520
gene_10377,LSMD1,chr17,1363
gene_10378,LSP1,chr11,3152
gene_10379,LSR,chr19,2894
gene_10380,LSS,chr21,5271
gene_10381,LST-3TM12,chr12,2347
gene_10382,LST1,chr6,1743
gene_10383,LTA4H,chr12,3316
gene_10384,LTA,chr6,2153
gene_10385,LTB4R2,chr14,2959
gene_10386,LTB4R,chr14,4937
gene_10387,LTBP1,chr2,6889
gene_10388,LTBP2,chr14,8554
gene_10389,LTBP3,chr11,7695
gene_10390,LTBP4,chr19,7517
gene_10391,LTBR,chr12,2606
gene_10392,LTB,chr6,893
gene_10393,LTC4S,chr5,667
gene_10394,LTF,chr3,3513
gene_10395,LTK,chr15,3351
gene_10396,LTV1,chr6,3867
gene_10397,LUC7L2,chr7,4778
gene_10398,LUC7L3,chr17,5772
gene_10399,LUC7L,chr16,5308
gene_10400,LUM,chr12,2116
gene_10401,LUZP1,chr1,9443
gene_10402,LUZP2,chr11,5411
gene_10403,LUZP4,chrX,1728
gene_10404,LUZP6,chr7,3884
gene_10405,LXN,chr3,1260
gene_10406,LY6D,chr8,802
gene_10407,LY6E,chr8,1365
gene_10408,LY6G5B,chr6,1754
gene_10409,LY6G5C,chr6,1243
gene_10410,LY6G6C,chr6,992
gene_10411,LY6G6D,chr6,671
gene_10412,LY6G6E,chr6,1447
gene_10413,LY6G6F,chr6,1245
gene_10414,LY6H,chr8,2134
gene_10415,LY6K,chr8,4077
gene_10416,LY75,chr2,8946
gene_10417,LY86,chr6,942
gene_10418,LY96,chr8,615
gene_10419,LY9,chr1,4688
gene_10420,LYAR,chr4,1698
gene_10421,LYG1,chr2,1197
gene_10422,LYG2,chr2,1281
gene_10423,LYL1,chr19,1788
gene_10424,LYNX1,chr8,5863
gene_10425,LYN,chr8,4232
gene_10426,LYPD1,chr2,3202
gene_10427,LYPD2,chr8,534
gene_10428,LYPD3,chr19,4310
gene_10429,LYPD4,chr19,2094
gene_10430,LYPD5,chr19,2618
gene_10431,LYPD6B,chr2,1709
gene_10432,LYPD6,chr2,5041
gene_10433,LYPLA1,chr8,3255
gene_10434,LYPLA2P1,,
gene_10435,LYPLA2,chr1,1624
gene_10436,LYPLAL1,chr1,2174
gene_10437,LYRM1,chr16,3058
gene_10438,LYRM2,chr6,8572
gene_10439,LYRM4,chr6,1992
gene_10440,LYRM5,chr12,1261
gene_10441,LYRM7,chr5,6213
gene_10442,LYSMD1,chr1,2656
gene_10443,LYSMD2,chr15,1875
gene_10444,LYSMD3,chr5,8848
gene_10445,LYSMD4,chr15,5243
gene_10446,LYST,chr1,23497
gene_10447,LYVE1,chr11,2500
gene_10448,LYZL1,chr10,812
gene_10449,LYZL2,chr10,774
gene_10450,LYZL4,chr3,872
gene_10451,LYZL6,chr17,1284
gene_10452,LYZ,chr12,1516
gene_10453,LZIC,chr1,1625
gene_10454,LZTFL1,chr3,4514
gene_10455,LZTR1,chr22,5229
gene_10456,LZTS1,chr8,5924
gene_10457,LZTS2,chr10,7911
gene_10458,M6PR,chr12,2566
gene_10459,MAB21L1,,
gene_10460,MAB21L2,chr4,2769
gene_10461,MACC1,chr7,9158
gene_10462,MACF1,chr1,29525
gene_10463,MACROD1,chr11,1257
gene_10464,MACROD2,chr20,9037
gene_10465,MAD1L1,chr7,4606
gene_10466,MAD2L1BP,chr6,1629
gene_10467,MAD2L1,chr4,1436
gene_10468,MAD2L2,chr1,1831
gene_10469,MADCAM1,chr19,1537
gene_10470,MADD,chr11,7255
gene_10471,MAEA,chr4,3310
gene_10472,MAEL,chr1,2816
gene_10473,MAF1,chr8,1775
gene_10474,MAFA,chr8,2373
gene_10475,MAFB,chr20,3360
gene_10476,MAFF,chr22,2983
gene_10477,MAFG,chr17,5254
gene_10478,MAFK,chr7,6043
gene_10479,MAF,chr16,9525
gene_10480,MAGEA10,chrX,2762
gene_10481,MAGEA11,chrX,3728
gene_10482,MAGEA12,chrX,1943
gene_10483,MAGEA1,chrX,1709
gene_10484,MAGEA2,chrX,4582
gene_10485,MAGEA3,chrX,1724
gene_10486,MAGEA4,chrX,3360
gene_10487,MAGEA5,chrX,1664
gene_10488,MAGEA6,chrX,1828
gene_10489,MAGEA8,chrX,2425
gene_10490,MAGEA9B,chrX,3628
gene_10491,MAGEB10,chrX,1953
gene_10492,MAGEB16,chrX,1818
gene_10493,MAGEB18,chrX,1812
gene_10494,MAGEB1,chrX,1968
gene_10495,MAGEB2,chrX,1612
gene_10496,MAGEB3,chrX,2306
gene_10497,MAGEB4,chrX,2252
gene_10498,MAGEB6,chrX,1949
gene_10499,MAGEC1,chrX,5289
gene_10500,MAGEC2,chrX,1994
gene_10501,MAGEC3,chrX,3500
gene_10502,MAGED1,chrX,3252
gene_10503,MAGED2,chrX,3595
gene_10504,MAGED4B,chrX,3256
gene_10505,MAGED4,chrX,7974
gene_10506,MAGEE1,chrX,3701
gene_10507,MAGEE2,chrX,2257
gene_10508,MAGEF1,chr3,1682
gene_10509,MAGEH1,chrX,1462
gene_10510,MAGEL2,chr15,4298
gene_10511,MAGI1,chr3,11472
gene_10512,MAGI2,chr7,9350
gene_10513,MAGI3,chr1,10495
gene_10514,MAGIX,chrX,4984
gene_10515,MAGOHB,chr12,3320
gene_10516,MAGOH,chr1,756
gene_10517,MAGT1,chrX,4703
gene_10518,MAG,chr19,2714
gene_10519,MAK16,chr8,3574
gene_10520,MAK,chr6,4872
gene_10521,MAL2,chr8,2819
gene_10522,MALAT1,chr11,8707
gene_10523,MALL,chr2,3061
gene_10524,MALT1,chr18,5029
gene_10525,MAL,chr2,1137
gene_10526,MAMDC2,chr9,3767
gene_10527,MAMDC4,chr9,4488
gene_10528,MAML1,chr5,10471
gene_10529,MAML2,chr11,5428
gene_10530,MAML3,chr4,7100
gene_10531,MAMLD1,chrX,5055
gene_10532,MAMSTR,chr19,2125
gene_10533,MAN1A1,chr6,5528
gene_10534,MAN1A2,chr1,5388
gene_10535,MAN1B1,chr9,8181
gene_10536,MAN1C1,chr1,3326
gene_10537,MAN2A1,chr5,5491
gene_10538,MAN2A2,chr15,7684
gene_10539,MAN2B1,chr19,3304
gene_10540,MAN2B2,chr4,9488
gene_10541,MAN2C1,chr15,4208
gene_10542,MANBAL,chr20,1554
gene_10543,MANBA,chr4,3311
gene_10544,MANEAL,chr1,4980
gene_10545,MANEA,chr6,5593
gene_10546,MANF,chr3,939
gene_10547,MANSC1,chr12,2773
gene_10548,MAOA,chrX,5438
gene_10549,MAOB,chrX,3551
gene_10550,MAP1A,chr15,10275
gene_10551,MAP1B,chr5,12342
gene_10552,MAP1D,chr2,1770
gene_10553,MAP1LC3A,chr20,1143
gene_10554,MAP1LC3B2,chr12,832
gene_10555,MAP1LC3B,chr16,2679
gene_10556,MAP1LC3C,chr1,1192
gene_10557,MAP1S,chr19,3474
gene_10558,MAP2K1,chr15,2652
gene_10559,MAP2K2,chr19,2562
gene_10560,MAP2K3,chr17,2594
gene_10561,MAP2K4,chr17,3840
gene_10562,MAP2K5,chr15,2937
gene_10563,MAP2K6,chr17,5526
gene_10564,MAP2K7,chr19,5634
gene_10565,MAP2,chr2,13744
gene_10566,MAP3K10,chr19,3436
gene_10567,MAP3K11,chr11,5041
gene_10568,MAP3K12,chr12,4023
gene_10569,MAP3K13,chr3,12687
gene_10570,MAP3K14,chr17,6398
gene_10571,MAP3K15,chrX,5746
gene_10572,MAP3K1,chr5,7511
gene_10573,MAP3K2,chr2,10870
gene_10574,MAP3K3,chr17,5076
gene_10575,MAP3K4,chr6,6700
gene_10576,MAP3K5,chr6,5913
gene_10577,MAP3K6,chr1,4492
gene_10578,MAP3K7,chr6,6049
gene_10579,MAP3K8,chr10,3466
gene_10580,MAP3K9,chr14,6136
gene_10581,MAP4K1,chr19,3026
gene_10582,MAP4K2,chr11,3566
gene_10583,MAP4K3,chr2,4406
gene_10584,MAP4K4,chr2,11100
gene_10585,MAP4K5,chr14,6707
gene_10586,MAP4,chr3,18367
gene_10587,MAP6D1,chr3,2138
gene_10588,MAP6,chr11,5793
gene_10589,MAP7D1,chr1,3911
gene_10590,MAP7D2,chrX,4561
gene_10591,MAP7D3,chrX,7090
gene_10592,MAP7,chr6,5774
gene_10593,MAP9,chr4,8375
gene_10594,MAPK10,chr4,9190
gene_10595,MAPK11,chr22,3973
gene_10596,MAPK12,chr22,6919
gene_10597,MAPK13,chr6,6348
gene_10598,MAPK14,chr6,6850
gene_10599,MAPK15,chr8,1888
gene_10600,MAPK1IP1L,chr14,6469
gene_10601,MAPK1,chr22,6206
gene_10602,MAPK3,chr16,3389
gene_10603,MAPK4,chr18,6464
gene_10604,MAPK6,chr15,4225
gene_10605,MAPK7,chr17,3402
gene_10606,MAPK8IP1,chr11,3606
gene_10607,MAPK8IP2,chr22,3813
gene_10608,MAPK8IP3,chr16,11276
gene_10609,MAPK8,chr10,2068
gene_10610,MAPK9,chr5,9229
gene_10611,MAPKAP1,chr9,5758
gene_10612,MAPKAPK2,chr1,5228
gene_10613,MAPKAPK3,chr3,3533
gene_10614,MAPKAPK5,chr12,2407
gene_10615,MAPKBP1,chr15,8930
gene_10616,MAPKSP1,chr4,4393
gene_10617,MAPRE1,chr20,2623
gene_10618,MAPRE2,chr18,5560
gene_10619,MAPRE3,chr2,2737
gene_10620,MAPT,chr17,6815
gene_10621,MARCH10,chr17,4368
gene_10622,MARCH11,chr5,1757
gene_10623,MARCH1,chr4,5813
gene_10624,MARCH2,chr19,1651
gene_10625,MARCH3,chr5,4481
gene_10626,MARCH4,chr2,4450
gene_10627,MARCH5,chr10,4367
gene_10628,MARCH6,chr5,11053
gene_10629,MARCH7,chr2,3878
gene_10630,MARCH8,chr10,4570
gene_10631,MARCH9,chr12,3799
gene_10632,MARCKSL1,chr1,1630
gene_10633,MARCKS,chr6,4291
gene_10634,MARCO,chr2,1968
gene_10635,MARK1,chr1,7365
gene_10636,MARK2,chr11,5554
gene_10637,MARK3,chr14,4438
gene_10638,MARK4,chr19,6349
gene_10639,MARS2,chr2,3087
gene_10640,MARS,chr12,6116
gene_10641,MARVELD1,chr10,3237
gene_10642,MARVELD2,chr5,3333
gene_10643,MARVELD3,chr16,4950
gene_10644,MAS1L,chr6,1137
gene_10645,MAS1,chr6,1134
gene_10646,MASP1,chr3,10100
gene_10647,MASP2,chr1,4988
gene_10648,MAST1,chr19,5314
gene_10649,MAST2,chr1,9396
gene_10650,MAST3,chr19,5893
gene_10651,MAST4,chr5,13128
gene_10652,MASTL,chr10,3765
gene_10653,MAT1A,chr10,3404
gene_10654,MAT2A,chr2,5030
gene_10655,MAT2B,chr5,5543
gene_10656,MATK,chr19,2635
gene_10657,MATN1,chr1,3830
gene_10658,MATN2,chr8,5078
gene_10659,MATN3,chr2,2583
gene_10660,MATN4,chr20,2985
gene_10661,MATR3,chr5,14936
gene_10662,MAVS,chr20,12105
gene_10663,MAX,chr14,4002
gene_10664,MAZ,chr16,2948
gene_10665,MBD1,chr18,7806
gene_10666,MBD2,chr18,5611
gene_10667,MBD3L1,chr19,748
gene_10668,MBD3L2,chr19,774
gene_10669,MBD3L5,chr19,773
gene_10670,MBD3,chr19,4338
gene_10671,MBD4,chr3,4119
gene_10672,MBD5,chr2,7697
gene_10673,MBD6,chr12,5016
gene_10674,MBIP,chr14,2426
gene_10675,MBL1P,chr10,1424
gene_10676,MBL2,chr10,3569
gene_10677,MBLAC1,chr7,1499
gene_10678,MBLAC2,chr5,4280
gene_10679,MBNL1,chr3,7023
gene_10680,MBNL2,chr13,6997
gene_10681,MBNL3,chrX,12879
gene_10682,MBOAT1,chr6,4319
gene_10683,MBOAT2,chr2,3856
gene_10684,MBOAT4,chr8,1663
gene_10685,MBOAT7,chr19,3639
gene_10686,MBP,chr18,20212
gene_10687,MBTD1,chr17,6951
gene_10688,MBTPS1,chr16,5183
gene_10689,MBTPS2,chrX,5858
gene_10690,MB,chr22,1492
gene_10691,MC1R,chr16,3099
gene_10692,MC2R,chr18,3652
gene_10693,MC3R,chr20,1084
gene_10694,MC4R,chr18,1438
gene_10695,MC5R,chr18,1319
gene_10696,MCAM,chr11,3625
gene_10697,MCART1,chr9,4719
gene_10698,MCART2,chr18,1185
gene_10699,MCART3P,chr6,1605
gene_10700,MCART6,chrX,6224
gene_10701,MCAT,chr22,2565
gene_10702,MCCC1,chr3,4079
gene_10703,MCCC2,chr5,5559
gene_10704,MCCD1,chr6,709
gene_10705,MCC,chr5,10431
gene_10706,MCEE,chr2,870
gene_10707,MCF2L2,chr3,7139
gene_10708,MCF2L,chr13,10041
gene_10709,MCF2,chrX,4458
gene_10710,MCFD2,chr2,4696
gene_10711,MCHR1,chr22,2555
gene_10712,MCHR2,chr6,2432
gene_10713,MCL1,chr1,5100
gene_10714,MCM10,chr10,6702
gene_10715,MCM2,chr3,3974
gene_10716,MCM3APAS,chr21,2899
gene_10717,MCM3AP,chr21,8322
gene_10718,MCM3,chr6,3208
gene_10719,MCM4,chr8,6036
gene_10720,MCM5,chr22,6232
gene_10721,MCM6,chr2,3787
gene_10722,MCM7,chr7,3747
gene_10723,MCM8,chr20,6914
gene_10724,MCM9,chr6,6267
gene_10725,MCOLN1,chr19,3570
gene_10726,MCOLN2,chr1,3091
gene_10727,MCOLN3,chr1,8687
gene_10728,MCPH1,chr8,6181
gene_10729,MCRS1,chr12,2838
gene_10730,MCTP1,chr5,4503
gene_10731,MCTP2,chr15,12839
gene_10732,MCTS1,chrX,10132
gene_10733,MDC1,chr6,8277
gene_10734,MDFIC,chr7,5793
gene_10735,MDFI,chr6,1983
gene_10736,MDGA1,chr6,10306
gene_10737,MDGA2,chr14,7326
gene_10738,MDH1B,chr2,3050
gene_10739,MDH1,chr2,1883
gene_10740,MDH2,chr7,1305
gene_10741,MDK,chr11,3397
gene_10742,MDM1,chr12,7522
gene_10743,MDM2,chr12,7892
gene_10744,MDM4,chr1,24783
gene_10745,MDN1,chr6,18943
gene_10746,MDP1,chr14,3310
gene_10747,MDS2,chr1,2140
gene_10748,ME1,chr6,3517
gene_10749,ME2,chr18,4622
gene_10750,ME3,chr11,3232
gene_10751,MEA1,chr6,1391
gene_10752,MEAF6,chr1,9664
gene_10753,MECOM,chr3,7428
gene_10754,MECP2,chrX,10241
gene_10755,MECR,chr1,3485
gene_10756,MED10,chr5,1028
gene_10757,MED11,chr17,830
gene_10758,MED12L,chr3,11931
gene_10759,MED12,chrX,7600
gene_10760,MED13L,chr12,9378
gene_10761,MED13,chr17,11272
gene_10762,MED14,chrX,7616
gene_10763,MED15,chr22,7685
gene_10764,MED16,chr19,4028
gene_10765,MED17,chr11,5293
gene_10766,MED18,chr1,2947
gene_10767,MED19,chr11,2469
gene_10768,MED1,chr17,9308
gene_10769,MED20,chr6,2916
gene_10770,MED21,chr12,3154
gene_10771,MED22,chr9,4871
gene_10772,MED23,chr6,6925
gene_10773,MED24,chr17,5100
gene_10774,MED25,chr19,3322
gene_10775,MED26,chr19,5353
gene_10776,MED27,chr9,3758
gene_10777,MED28,chr4,1830
gene_10778,MED29,chr19,3567
gene_10779,MED30,chr8,972
gene_10780,MED31,chr17,1656
gene_10781,MED4,chr13,2369
gene_10782,MED6,chr14,2753
gene_10783,MED7,chr5,1475
gene_10784,MED8,chr1,3002
gene_10785,MED9,chr17,2222
gene_10786,MEF2A,chr15,6135
gene_10787,MEF2B,chr19,2481
gene_10788,MEF2C,chr5,11706
gene_10789,MEF2D,chr1,10825
gene_10790,MEFV,chr16,3707
gene_10791,MEG3,chr14,12354
gene_10792,MEG8,chr14,498
gene_10793,MEGF10,chr5,8128
gene_10794,MEGF11,chr15,6042
gene_10795,MEGF6,chr1,7835
gene_10796,MEGF8,chr19,11167
gene_10797,MEGF9,chr9,7919
gene_10798,MEI1,chr22,7913
gene_10799,MEIG1,chr10,625
gene_10800,MEIS1,chr2,7532
gene_10801,MEIS2,chr15,5422
gene_10802,MEIS3P1,chr17,2856
gene_10803,MEIS3,chr19,5578
gene_10804,MELK,chr9,2802
gene_10805,MEMO1,chr2,2558
gene_10806,MEN1,chr11,4746
gene_10807,MEOX1,chr17,2666
gene_10808,MEOX2,chr7,2371
gene_10809,MEP1A,chr6,3613
gene_10810,MEP1B,chr18,2311
gene_10811,MEPCE,chr7,5132
gene_10812,MEPE,chr4,2394
gene_10813,MERTK,chr2,3811
gene_10814,MESDC1,chr15,3051
gene_10815,MESDC2,chr15,6700
gene_10816,MESP1,chr15,1162
gene_10817,MESP2,chr15,1780
gene_10818,MESTIT1,chr7,3242
gene_10819,MEST,chr7,3170
gene_10820,METAP1,chr4,6578
gene_10821,METAP2,chr12,3643
gene_10822,METRNL,chr17,2583
gene_10823,METRN,chr16,1092
gene_10824,METT10D,chr17,9169
gene_10825,METT11D1,chr14,3131
gene_10826,METT5D1,chr11,5004
gene_10827,METTL10,chr10,2698
gene_10828,METTL11A,chr9,1322
gene_10829,METTL11B,chr1,938
gene_10830,METTL12,chr11,5262
gene_10831,METTL13,chr1,4207
gene_10832,METTL14,chr4,2107
gene_10833,METTL1,chr12,1307
gene_10834,METTL2A,chr17,2941
gene_10835,METTL2B,chr7,2299
gene_10836,METTL3,chr14,3690
gene_10837,METTL4,chr18,3674
gene_10838,METTL5,chr2,1241
gene_10839,METTL6,chr3,3126
gene_10840,METTL7A,chr12,4579
gene_10841,METTL7B,chr12,1505
gene_10842,METTL8,chr2,15636
gene_10843,METTL9,chr16,5437
gene_10844,MET,chr7,8970
gene_10845,MEX3A,chr1,6124
gene_10846,MEX3B,chr15,3530
gene_10847,MEX3C,chr18,4142
gene_10848,MEX3D,chr19,2850
gene_10849,MFAP1,chr15,2063
gene_10850,MFAP2,chr1,1261
gene_10851,MFAP3L,chr4,6303
gene_10852,MFAP3,chr5,5399
gene_10853,MFAP4,chr17,2031
gene_10854,MFAP5,chr12,2882
gene_10855,MFF,chr2,3059
gene_10856,MFGE8,chr15,2855
gene_10857,MFHAS1,chr8,5255
gene_10858,MFI2,chr3,4886
gene_10859,MFN1,chr3,3716
gene_10860,MFN2,chr1,4677
gene_10861,MFNG,chr22,2601
gene_10862,MFRP,chr11,4368
gene_10863,MFSD10,chr4,2832
gene_10864,MFSD11,chr17,5904
gene_10865,MFSD1,chr3,2535
gene_10866,MFSD2A,chr1,2435
gene_10867,MFSD2B,chr2,2144
gene_10868,MFSD3,chr8,1446
gene_10869,MFSD4,chr1,4408
gene_10870,MFSD5,chr12,2216
gene_10871,MFSD6L,chr17,2240
gene_10872,MFSD6,chr2,4955
gene_10873,MFSD7,chr4,2462
gene_10874,MFSD8,chr4,4545
gene_10875,MFSD9,chr2,3359
gene_10876,MGAM,chr7,6484
gene_10877,MGAT1,chr5,4575
gene_10878,MGAT2,chr14,2711
gene_10879,MGAT3,chr22,10057
gene_10880,MGAT4A,chr2,11562
gene_10881,MGAT4B,chr5,3660
gene_10882,MGAT4C,chr12,3478
gene_10883,MGAT5B,chr17,5137
gene_10884,MGAT5,chr2,8145
gene_10885,MGA,chr15,15758
gene_10886,MGC12916,chr17,2006
gene_10887,MGC12982,chr1,2507
gene_10888,MGC14436,chr12,868
gene_10889,MGC15885,chr15,2417
gene_10890,MGC16025,chr2,2127
gene_10891,MGC16121,chrX,1434
gene_10892,MGC16142,chr7,1291
gene_10893,MGC16275,chr17,2485
gene_10894,MGC16384,,
gene_10895,MGC16703,chr22,3203
gene_10896,MGC21881,chr9,6016
gene_10897,MGC23270,chr14,2518
gene_10898,MGC23284,chr16,4348
gene_10899,MGC26647,chr7,1019
gene_10900,MGC27382,chr1,2669
gene_10901,MGC2752,chr19,4189
gene_10902,MGC2889,chr3,2194
gene_10903,MGC29506,chr5,1175
gene_10904,MGC34034,chr6,3517
gene_10905,MGC3771,chr16,1514
gene_10906,MGC42105,chr5,3275
gene_10907,MGC4473,chr1,955
gene_10908,MGC45800,chr4,4953
gene_10909,MGC57346,chr17,2637
gene_10910,MGC70857,chr8,3786
gene_10911,MGC72080,chr7,1435
gene_10912,MGC87042,chr7,2148
gene_10913,MGEA5,chr10,7037
gene_10914,MGLL,chr3,5919
gene_10915,MGMT,chr10,1265
gene_10916,MGP,chr12,1473
gene_10917,MGRN1,chr16,8650
gene_10918,MGST1,chr12,3276
gene_10919,MGST2,chr4,1515
gene_10920,MGST3,chr1,1518
gene_10921,MIA2,chr14,3706
gene_10922,MIA3,chr1,8388
gene_10923,MIAT,chr22,11588
gene_10924,MIA,chr19,803
gene_10925,MIB1,chr18,9696
gene_10926,MIB2,chr1,7247
gene_10927,MICAL1,chr6,4461
gene_10928,MICAL2,chr11,10416
gene_10929,MICAL3,chr22,20901
gene_10930,MICALCL,chr11,3044
gene_10931,MICALL1,chr22,4495
gene_10932,MICALL2,chr7,3141
gene_10933,MICA,,
gene_10934,MICB,chr6,3639
gene_10935,MID1IP1,chrX,2602
gene_10936,MID1,chrX,12488
gene_10937,MID2,chrX,7489
gene_10938,MIDN,chr19,3793
gene_10939,MIER1,chr1,10305
gene_10940,MIER2,chr19,2762
gene_10941,MIER3,chr5,5813
gene_10942,MIF4GD,chr17,1542
gene_10943,MIF,chr22,561
gene_10944,MIIP,chr1,1801
gene_10945,MIMT1,chr19,1288
gene_10946,MINA,chr3,5890
gene_10947,MINK1,chr17,7128
gene_10948,MINPP1,chr10,3303
gene_10949,MIOS,chr7,3893
gene_10950,MIOX,chr22,1636
gene_10951,MIPEP,chr13,3214
gene_10952,MIPOL1,chr14,13437
gene_10953,MIP,chr12,3438
gene_10954,MIR155HG,chr21,1474
gene_10955,MIR17HG,chr13,5805
gene_10956,MIS12,chr17,2893
gene_10957,MITD1,chr2,910
gene_10958,MITF,chr3,6237
gene_10959,MIXL1,chr1,699
gene_10960,MKI67IP,chr2,2460
gene_10961,MKI67,chr10,12495
gene_10962,MKKS,chr20,3202
gene_10963,MKL1,chr22,4775
gene_10964,MKL2,chr16,13858
gene_10965,MKLN1,chr7,11951
gene_10966,MKNK1,chr1,3898
gene_10967,MKNK2,chr19,8221
gene_10968,MKRN1,chr7,4386
gene_10969,MKRN2,chr3,2846
gene_10970,MKRN3,chr15,2713
gene_10971,MKS1,chr17,2542
gene_10972,MKX,chr10,3906
gene_10973,MLANA,chr9,1524
gene_10974,MLC1,chr22,4262
gene_10975,MLEC,chr12,6349
gene_10976,MLF1IP,chr4,2550
gene_10977,MLF1,chr3,2862
gene_10978,MLF2,chr12,2258
gene_10979,MLH1,chr3,3374
gene_10980,MLH3,chr14,8046
gene_10981,MLKL,chr16,2587
gene_10982,MLL2,chr12,19419
gene_10983,MLL3,chr7,21552
gene_10984,MLL4,chr19,8744
gene_10985,MLL5,chr7,8412
gene_10986,MLLT10,chr10,7142
gene_10987,MLLT11,chr1,2158
gene_10988,MLLT1,chr19,4505
gene_10989,MLLT3,chr9,4931
gene_10990,MLLT4,chr6,15792
gene_10991,MLLT6,chr17,11624
gene_10992,MLL,chr11,17631
gene_10993,MLNR,chr13,1239
gene_10994,MLN,chr6,815
gene_10995,MLPH,chr2,5767
gene_10996,MLST8,chr16,3976
gene_10997,MLXIPL,chr7,6009
gene_10998,MLXIP,chr12,6998
gene_10999,MLX,chr17,2669
gene_11000,MLYCD,chr16,2195
gene_11001,MMAA,chr4,5943
gene_11002,MMAB,chr12,4382
gene_11003,MMACHC,chr1,2850
gene_11004,MMADHC,chr2,1437
gene_11005,MMD2,chr7,3087
gene_11006,MMD,chr17,2723
gene_11007,MMEL1,chr1,3051
gene_11008,MME,chr3,6910
gene_11009,MMGT1,chrX,4069
gene_11010,MMP10,chr11,1759
gene_11011,MMP11,chr22,2559
gene_11012,MMP12,chr11,1874
gene_11013,MMP13,chr11,2719
gene_11014,MMP14,chr14,3538
gene_11015,MMP15,chr16,4437
gene_11016,MMP16,chr8,6335
gene_11017,MMP17,chr12,2680
gene_11018,MMP19,chr12,4162
gene_11019,MMP1,chr11,2396
gene_11020,MMP20,chr11,1956
gene_11021,MMP21,chr10,1914
gene_11022,MMP23A,chr1,1258
gene_11023,MMP23B,chr1,1967
gene_11024,MMP24,chr20,4333
gene_11025,MMP25,chr16,3884
gene_11026,MMP26,chr11,991
gene_11027,MMP27,chr11,1647
gene_11028,MMP28,chr17,4326
gene_11029,MMP2,chr16,3908
gene_11030,MMP3,chr11,1828
gene_11031,MMP7,chr11,2593
gene_11032,MMP8,chr11,3397
gene_11033,MMP9,chr20,2336
gene_11034,MMRN1,chr4,5680
gene_11035,MMRN2,chr10,5581
gene_11036,MMS19,chr10,4582
gene_11037,MN1,chr22,7693
gene_11038,MNAT1,chr14,2074
gene_11039,MND1,chr4,1106
gene_11040,MNDA,chr1,1667
gene_11041,MNS1,chr15,2137
gene_11042,MNT,chr17,4842
gene_11043,MNX1,chr7,3653
gene_11044,MOAP1,chr14,2417
gene_11045,MOB2,chr11,2850
gene_11046,MOBKL1A,chr4,8668
gene_11047,MOBKL1B,chr2,2659
gene_11048,MOBKL2A,chr19,3911
gene_11049,MOBKL2B,chr9,6525
gene_11050,MOBKL2C,chr1,2985
gene_11051,MOBKL3,chr2,4023
gene_11052,MOBP,chr3,12130
gene_11053,MOCOS,chr18,2727
gene_11054,MOCS1,chr6,4595
gene_11055,MOCS2,chr5,1575
gene_11056,MOCS3,chr20,3049
gene_11057,MOGAT1,chr2,1289
gene_11058,MOGAT2,chr11,3160
gene_11059,MOGAT3,chr7,1407
gene_11060,MOGS,chr2,4843
gene_11061,MOG,chr6,3855
gene_11062,MON1A,chr3,5203
gene_11063,MON1B,chr16,4499
gene_11064,MON2,chr12,12832
gene_11065,MORC1,chr3,3767
gene_11066,MORC2,chr22,4467
gene_11067,MORC3,chr21,4246
gene_11068,MORC4,chrX,6139
gene_11069,MORF4L1,chr15,3882
gene_11070,MORF4L2,chrX,3485
gene_11071,MORF4,,
gene_11072,MORN1,chr1,3602
gene_11073,MORN2,chr2,741
gene_11074,MORN3,chr12,1385
gene_11075,MORN4,chr10,2848
gene_11076,MORN5,chr9,1903
gene_11077,MOSC1,chr1,2435
gene_11078,MOSC2,chr1,1735
gene_11079,MOSPD1,chrX,2917
gene_11080,MOSPD2,chrX,3376
gene_11081,MOSPD3,chr7,1866
gene_11082,MOS,chr8,1041
gene_11083,MOV10L1,chr22,6666
gene_11084,MOV10,chr1,5655
gene_11085,MOXD1,chr6,3474
gene_11086,MPDU1,chr17,3268
gene_11087,MPDZ,chr9,9202
gene_11088,MPEG1,chr11,4512
gene_11089,MPG,chr16,2027
gene_11090,MPHOSPH10,chr2,3209
gene_11091,MPHOSPH6,chr16,1101
gene_11092,MPHOSPH8,chr13,4827
gene_11093,MPHOSPH9,chr12,4582
gene_11094,MPI,chr15,2575
gene_11095,MPL,chr1,4032
gene_11096,MPND,chr19,1879
gene_11097,MPO,chr17,3215
gene_11098,MPP1,chrX,2915
gene_11099,MPP2,chr17,5104
gene_11100,MPP3,chr17,4112
gene_11101,MPP4,chr2,8664
gene_11102,MPP5,chr14,6865
gene_11103,MPP6,chr7,2187
gene_11104,MPP7,chr10,5844
gene_11105,MPPE1,chr18,3941
gene_11106,MPPED1,chr22,3130
gene_11107,MPPED2,chr11,7385
gene_11108,MPRIP,chr17,14279
gene_11109,MPST,chr22,7279
gene_11110,MPV17L2,chr19,2143
gene_11111,MPV17L,chr16,2309
gene_11112,MPV17,chr2,2372
gene_11113,MPZL1,chr1,6363
gene_11114,MPZL2,chr11,3262
gene_11115,MPZL3,chr11,1114
gene_11116,MPZ,chr1,1955
gene_11117,MR1,chr1,9254
gene_11118,MRAP2,chr6,2213
gene_11119,MRAP,chr21,1459
gene_11120,MRAS,chr3,5126
gene_11121,MRC1,chr10,10259
gene_11122,MRC2,chr17,7238
gene_11123,MRE11A,chr11,5594
gene_11124,MREG,chr2,3213
gene_11125,MRFAP1L1,chr4,1591
gene_11126,MRFAP1,chr4,4327
gene_11127,MRGPRD,chr11,966
gene_11128,MRGPRE,chr11,1296
gene_11129,MRGPRF,chr11,2387
gene_11130,MRGPRG,chr11,870
gene_11131,MRGPRX1,chr11,1190
gene_11132,MRGPRX2,chr11,2035
gene_11133,MRGPRX3,chr11,1639
gene_11134,MRGPRX4,chr11,1444
gene_11135,MRI1,chr19,3389
gene_11136,MRM1,chr17,2048
gene_11137,MRO,chr18,5334
gene_11138,MRP63,chr13,2655
gene_11139,MRPL10,chr17,2078
gene_11140,MRPL11,chr11,1816
gene_11141,MRPL12,chr17,1015
gene_11142,MRPL13,chr8,1110
gene_11143,MRPL14,chr6,774
gene_11144,MRPL15,chr8,1749
gene_11145,MRPL16,chr11,1182
gene_11146,MRPL17,chr11,2366
gene_11147,MRPL18,chr6,1168
gene_11148,MRPL19,chr2,7827
gene_11149,MRPL1,chr4,1359
gene_11150,MRPL20,chr1,1587
gene_11151,MRPL21,chr11,1557
gene_11152,MRPL22,chr5,3173
gene_11153,MRPL23,chr11,742
gene_11154,MRPL24,chr1,1006
gene_11155,MRPL27,chr17,2935
gene_11156,MRPL28,chr16,1140
gene_11157,MRPL2,chr6,2768
gene_11158,MRPL30,chr2,8671
gene_11159,MRPL32,chr7,3179
gene_11160,MRPL33,chr2,518
gene_11161,MRPL34,chr19,968
gene_11162,MRPL35,chr2,4374
gene_11163,MRPL36,chr5,614
gene_11164,MRPL37,chr1,1667
gene_11165,MRPL38,chr17,2181
gene_11166,MRPL39,chr21,1171
gene_11167,MRPL3,chr3,1966
gene_11168,MRPL40,chr22,774
gene_11169,MRPL41,chr9,604
gene_11170,MRPL42P5,chr15,667
gene_11171,MRPL42,chr12,3431
gene_11172,MRPL43,chr10,3652
gene_11173,MRPL44,chr2,1748
gene_11174,MRPL45,chr17,1705
gene_11175,MRPL46,chr15,6400
gene_11176,MRPL47,chr3,1266
gene_11177,MRPL48,chr11,1291
gene_11178,MRPL49,chr11,2259
gene_11179,MRPL4,chr19,3121
gene_11180,MRPL50,chr9,1943
gene_11181,MRPL51,chr12,677
gene_11182,MRPL52,chr14,1544
gene_11183,MRPL53,chr2,655
gene_11184,MRPL54,chr19,623
gene_11185,MRPL55,chr1,1042
gene_11186,MRPL9,chr1,3114
gene_11187,MRPS10,chr6,2239
gene_11188,MRPS11,chr15,2853
gene_11189,MRPS12,chr19,1654
gene_11190,MRPS14,chr1,2329
gene_11191,MRPS15,chr1,965
gene_11192,MRPS16,chr10,3545
gene_11193,MRPS17,chr7,585
gene_11194,MRPS18A,chr6,2426
gene_11195,MRPS18B,chr6,1534
gene_11196,MRPS18C,chr4,1121
gene_11197,MRPS21,chr1,1104
gene_11198,MRPS22,chr3,1456
gene_11199,MRPS23,chr17,1492
gene_11200,MRPS24,chr7,696
gene_11201,MRPS25,chr3,5290
gene_11202,MRPS26,chr20,1039
gene_11203,MRPS27,chr5,3939
gene_11204,MRPS28,chr8,707
gene_11205,MRPS2,chr9,2456
gene_11206,MRPS30,chr5,1822
gene_11207,MRPS31,chr13,1339
gene_11208,MRPS33,chr7,817
gene_11209,MRPS34,chr16,1167
gene_11210,MRPS35,chr12,1897
gene_11211,MRPS36,chr5,1329
gene_11212,MRPS5,chr2,2639
gene_11213,MRPS6,chr21,990
gene_11214,MRPS7,chr17,1415
gene_11215,MRPS9,chr2,1458
gene_11216,MRRF,chr9,3619
gene_11217,MRS2P2,chr12,2690
gene_11218,MRS2,chr6,4220
gene_11219,MRTO4,chr1,2273
gene_11220,MRVI1,chr11,6909
gene_11221,MS4A10,chr11,2296
gene_11222,MS4A12,chr11,2028
gene_11223,MS4A13,chr11,925
gene_11224,MS4A14,chr11,3752
gene_11225,MS4A15,chr11,2369
gene_11226,MS4A1,chr11,4510
gene_11227,MS4A2,chr11,4280
gene_11228,MS4A3,chr11,1655
gene_11229,MS4A4A,chr11,1795
gene_11230,MS4A5,chr11,722
gene_11231,MS4A6A,chr11,3072
gene_11232,MS4A6E,chr11,660
gene_11233,MS4A7,chr11,3736
gene_11234,MS4A8B,chr11,2397
gene_11235,MSC,chr8,2058
gene_11236,MSGN1,chr2,582
gene_11237,MSH2,chr2,4109
gene_11238,MSH3,chr5,4447
gene_11239,MSH4,chr1,3277
gene_11240,MSH5,,
gene_11241,MSH6,chr2,9742
gene_11242,MSI1,chr12,2975
gene_11243,MSI2,chr17,8564
gene_11244,MSL1,chr17,5637
gene_11245,MSL2,chr3,4770
gene_11246,MSL3L2,chr2,1990
gene_11247,MSL3,chrX,5860
gene_11248,MSLNL,,
gene_11249,MSLN,chr16,3320
gene_11250,MSMB,chr10,495
gene_11251,MSMP,chr9,677
gene_11252,MSN,chrX,4143
gene_11253,MSR1,chr8,5604
gene_11254,MSRA,chr8,2528
gene_11255,MSRB2,chr10,1811
gene_11256,MSRB3,chr12,4666
gene_11257,MST1P2,chr1,5616
gene_11258,MST1P9,chr1,5836
gene_11259,MST1R,chr3,5542
gene_11260,MST1,chr3,3474
gene_11261,MST4,chrX,3530
gene_11262,MSTN,chr2,2819
gene_11263,MSTO1,chr1,6340
gene_11264,MSTO2P,chr1,5408
gene_11265,MSX1,chr4,1937
gene_11266,MSX2P1,chr17,2161
gene_11267,MSX2,chr5,2208
gene_11268,MT1A,chr16,580
gene_11269,MT1B,chr16,380
gene_11270,MT1DP,chr16,569
gene_11271,MT1E,chr16,1153
gene_11272,MT1F,chr16,441
gene_11273,MT1G,chr16,465
gene_11274,MT1H,chr16,397
gene_11275,MT1IP,chr16,2005
gene_11276,MT1L,chr16,426
gene_11277,MT1M,chr16,570
gene_11278,MT1X,chr16,626
gene_11279,MT2A,chr16,419
gene_11280,MT3,chr16,582
gene_11281,MT4,chr16,294
gene_11282,MTA1,chr14,3143
gene_11283,MTA2,chr11,3322
gene_11284,MTA3,chr2,6721
gene_11285,MTAP,chr9,6141
gene_11286,MTBP,chr8,4821
gene_11287,MTCH1,chr6,2950
gene_11288,MTCH2,chr11,2628
gene_11289,MTCP1NB,chrX,1014
gene_11290,MTCP1,chrX,2320
gene_11291,MTDH,chr8,7667
gene_11292,MTERFD1,chr8,1782
gene_11293,MTERFD2,chr2,3679
gene_11294,MTERFD3,chr12,4863
gene_11295,MTERF,chr7,2784
gene_11296,MTF1,chr1,8023
gene_11297,MTF2,chr1,4987
gene_11298,MTFMT,chr15,2746
gene_11299,MTFR1,chr8,3229
gene_11300,MTG1,chr10,2531
gene_11301,MTHFD1L,chr6,5933
gene_11302,MTHFD1,chr14,3770
gene_11303,MTHFD2L,chr4,7284
gene_11304,MTHFD2,chr2,2285
gene_11305,MTHFR,chr1,9834
gene_11306,MTHFSD,chr16,4049
gene_11307,MTHFS,chr15,2668
gene_11308,MTIF2,chr2,3423
gene_11309,MTIF3,chr13,3081
gene_11310,MTL5,chr11,5413
gene_11311,MTM1,chrX,3781
gene_11312,MTMR10,chr15,12197
gene_11313,MTMR11,chr1,4633
gene_11314,MTMR12,chr5,5187
gene_11315,MTMR14,chr3,2569
gene_11316,MTMR15,chr15,6387
gene_11317,MTMR1,chrX,5671
gene_11318,MTMR2,chr11,5029
gene_11319,MTMR3,chr22,9019
gene_11320,MTMR4,chr17,6850
gene_11321,MTMR6,chr13,5741
gene_11322,MTMR7,chr8,6077
gene_11323,MTMR8,chrX,3785
gene_11324,MTMR9L,chr1,2973
gene_11325,MTMR9,chr8,7628
gene_11326,MTNR1A,chr4,1105
gene_11327,MTNR1B,chr11,1662
gene_11328,MTO1,chr6,3285
gene_11329,MTOR,chr1,9755
gene_11330,MTP18,chr22,1936
gene_11331,MTPAP,chr10,8337
gene_11332,MTRF1L,chr6,4113
gene_11333,MTRF1,chr13,3785
gene_11334,MTRR,chr5,3524
gene_11335,MTR,chr1,10615
gene_11336,MTSS1L,chr16,4977
gene_11337,MTSS1,chr8,6544
gene_11338,MTTP,chr4,4903
gene_11339,MTUS1,chr8,8219
gene_11340,MTUS2,chr13,7300
gene_11341,MTVR2,chr17,812
gene_11342,MTX1,chr1,1642
gene_11343,MTX2,chr2,1592
gene_11344,MTX3,chr5,7934
gene_11345,MUC12,chr7,16321
gene_11346,MUC13,chr3,2876
gene_11347,MUC15,chr11,3392
gene_11348,MUC16,chr19,44114
gene_11349,MUC17,chr7,14350
gene_11350,MUC1,chr1,7189
gene_11351,MUC20,chr3,7129
gene_11352,MUC21,chr6,5510
gene_11353,MUC2,chr11,8623
gene_11354,MUC4,chr3,19311
gene_11355,MUC5B,chr11,20504
gene_11356,MUC6,chr11,8003
gene_11357,MUC7,chr4,2851
gene_11358,MUCL1,chr12,489
gene_11359,MUDENG,chr14,4350
gene_11360,MUL1,chr1,2458
gene_11361,MUM1L1,chrX,4309
gene_11362,MUM1,chr19,6474
gene_11363,MURC,chr9,2625
gene_11364,MUS81,chr11,3111
gene_11365,MUSK,chr9,2942
gene_11366,MUSTN1,chr3,1805
gene_11367,MUTED,chr6,2980
gene_11368,MUTYH,chr1,2847
gene_11369,MUT,chr6,3886
gene_11370,MVD,chr16,2957
gene_11371,MVK,chr12,2397
gene_11372,MVP,chr16,4011
gene_11373,MX1,chr21,3605
gene_11374,MX2,chr21,8425
gene_11375,MXD1,chr2,10945
gene_11376,MXD3,chr5,4309
gene_11377,MXD4,chr4,3986
gene_11378,MXI1,chr10,4001
gene_11379,MXRA5,chrX,9792
gene_11380,MXRA7,chr17,6003
gene_11381,MXRA8,chr1,3550
gene_11382,MYADML2,chr17,2452
gene_11383,MYADML,chr2,2157
gene_11384,MYADM,chr19,3769
gene_11385,MYBBP1A,chr17,6024
gene_11386,MYBL1,chr8,5419
gene_11387,MYBL2,chr20,2713
gene_11388,MYBPC1,chr12,4733
gene_11389,MYBPC2,chr19,3598
gene_11390,MYBPC3,chr11,4444
gene_11391,MYBPHL,chr1,2137
gene_11392,MYBPH,chr1,1806
gene_11393,MYB,chr6,5862
gene_11394,MYCBP2,chr13,15664
gene_11395,MYCBPAP,chr17,3350
gene_11396,MYCBP,chr1,2565
gene_11397,MYCL1,chr1,6169
gene_11398,MYCNOS,chr2,770
gene_11399,MYCN,chr2,3536
gene_11400,MYCT1,chr6,3043
gene_11401,MYC,chr8,3469
gene_11402,MYD88,chr3,3770
gene_11403,MYEF2,chr15,8193
gene_11404,MYEOV2,chr2,1132
gene_11405,MYEOV,chr11,4610
gene_11406,MYF5,chr12,1520
gene_11407,MYF6,chr12,1337
gene_11408,MYH10,chr17,7807
gene_11409,MYH11,chr16,13422
gene_11410,MYH13,chr17,6254
gene_11411,MYH14,chr19,8915
gene_11412,MYH15,chr3,7074
gene_11413,MYH16,chr7,2267
gene_11414,MYH1,chr17,6020
gene_11415,MYH2,chr17,6151
gene_11416,MYH3,chr17,6038
gene_11417,MYH4,chr17,6015
gene_11418,MYH6,chr14,6656
gene_11419,MYH7B,chr20,7511
gene_11420,MYH7,chr14,6030
gene_11421,MYH8,chr17,6038
gene_11422,MYH9,chr22,8097
gene_11423,MYL10,chr7,1009
gene_11424,MYL12A,chr18,1280
gene_11425,MYL12B,chr18,1216
gene_11426,MYL1,chr2,1151
gene_11427,MYL2,chr12,927
gene_11428,MYL3,chr3,929
gene_11429,MYL4,chr17,1118
gene_11430,MYL5,chr4,4340
gene_11431,MYL6B,chr12,2108
gene_11432,MYL6,chr12,1731
gene_11433,MYL7,chr7,597
gene_11434,MYL9,chr20,1197
gene_11435,MYLIP,chr6,3071
gene_11436,MYLK2,chr20,3053
gene_11437,MYLK3,chr16,8907
gene_11438,MYLK4,chr6,5948
gene_11439,MYLK,chr3,10768
gene_11440,MYLPF,chr16,655
gene_11441,MYNN,chr3,6341
gene_11442,MYO10,chr5,13663
gene_11443,MYO15A,chr17,16232
gene_11444,MYO15B,chr17,17336
gene_11445,MYO16,chr13,8918
gene_11446,MYO18A,chr17,8054
gene_11447,MYO18B,chr22,10565
gene_11448,MYO19,chr17,8605
gene_11449,MYO1A,chr12,4093
gene_11450,MYO1B,chr2,7185
gene_11451,MYO1C,chr17,5451
gene_11452,MYO1D,chr17,5861
gene_11453,MYO1E,chr15,5110
gene_11454,MYO1F,chr19,4672
gene_11455,MYO1G,chr7,8293
gene_11456,MYO1H,chr12,4512
gene_11457,MYO3A,chr10,7936
gene_11458,MYO3B,chr2,7823
gene_11459,MYO5A,chr15,12300
gene_11460,MYO5B,chr18,10136
gene_11461,MYO5C,chr15,7420
gene_11462,MYO6,chr6,9992
gene_11463,MYO7A,chr11,10035
gene_11464,MYO7B,chr2,8562
gene_11465,MYO9A,chr15,16755
gene_11466,MYO9B,chr19,9759
gene_11467,MYOCD,chr17,7345
gene_11468,MYOC,chr1,2547
gene_11469,MYOD1,chr11,1806
gene_11470,MYOF,chr10,7200
gene_11471,MYOG,chr1,1533
gene_11472,MYOM1,chr18,5847
gene_11473,MYOM2,chr8,5011
gene_11474,MYOM3,chr1,10317
gene_11475,MYOT,chr5,2861
gene_11476,MYOZ1,chr10,1583
gene_11477,MYOZ2,chr4,2597
gene_11478,MYOZ3,chr5,4076
gene_11479,MYPN,chr10,7896
gene_11480,MYPOP,chr19,1887
gene_11481,MYRIP,chr3,5729
gene_11482,MYSM1,chr1,12528
gene_11483,MYST1,chr16,3113
gene_11484,MYST2,chr17,4446
gene_11485,MYST3,chr8,10325
gene_11486,MYST4,chr10,8938
gene_11487,MYT1L,chr2,8819
gene_11488,MYT1,chr20,6076
gene_11489,MZF1,chr19,5906
gene_11490,N4BP1,chr16,7106
gene_11491,N4BP2L1,chr13,4404
gene_11492,N4BP2L2,chr13,5812
gene_11493,N4BP2,chr4,9895
gene_11494,N4BP3,chr5,5987
gene_11495,N6AMT1,chr21,1723
gene_11496,N6AMT2,chr13,908
gene_11497,NAA10,chrX,2304
gene_11498,NAA11,chr4,1516
gene_11499,NAA15,chr4,5554
gene_11500,NAA16,chr13,4905
gene_11501,NAA20,chr20,1333
gene_11502,NAA25,chr12,6149
gene_11503,NAA30,chr14,4475
gene_11504,NAA35,chr9,3621
gene_11505,NAA38,chr7,12520
gene_11506,NAA40,chr11,3681
gene_11507,NAA50,chr3,6483
gene_11508,NAAA,chr4,4787
gene_11509,NAALAD2,chr11,5056
gene_11510,NAALADL1,chr11,3832
gene_11511,NAALADL2,chr3,5867
gene_11512,NAB1,chr2,5566
gene_11513,NAB2,chr12,2711
gene_11514,NACA2,chr17,770
gene_11515,NACAD,chr7,4761
gene_11516,NACAP1,chr8,703
gene_11517,NACA,chr12,3676
gene_11518,NACC1,chr19,4500
gene_11519,NACC2,chr9,6899
gene_11520,NADK,chr1,5116
gene_11521,NADSYN1,chr11,6451
gene_11522,NAE1,chr16,2907
gene_11523,NAF1,chr4,2313
gene_11524,NAGA,chr22,3726
gene_11525,NAGK,chr2,3993
gene_11526,NAGLU,chr17,2782
gene_11527,NAGPA,chr16,3556
gene_11528,NAGS,chr17,3245
gene_11529,NAIF1,chr9,3398
gene_11530,NAIP,chr5,12767
gene_11531,NALCN,chr13,8529
gene_11532,NAMPT,chr7,6852
gene_11533,NANOG,chr12,2098
gene_11534,NANOS1,chr10,4627
gene_11535,NANOS2,chr19,1564
gene_11536,NANOS3,chr19,833
gene_11537,NANP,chr20,3799
gene_11538,NANS,chr9,2591
gene_11539,NAP1L1,chr12,8619
gene_11540,NAP1L2,chrX,2574
gene_11541,NAP1L3,chrX,2758
gene_11542,NAP1L4,chr11,3651
gene_11543,NAP1L5,chr4,1958
gene_11544,NAP1L6,chrX,2044
gene_11545,NAPA,chr19,3414
gene_11546,NAPB,chr20,6045
gene_11547,NAPEPLD,chr7,12701
gene_11548,NAPG,chr18,4463
gene_11549,NAPRT1,chr8,2679
gene_11550,NAPSA,chr19,1392
gene_11551,NAPSB,chr19,1330
gene_11552,NARFL,chr16,4918
gene_11553,NARF,chr17,3413
gene_11554,NARG2,chr15,15090
gene_11555,NARS2,chr11,2555
gene_11556,NARS,chr18,3425
gene_11557,NASP,chr1,8499
gene_11558,NAT10,chr11,4041
gene_11559,NAT14,chr19,1350
gene_11560,NAT15,chr16,5455
gene_11561,NAT1,chr8,4910
gene_11562,NAT2,chr8,1317
gene_11563,NAT6,chr3,2722
gene_11564,NAT8B,,
gene_11565,NAT8L,chr4,5871
gene_11566,NAT8,chr2,1073
gene_11567,NAT9,chr17,1985
gene_11568,NAV1,chr1,17802
gene_11569,NAV2,chr11,13940
gene_11570,NAV3,chr12,10348
gene_11571,NBAS,chr2,7527
gene_11572,NBEAL1,chr2,9779
gene_11573,NBEAL2,chr3,9120
gene_11574,NBEA,chr13,12029
gene_11575,NBL1,chr1,3431
gene_11576,NBLA00301,chr4,19487
gene_11577,NBN,chr8,4699
gene_11578,NBPF10,chr1,17943
gene_11579,NBPF14,chr1,17906
gene_11580,NBPF15,chr1,4802
gene_11581,NBPF16,chr1,4179
gene_11582,NBPF1,chr1,10939
gene_11583,NBPF22P,chr5,2680
gene_11584,NBPF3,chr1,4471
gene_11585,NBPF4,chr1,2618
gene_11586,NBPF6,chr1,2222
gene_11587,NBPF7,chr1,1611
gene_11588,NBPF9,chr1,19565
gene_11589,NBR1,chr17,8114
gene_11590,NBR2,chr17,3737
gene_11591,NCALD,chr8,4487
gene_11592,NCAM1,chr11,10231
gene_11593,NCAM2,chr21,5356
gene_11594,NCAN,chr19,7573
gene_11595,NCAPD2,chr12,4806
gene_11596,NCAPD3,chr11,5806
gene_11597,NCAPG2,chr7,6622
gene_11598,NCAPG,chr4,4851
gene_11599,NCAPH2,chr22,4446
gene_11600,NCAPH,chr2,5304
gene_11601,NCBP1,chr9,5380
gene_11602,NCBP2,chr3,7199
gene_11603,NCCRP1,chr19,1973
gene_11604,NCDN,chr1,3865
gene_11605,NCEH1,chr3,4763
gene_11606,NCF1B,chr7,1758
gene_11607,NCF1C,chr7,2150
gene_11608,NCF1,chr7,2092
gene_11609,NCF2,chr1,2698
gene_11610,NCF4,chr22,1840
gene_11611,NCK1,chr3,2057
gene_11612,NCK2,chr2,2667
gene_11613,NCKAP1L,chr12,4082
gene_11614,NCKAP1,chr2,5015
gene_11615,NCKAP5L,chr12,7158
gene_11616,NCKAP5,chr2,10143
gene_11617,NCKIPSD,chr3,3641
gene_11618,NCLN,chr19,5857
gene_11619,NCL,chr2,2717
gene_11620,NCOA1,chr2,9551
gene_11621,NCOA2,chr8,6157
gene_11622,NCOA3,chr20,8887
gene_11623,NCOA4,chr10,4082
gene_11624,NCOA5,chr20,4117
gene_11625,NCOA6,chr20,9505
gene_11626,NCOA7,chr6,12243
gene_11627,NCOR1,chr17,13791
gene_11628,NCOR2,chr12,9355
gene_11629,NCR1,chr19,1201
gene_11630,NCR2,chr6,1198
gene_11631,NCR3,chr6,1518
gene_11632,NCRNA00028,chr20,587
gene_11633,NCRNA00029,chr20,1749
gene_11634,NCRNA00032,chr9,2913
gene_11635,NCRNA00051,chr8,1046
gene_11636,NCRNA00052,chr15,1786
gene_11637,NCRNA00081,chr10,2460
gene_11638,NCRNA00085,chr19,3177
gene_11639,NCRNA00086,chrX,3456
gene_11640,NCRNA00087,chrX,2808
gene_11641,NCRNA00092,chr9,1721
gene_11642,NCRNA00093,chr10,2651
gene_11643,NCRNA00094,chr9,5734
gene_11644,NCRNA00095,chr16,3951
gene_11645,NCRNA00099,chr4,9848
gene_11646,NCRNA00105,chrX,6326
gene_11647,NCRNA00107,chrX,1340
gene_11648,NCRNA00110,chr21,1093
gene_11649,NCRNA00111,chr21,454
gene_11650,NCRNA00112,chr21,524
gene_11651,NCRNA00113,chr21,524
gene_11652,NCRNA00114,chr21,1101
gene_11653,NCRNA00115,chr1,1317
gene_11654,NCRNA00116,chr2,3149
gene_11655,NCRNA00119,chr3,4606
gene_11656,NCRNA00120,,
gene_11657,NCRNA00152,chr2,952
gene_11658,NCRNA00157,chr21,461
gene_11659,NCRNA00158,chr21,1476
gene_11660,NCRNA00159,,
gene_11661,NCRNA00160,chr21,694
gene_11662,NCRNA00161,chr21,1081
gene_11663,NCRNA00162,chr21,729
gene_11664,NCRNA00164,chr2,2168
gene_11665,NCRNA00167,chr11,2863
gene_11666,NCRNA00169,chr16,2304
gene_11667,NCRNA00171,chr6,7628
gene_11668,NCRNA00173,chr12,2032
gene_11669,NCRNA00174,chr7,4424
gene_11670,NCRNA00175,chr21,3612
gene_11671,NCRNA00176,chr20,6728
gene_11672,NCRNA00181,chr19,3848
gene_11673,NCRNA00182,chrX,4651
gene_11674,NCRNA00183,chrX,3661
gene_11675,NCRNA00185,chrY,1495
gene_11676,NCRNA00188,chr17,3464
gene_11677,NCRNA00189,chr21,1432
gene_11678,NCRNA00200,chr10,2434
gene_11679,NCRNA00201,chr1,5045
gene_11680,NCRNA00202,chr10,3620
gene_11681,NCRNA00203,chr14,4682
gene_11682,NCRNA00204B,chrX,1420
gene_11683,NCRNA00207,chr22,911
gene_11684,NCRNA00219,chr5,1194
gene_11685,NCRNA00230B,chrY,966
gene_11686,NCRNA00235,chr16,561
gene_11687,NCS1,chr9,5010
gene_11688,NCSTN,chr1,3259
gene_11689,NDC80,chr18,2172
gene_11690,NDE1,chr16,5754
gene_11691,NDEL1,chr17,2433
gene_11692,NDFIP1,chr5,4865
gene_11693,NDFIP2,chr13,4874
gene_11694,NDNL2,chr15,1668
gene_11695,NDN,chr15,1897
gene_11696,NDOR1,chr9,5139
gene_11697,NDP,chrX,2002
gene_11698,NDRG1,chr8,5617
gene_11699,NDRG2,chr14,3410
gene_11700,NDRG3,chr20,3024
gene_11701,NDRG4,chr16,6289
gene_11702,NDST1,chr5,8777
gene_11703,NDST2,chr10,7678
gene_11704,NDST3,chr4,8211
gene_11705,NDST4,chr4,3838
gene_11706,NDUFA10,chr2,8788
gene_11707,NDUFA11,chr19,2938
gene_11708,NDUFA12,chr12,583
gene_11709,NDUFA13,chr19,2956
gene_11710,NDUFA1,chrX,486
gene_11711,NDUFA2,chr5,1089
gene_11712,NDUFA3,chr19,461
gene_11713,NDUFA4L2,chr12,1670
gene_11714,NDUFA4,chr7,2058
gene_11715,NDUFA5,chr7,4304
gene_11716,NDUFA6,chr22,1184
gene_11717,NDUFA7,chr19,585
gene_11718,NDUFA8,chr9,843
gene_11719,NDUFA9,chr12,2133
gene_11720,NDUFAB1,chr16,667
gene_11721,NDUFAF1,chr15,2043
gene_11722,NDUFAF2,chr5,941
gene_11723,NDUFAF3,chr3,1835
gene_11724,NDUFAF4,chr6,2586
gene_11725,NDUFB10,chr16,1176
gene_11726,NDUFB11,chrX,1255
gene_11727,NDUFB1,chr14,507
gene_11728,NDUFB2,chr7,689
gene_11729,NDUFB3,chr2,778
gene_11730,NDUFB4,chr3,1911
gene_11731,NDUFB5,chr3,1167
gene_11732,NDUFB6,chr9,861
gene_11733,NDUFB7,chr19,546
gene_11734,NDUFB8,chr10,686
gene_11735,NDUFB9,chr8,1583
gene_11736,NDUFC1,chr4,1925
gene_11737,NDUFC2,chr11,4177
gene_11738,NDUFS1,chr2,3572
gene_11739,NDUFS2,chr1,3365
gene_11740,NDUFS3,chr11,3154
gene_11741,NDUFS4,chr5,676
gene_11742,NDUFS5,chr1,675
gene_11743,NDUFS6,chr5,548
gene_11744,NDUFS7,chr19,4254
gene_11745,NDUFS8,chr11,1424
gene_11746,NDUFV1,chr11,2637
gene_11747,NDUFV2,chr18,930
gene_11748,NDUFV3,chr21,2701
gene_11749,NEAT1,chr11,21760
gene_11750,NEBL,chr10,16687
gene_11751,NEB,chr2,30023
gene_11752,NECAB1,chr8,5300
gene_11753,NECAB2,chr16,1871
gene_11754,NECAB3,chr20,2914
gene_11755,NECAP1,chr12,2593
gene_11756,NECAP2,chr1,2284
gene_11757,NEDD1,chr12,4361
gene_11758,NEDD4L,chr18,10040
gene_11759,NEDD4,chr15,7725
gene_11760,NEDD8,chr14,2976
gene_11761,NEDD9,chr6,5829
gene_11762,NEFH,chr22,3719
gene_11763,NEFL,chr8,3840
gene_11764,NEFM,chr8,4889
gene_11765,NEGR1,chr1,5984
gene_11766,NEIL1,chr15,2911
gene_11767,NEIL2,chr8,3182
gene_11768,NEIL3,chr4,3374
gene_11769,NEK10,chr3,8215
gene_11770,NEK11,chr3,5231
gene_11771,NEK1,chr4,8096
gene_11772,NEK2,chr1,4369
gene_11773,NEK3,chr13,4214
gene_11774,NEK4,chr3,3948
gene_11775,NEK5,chr13,2910
gene_11776,NEK6,chr9,3263
gene_11777,NEK7,chr1,4231
gene_11778,NEK8,chr17,2858
gene_11779,NEK9,chr14,6712
gene_11780,NELF,chr9,3944
gene_11781,NELL1,chr11,4484
gene_11782,NELL2,chr12,5353
gene_11783,NENF,chr1,949
gene_11784,NEO1,chr15,7628
gene_11785,NES,chr1,5557
gene_11786,NET1,chr10,4418
gene_11787,NETO1,chr18,8173
gene_11788,NETO2,chr16,3716
gene_11789,NEU1,chr6,2071
gene_11790,NEU2,chr2,1143
gene_11791,NEU3,chr11,3332
gene_11792,NEU4,chr2,2948
gene_11793,NEURL1B,chr5,6407
gene_11794,NEURL2,chr20,1440
gene_11795,NEURL3,chr2,2980
gene_11796,NEURL4,chr17,7434
gene_11797,NEURL,chr10,4349
gene_11798,NEUROD1,chr2,3002
gene_11799,NEUROD2,chr17,3032
gene_11800,NEUROD4,chr12,3956
gene_11801,NEUROD6,chr7,2161
gene_11802,NEUROG1,chr5,1668
gene_11803,NEUROG2,chr4,2287
gene_11804,NEUROG3,chr10,1255
gene_11805,NEXN,chr1,5177
gene_11806,NF1P1,chr15,1932
gene_11807,NF1,chr17,19732
gene_11808,NF2,chr22,7634
gene_11809,NFAM1,chr22,5604
gene_11810,NFASC,chr1,18748
gene_11811,NFAT5,chr16,16751
gene_11812,NFATC1,chr18,6668
gene_11813,NFATC2IP,chr16,4818
gene_11814,NFATC2,chr20,8313
gene_11815,NFATC3,chr16,9265
gene_11816,NFATC4,chr14,13383
gene_11817,NFE2L1,chr17,6294
gene_11818,NFE2L2,chr2,5864
gene_11819,NFE2L3,chr7,3710
gene_11820,NFE2,chr12,2672
gene_11821,NFIA,chr1,10356
gene_11822,NFIB,chr9,9175
gene_11823,NFIC,chr19,8168
gene_11824,NFIL3,chr9,2085
gene_11825,NFIX,chr19,6583
gene_11826,NFKB1,chr4,5449
gene_11827,NFKB2,chr10,4526
gene_11828,NFKBIA,chr14,1567
gene_11829,NFKBIB,chr19,2822
gene_11830,NFKBID,chr19,1953
gene_11831,NFKBIE,chr6,2581
gene_11832,NFKBIL1,chr6,2488
gene_11833,NFKBIL2,chr8,4515
gene_11834,NFKBIZ,chr3,4604
gene_11835,NFRKB,chr11,5832
gene_11836,NFS1,chr20,3259
gene_11837,NFU1,chr2,1668
gene_11838,NFX1,chr9,6374
gene_11839,NFXL1,chr4,4313
gene_11840,NFYA,chr6,6673
gene_11841,NFYB,chr12,4189
gene_11842,NFYC,chr1,6012
gene_11843,NGB,chr14,1876
gene_11844,NGDN,chr14,1833
gene_11845,NGEF,chr2,3833
gene_11846,NGFRAP1,chrX,2419
gene_11847,NGFR,chr17,3420
gene_11848,NGF,chr1,1049
gene_11849,NGLY1,chr3,2860
gene_11850,NGRN,chr15,2085
gene_11851,NHEDC1,chr4,2617
gene_11852,NHEDC2,chr4,4310
gene_11853,NHEG1,chr6,1659
gene_11854,NHEJ1,chr2,3648
gene_11855,NHLH1,chr1,2559
gene_11856,NHLH2,chr1,3008
gene_11857,NHLRC1,chr6,2134
gene_11858,NHLRC2,chr10,6598
gene_11859,NHLRC3,chr13,3709
gene_11860,NHLRC4,chr16,2044
gene_11861,NHP2L1,chr22,1732
gene_11862,NHP2,chr5,854
gene_11863,NHSL1,chr6,8236
gene_11864,NHSL2,chrX,7656
gene_11865,NHS,chrX,10238
gene_11866,NICN1,chr3,4138
gene_11867,NID1,chr1,6038
gene_11868,NID2,chr14,6917
gene_11869,NIF3L1,chr2,3332
gene_11870,NINJ1,chr9,1281
gene_11871,NINJ2,chr12,2007
gene_11872,NINL,chr20,7285
gene_11873,NIN,chr14,11362
gene_11874,NIP7,chr16,2319
gene_11875,NIPA1,chr15,6671
gene_11876,NIPA2,chr15,3784
gene_11877,NIPAL1,chr4,2190
gene_11878,NIPAL2,chr8,2650
gene_11879,NIPAL3,chr1,8756
gene_11880,NIPAL4,chr5,3629
gene_11881,NIPBL,chr5,13576
gene_11882,NIPSNAP1,chr22,2288
gene_11883,NIPSNAP3A,chr9,2050
gene_11884,NIPSNAP3B,chr9,5866
gene_11885,NISCH,chr3,8769
gene_11886,NIT1,chr1,3366
gene_11887,NIT2,chr3,2480
gene_11888,NKAIN1,chr1,2922
gene_11889,NKAIN2,chr6,4211
gene_11890,NKAIN3,chr8,1566
gene_11891,NKAIN4,chr20,2804
gene_11892,NKAPL,chr6,1662
gene_11893,NKAP,chrX,3051
gene_11894,NKD1,chr16,8716
gene_11895,NKD2,chr5,2070
gene_11896,NKG7,chr19,868
gene_11897,NKIRAS1,chr3,2235
gene_11898,NKIRAS2,chr17,2957
gene_11899,NKPD1,chr19,4687
gene_11900,NKRF,chrX,4123
gene_11901,NKTR,chr3,20180
gene_11902,NKX1-2,chr10,971
gene_11903,NKX2-1,chr14,3040
gene_11904,NKX2-2,chr20,2080
gene_11905,NKX2-3,chr10,2096
gene_11906,NKX2-4,chr20,1619
gene_11907,NKX2-5,chr5,4428
gene_11908,NKX2-6,chr8,906
gene_11909,NKX2-8,chr14,1803
gene_11910,NKX3-1,chr8,5810
gene_11911,NKX3-2,chr4,2241
gene_11912,NKX6-1,chr4,1116
gene_11913,NKX6-2,chr10,1019
gene_11914,NKX6-3,chr8,570
gene_11915,NLE1,chr17,2899
gene_11916,NLGN1,chr3,5386
gene_11917,NLGN2,chr17,4642
gene_11918,NLGN3,chrX,4885
gene_11919,NLGN4X,chrX,6489
gene_11920,NLGN4Y,chrY,7148
gene_11921,NLK,chr17,3538
gene_11922,NLN,chr5,9988
gene_11923,NLRC3,chr16,6480
gene_11924,NLRC4,chr2,3543
gene_11925,NLRC5,chr16,8255
gene_11926,NLRP10,chr11,2020
gene_11927,NLRP11,chr19,4349
gene_11928,NLRP12,chr19,4830
gene_11929,NLRP13,chr19,3157
gene_11930,NLRP14,chr11,3823
gene_11931,NLRP1,chr17,7253
gene_11932,NLRP2,chr19,3954
gene_11933,NLRP3,chr1,6931
gene_11934,NLRP4,chr19,5477
gene_11935,NLRP5,chr19,3883
gene_11936,NLRP6,chr11,2856
gene_11937,NLRP7,chr19,4080
gene_11938,NLRP8,chr19,4048
gene_11939,NLRP9,chr19,3484
gene_11940,NLRX1,chr11,4826
gene_11941,NMBR,chr6,1354
gene_11942,NMB,chr15,1306
gene_11943,NMD3,chr3,4335
gene_11944,NME1-NME2,chr17,1918
gene_11945,NME1,chr17,1054
gene_11946,NME2P1,,
gene_11947,NME2,chr17,1374
gene_11948,NME3,chr16,1136
gene_11949,NME4,chr16,1362
gene_11950,NME5,chr5,1226
gene_11951,NME6,chr3,2349
gene_11952,NME7,chr1,5950
gene_11953,NMI,chr2,3526
gene_11954,NMNAT1,chr1,3781
gene_11955,NMNAT2,chr1,7210
gene_11956,NMNAT3,chr3,2479
gene_11957,NMRAL1,chr16,1686
gene_11958,NMS,chr2,485
gene_11959,NMT1,chr17,5498
gene_11960,NMT2,chr10,5529
gene_11961,NMUR1,chr2,3274
gene_11962,NMUR2,chr5,2064
gene_11963,NMU,chr4,816
gene_11964,NNAT,chr20,1302
gene_11965,NNMT,chr11,1996
gene_11966,NNT,chr5,4846
gene_11967,NOB1,chr16,1775
gene_11968,NOBOX,chr7,2076
gene_11969,NOC2L,chr1,6337
gene_11970,NOC3L,chr10,4478
gene_11971,NOC4L,chr12,1632
gene_11972,NOD1,chr7,5572
gene_11973,NOD2,chr16,5064
gene_11974,NODAL,chr10,2086
gene_11975,NOG,chr17,1892
gene_11976,NOL10,chr2,3923
gene_11977,NOL11,chr17,2524
gene_11978,NOL12,chr22,3957
gene_11979,NOL3,chr16,2693
gene_11980,NOL4,chr18,4780
gene_11981,NOL6,chr9,5458
gene_11982,NOL7,chr6,874
gene_11983,NOL8,chr9,6242
gene_11984,NOL9,chr1,6878
gene_11985,NOLC1,chr10,4332
gene_11986,NOM1,chr7,6077
gene_11987,NOMO1,chr16,4247
gene_11988,NOMO2,chr16,4566
gene_11989,NOMO3,chr16,4624
gene_11990,NONO,chrX,3528
gene_11991,NOP10,chr15,535
gene_11992,NOP14,chr4,3992
gene_11993,NOP16,chr5,2631
gene_11994,NOP2,chr12,3478
gene_11995,NOP56,chr20,2440
gene_11996,NOP58,chr2,2333
gene_11997,NOS1AP,chr1,7448
gene_11998,NOS1,chr12,12534
gene_11999,NOS2,chr17,4729
gene_12000,NOS3,chr7,6027
gene_12001,NOSIP,chr19,2223
gene_12002,NOSTRIN,chr2,3912
gene_12003,NOTCH1,chr9,10349
gene_12004,NOTCH2NL,chr1,6778
gene_12005,NOTCH2,chr1,12907
gene_12006,NOTCH3,chr19,8071
gene_12007,NOTCH4,chr6,11208
gene_12008,NOTO,chr2,1448
gene_12009,NOTUM,chr17,2217
gene_12010,NOVA1,chr14,4393
gene_12011,NOVA2,chr19,1877
gene_12012,NOV,chr8,2601
gene_12013,NOX1,chrX,2529
gene_12014,NOX3,chr6,2044
gene_12015,NOX4,chr11,5422
gene_12016,NOX5,chr15,6935
gene_12017,NOXA1,chr9,1816
gene_12018,NOXO1,chr16,1873
gene_12019,NPAS1,chr19,2492
gene_12020,NPAS2,chr2,4179
gene_12021,NPAS3,chr14,6501
gene_12022,NPAS4,chr11,3302
gene_12023,NPAT,chr11,9148
gene_12024,NPBWR1,chr8,987
gene_12025,NPBWR2,chr20,1002
gene_12026,NPB,chr17,617
gene_12027,NPC1L1,chr7,5658
gene_12028,NPC1,chr18,6837
gene_12029,NPC2,chr14,897
gene_12030,NPDC1,chr9,2694
gene_12031,NPEPL1,chr20,7014
gene_12032,NPEPPS,chr17,6710
gene_12033,NPFFR1,chr10,1311
gene_12034,NPFFR2,chr4,2449
gene_12035,NPFF,chr12,592
gene_12036,NPHP1,chr2,3069
gene_12037,NPHP3,chr3,5561
gene_12038,NPHP4,chr1,10616
gene_12039,NPHS1,chr19,5024
gene_12040,NPHS2,chr1,1871
gene_12041,NPIPL3,chr16,4958
gene_12042,NPIP,chr16,3086
gene_12043,NPLOC4,chr17,9496
gene_12044,NPL,chr1,4149
gene_12045,NPM1,chr5,1780
gene_12046,NPM2,chr8,2280
gene_12047,NPM3,chr10,877
gene_12048,NPNT,chr4,4733
gene_12049,NPPA,chr1,854
gene_12050,NPPB,chr1,698
gene_12051,NPPC,chr2,1032
gene_12052,NPR1,chr1,4732
gene_12053,NPR2,chr9,3430
gene_12054,NPR3,chr5,8397
gene_12055,NPRL2,chr3,2947
gene_12056,NPRL3,chr16,5516
gene_12057,NPSR1,chr7,1995
gene_12058,NPS,chr10,322
gene_12059,NPTN,chr15,2464
gene_12060,NPTX1,chr17,5437
gene_12061,NPTX2,chr7,2713
gene_12062,NPTXR,chr22,5815
gene_12063,NPVF,chr7,1188
gene_12064,NPW,chr16,1016
gene_12065,NPY1R,chr4,3075
gene_12066,NPY2R,chr4,3826
gene_12067,NPY5R,chr4,1843
gene_12068,NPY6R,chr5,2987
gene_12069,NPY,chr7,560
gene_12070,NQO1,chr16,2591
gene_12071,NQO2,chr6,2437
gene_12072,NR0B1,chrX,1585
gene_12073,NR0B2,chr1,1271
gene_12074,NR1D1,chr17,3304
gene_12075,NR1D2,chr3,5498
gene_12076,NR1H2,chr19,2900
gene_12077,NR1H3,chr11,3781
gene_12078,NR1H4,chr12,2834
gene_12079,NR1I2,chr3,5375
gene_12080,NR1I3,chr1,3006
gene_12081,NR2C1,chr12,4877
gene_12082,NR2C2AP,chr19,1299
gene_12083,NR2C2,chr3,8330
gene_12084,NR2E1,chr6,3259
gene_12085,NR2E3,chr15,2913
gene_12086,NR2F1,chr5,3811
gene_12087,NR2F2,chr15,6110
gene_12088,NR2F6,chr19,1804
gene_12089,NR3C1,chr5,13271
gene_12090,NR3C2,chr4,5898
gene_12091,NR4A1,chr12,4837
gene_12092,NR4A2,chr2,4341
gene_12093,NR4A3,chr9,6484
gene_12094,NR5A1,chr9,3866
gene_12095,NR5A2,chr1,5563
gene_12096,NR6A1,chr9,2358
gene_12097,NRADDP,chr3,1012
gene_12098,NRAP,chr10,5791
gene_12099,NRARP,chr9,2621
gene_12100,NRAS,chr1,4454
gene_12101,NRBF2,chr10,1896
gene_12102,NRBP1,chr2,4370
gene_12103,NRBP2,chr8,9947
gene_12104,NRCAM,chr7,7752
gene_12105,NRD1,chr1,4507
gene_12106,NRF1,chr7,3910
gene_12107,NRG1,chr8,8219
gene_12108,NRG2,chr5,4004
gene_12109,NRG3,chr10,5327
gene_12110,NRG4,chr15,2919
gene_12111,NRGN,chr11,1236
gene_12112,NRIP1,chr21,7742
gene_12113,NRIP2,chr12,3339
gene_12114,NRIP3,chr11,4200
gene_12115,NRK,chrX,9644
gene_12116,NRL,chr14,2863
gene_12117,NRM,chr6,2300
gene_12118,NRN1L,chr16,633
gene_12119,NRN1,chr6,2957
gene_12120,NRP1,chr10,11236
gene_12121,NRP2,chr2,8634
gene_12122,NRSN1,chr6,3798
gene_12123,NRSN2,chr20,2386
gene_12124,NRTN,chr19,1104
gene_12125,NRXN1,chr2,11324
gene_12126,NRXN2,chr11,8863
gene_12127,NRXN3,chr14,21466
gene_12128,NSA2,chr5,1503
gene_12129,NSD1,chr5,14978
gene_12130,NSDHL,chrX,1630
gene_12131,NSFL1C,chr20,3645
gene_12132,NSF,chr17,4335
gene_12133,NSL1,chr1,13220
gene_12134,NSMAF,chr8,3782
gene_12135,NSMCE1,chr16,1811
gene_12136,NSMCE2,chr8,1212
gene_12137,NSMCE4A,chr10,2681
gene_12138,NSUN2,chr5,4756
gene_12139,NSUN3,chr3,2027
gene_12140,NSUN4,chr1,8915
gene_12141,NSUN5P1,chr7,832
gene_12142,NSUN5P2,chr7,5037
gene_12143,NSUN5,chr7,4669
gene_12144,NSUN6,chr10,2426
gene_12145,NSUN7,chr4,4388
gene_12146,NT5C1A,chr1,1107
gene_12147,NT5C1B,chr2,3456
gene_12148,NT5C2,chr10,4237
gene_12149,NT5C3L,chr17,1993
gene_12150,NT5C3,chr7,2140
gene_12151,NT5C,chr17,1487
gene_12152,NT5DC1,chr6,4318
gene_12153,NT5DC2,chr3,3146
gene_12154,NT5DC3,chr12,7214
gene_12155,NT5E,chr6,4430
gene_12156,NT5M,chr17,1721
gene_12157,NTAN1,chr16,1219
gene_12158,NTF3,chr12,2503
gene_12159,NTF4,chr19,3050
gene_12160,NTHL1,chr16,1067
gene_12161,NTM,chr11,4923
gene_12162,NTN1,chr17,5954
gene_12163,NTN3,chr16,1986
gene_12164,NTN4,chr12,3656
gene_12165,NTN5,chr19,3168
gene_12166,NTNG1,chr1,6595
gene_12167,NTNG2,chr9,3091
gene_12168,NTRK1,chr1,2997
gene_12169,NTRK2,chr9,20323
gene_12170,NTRK3,chr15,6347
gene_12171,NTSR1,chr20,4132
gene_12172,NTSR2,chr2,1608
gene_12173,NTS,chr12,1239
gene_12174,NUAK1,chr12,6821
gene_12175,NUAK2,chr1,4106
gene_12176,NUB1,chr7,6499
gene_12177,NUBP1,chr16,1392
gene_12178,NUBP2,chr16,1382
gene_12179,NUBPL,chr14,3403
gene_12180,NUCB1,chr19,3035
gene_12181,NUCB2,chr11,3878
gene_12182,NUCKS1,chr1,6464
gene_12183,NUDCD1,chr8,4174
gene_12184,NUDCD2,chr5,948
gene_12185,NUDCD3,chr7,5561
gene_12186,NUDC,chr1,1813
gene_12187,NUDT10,chrX,2632
gene_12188,NUDT11,chrX,2396
gene_12189,NUDT12,chr5,4492
gene_12190,NUDT13,chr10,2369
gene_12191,NUDT14,chr14,3343
gene_12192,NUDT15,chr13,2605
gene_12193,NUDT16L1,chr16,3559
gene_12194,NUDT16P1,chr3,2829
gene_12195,NUDT16,chr3,13077
gene_12196,NUDT17,chr1,1091
gene_12197,NUDT18,chr8,4324
gene_12198,NUDT19,chr19,2967
gene_12199,NUDT1,chr7,1084
gene_12200,NUDT21,chr16,4407
gene_12201,NUDT22,chr11,2122
gene_12202,NUDT2,chr9,1117
gene_12203,NUDT3,chr6,2394
gene_12204,NUDT4,chr12,5208
gene_12205,NUDT5,chr10,1204
gene_12206,NUDT6,chr4,1373
gene_12207,NUDT7,chr16,2696
gene_12208,NUDT8,chr11,1207
gene_12209,NUDT9P1,chr10,1077
gene_12210,NUDT9,chr4,2895
gene_12211,NUF2,chr1,2123
gene_12212,NUFIP1,chr13,3487
gene_12213,NUFIP2,chr17,10880
gene_12214,NUMA1,chr11,10573
gene_12215,NUMBL,chr19,3945
gene_12216,NUMB,chr14,5282
gene_12217,NUP107,chr12,3405
gene_12218,NUP133,chr1,4170
gene_12219,NUP153,chr6,6030
gene_12220,NUP155,chr5,4475
gene_12221,NUP160,chr11,6799
gene_12222,NUP188,chr9,6486
gene_12223,NUP205,chr7,6396
gene_12224,NUP210L,chr1,6007
gene_12225,NUP210,chr3,8276
gene_12226,NUP214,chr9,7955
gene_12227,NUP35,chr2,1849
gene_12228,NUP37,chr12,1758
gene_12229,NUP43,chr6,6737
gene_12230,NUP50,chr22,5657
gene_12231,NUP54,chr4,2539
gene_12232,NUP62CL,chrX,1762
gene_12233,NUP62,chr19,7420
gene_12234,NUP85,chr17,3282
gene_12235,NUP88,chr17,3287
gene_12236,NUP93,chr16,3716
gene_12237,NUP98,chr11,8199
gene_12238,NUPL1,chr13,9319
gene_12239,NUPL2,chr7,3368
gene_12240,NUPR1,chr16,1062
gene_12241,NUS1,chr6,4807
gene_12242,NUSAP1,chr15,2875
gene_12243,NUTF2,chr16,1432
gene_12244,NVL,chr1,3622
gene_12245,NWD1,chr19,8768
gene_12246,NXF1,chr11,4423
gene_12247,NXF2B,,
gene_12248,NXF2,chrX,10291
gene_12249,NXF3,chrX,3795
gene_12250,NXF4,chrX,3615
gene_12251,NXF5,chrX,2607
gene_12252,NXNL1,chr19,908
gene_12253,NXNL2,chr9,1630
gene_12254,NXN,chr17,3668
gene_12255,NXPH1,chr7,3019
gene_12256,NXPH2,chr2,2560
gene_12257,NXPH3,chr17,5552
gene_12258,NXPH4,chr12,2042
gene_12259,NXT1,chr20,1117
gene_12260,NXT2,chrX,3051
gene_12261,NYNRIN,chr14,7857
gene_12262,NYX,chrX,2764
gene_12263,OAF,chr11,1862
gene_12264,OAS1,chr12,3457
gene_12265,OAS2,chr12,6919
gene_12266,OAS3,chr12,8195
gene_12267,OASL,chr12,2085
gene_12268,OAT,chr10,4073
gene_12269,OAZ1,chr19,1145
gene_12270,OAZ2,chr15,1915
gene_12271,OAZ3,chr1,1085
gene_12272,OBFC1,chr10,6689
gene_12273,OBFC2A,chr2,4442
gene_12274,OBFC2B,chr12,1614
gene_12275,OBP2A,chr9,1007
gene_12276,OBP2B,chr9,795
gene_12277,OBSCN,chr1,30541
gene_12278,OBSL1,chr2,7548
gene_12279,OC90,chr8,1894
gene_12280,OCA2,chr15,3138
gene_12281,OCEL1,chr19,1091
gene_12282,OCIAD1,chr4,3436
gene_12283,OCIAD2,chr4,764
gene_12284,OCLM,chr1,884
gene_12285,OCLN,,
gene_12286,OCM2,chr7,587
gene_12287,OCM,chr7,696
gene_12288,OCRL,chrX,5154
gene_12289,ODAM,chr4,1288
gene_12290,ODC1,chr2,2460
gene_12291,ODF1,chr8,994
gene_12292,ODF2L,chr1,6636
gene_12293,ODF2,chr9,6330
gene_12294,ODF3B,chr22,1103
gene_12295,ODF3L1,chr15,1193
gene_12296,ODF3L2,chr19,1604
gene_12297,ODF3,chr11,4133
gene_12298,ODF4,chr17,1440
gene_12299,ODZ1,chrX,13043
gene_12300,ODZ2,chr5,10063
gene_12301,ODZ3,chr4,12489
gene_12302,ODZ4,chr11,14299
gene_12303,OFD1,chrX,5457
gene_12304,OGDHL,chr10,4081
gene_12305,OGDH,chr7,5065
gene_12306,OGFOD1,chr16,3182
gene_12307,OGFOD2,chr12,6046
gene_12308,OGFRL1,chr6,1997
gene_12309,OGFR,chr20,4924
gene_12310,OGG1,chr3,3651
gene_12311,OGN,chr9,3484
gene_12312,OGT,chrX,7721
gene_12313,OIP5,chr15,1236
gene_12314,OIT3,chr10,2361
gene_12315,OLA1,chr2,4434
gene_12316,OLAH,chr10,1834
gene_12317,OLFM1,chr9,5165
gene_12318,OLFM2,chr19,1861
gene_12319,OLFM3,chr1,4460
gene_12320,OLFM4,chr13,4871
gene_12321,OLFML1,chr11,3158
gene_12322,OLFML2A,chr9,6741
gene_12323,OLFML2B,chr1,3818
gene_12324,OLFML3,chr1,3889
gene_12325,OLIG1,chr21,2279
gene_12326,OLIG2,chr21,2514
gene_12327,OLIG3,chr6,2196
gene_12328,OLR1,chr12,2538
gene_12329,OMA1,chr1,2686
gene_12330,OMD,chr9,2542
gene_12331,OMG,chr17,1895
gene_12332,OMP,chr11,492
gene_12333,ONECUT1,chr15,2407
gene_12334,ONECUT2,chr18,16122
gene_12335,ONECUT3,chr19,1485
gene_12336,OOEP,chr6,1195
gene_12337,OPA1,chr3,6493
gene_12338,OPA3,chr19,9677
gene_12339,OPALIN,chr10,3819
gene_12340,OPCML,chr11,6965
gene_12341,OPHN1,chrX,10269
gene_12342,OPLAH,chr8,4877
gene_12343,OPN1LW,chrX,1234
gene_12344,OPN1MW,chrX,3996
gene_12345,OPN1SW,chr7,1098
gene_12346,OPN3,chr1,2792
gene_12347,OPN4,chr10,3058
gene_12348,OPN5,chr6,3777
gene_12349,OPRD1,chr1,1774
gene_12350,OPRK1,chr8,6030
gene_12351,OPRL1,chr20,3855
gene_12352,OPRM1,chr6,9319
gene_12353,OPTC,chr1,1444
gene_12354,OPTN,chr10,4206
gene_12355,OR10A2,chr11,912
gene_12356,OR10A3,chr11,945
gene_12357,OR10A4,chr11,995
gene_12358,OR10A5,chr11,954
gene_12359,OR10A6,chr11,945
gene_12360,OR10A7,chr12,951
gene_12361,OR10AD1,chr12,954
gene_12362,OR10AG1,chr11,906
gene_12363,OR10C1,chr6,1039
gene_12364,OR10G2,chr14,933
gene_12365,OR10G3,chr14,942
gene_12366,OR10G4,chr11,936
gene_12367,OR10G7,chr11,936
gene_12368,OR10G8,chr11,936
gene_12369,OR10G9,chr11,936
gene_12370,OR10H1,chr19,1120
gene_12371,OR10H2,chr19,1029
gene_12372,OR10H3,chr19,951
gene_12373,OR10H4,chr19,951
gene_12374,OR10H5,chr19,948
gene_12375,OR10J1,chr1,1089
gene_12376,OR10J3,chr1,990
gene_12377,OR10J5,chr1,930
gene_12378,OR10K1,chr1,942
gene_12379,OR10K2,chr1,939
gene_12380,OR10P1,chr12,942
gene_12381,OR10Q1,chr11,1037
gene_12382,OR10R2,chr1,1008
gene_12383,OR10S1,chr11,996
gene_12384,OR10T2,chr1,945
gene_12385,OR10V1,chr11,930
gene_12386,OR10W1,chr11,1469
gene_12387,OR10X1,chr1,981
gene_12388,OR10Z1,chr1,942
gene_12389,OR11A1,chr6,2229
gene_12390,OR11G2,chr14,1038
gene_12391,OR11H12,chr14,981
gene_12392,OR11H1,chr22,981
gene_12393,OR11H4,chr14,975
gene_12394,OR11H6,chr14,993
gene_12395,OR11L1,chr1,969
gene_12396,OR12D2,chr6,1033
gene_12397,OR12D3,chr6,1869
gene_12398,OR13A1,chr10,3221
gene_12399,OR13C2,chr9,957
gene_12400,OR13C3,chr9,1044
gene_12401,OR13C4,chr9,957
gene_12402,OR13C5,chr9,957
gene_12403,OR13C8,chr9,963
gene_12404,OR13C9,chr9,957
gene_12405,OR13D1,chr9,1041
gene_12406,OR13F1,chr9,960
gene_12407,OR13G1,chr1,924
gene_12408,OR13H1,chrX,927
gene_12409,OR13J1,chr9,939
gene_12410,OR14A16,chr1,930
gene_12411,OR14C36,chr1,939
gene_12412,OR14I1,chr1,936
gene_12413,OR14J1,chr6,966
gene_12414,OR1A1,chr17,930
gene_12415,OR1A2,chr17,930
gene_12416,OR1B1,chr9,957
gene_12417,OR1C1,chr1,945
gene_12418,OR1D2,chr17,939
gene_12419,OR1D4,,
gene_12420,OR1E1,chr17,945
gene_12421,OR1E2,chr17,972
gene_12422,OR1F1,chr16,939
gene_12423,OR1F2P,chr16,985
gene_12424,OR1G1,chr17,942
gene_12425,OR1I1,chr19,1068
gene_12426,OR1J1,chr9,969
gene_12427,OR1J2,chr9,942
gene_12428,OR1J4,chr9,942
gene_12429,OR1K1,chr9,951
gene_12430,OR1L1,chr9,933
gene_12431,OR1L3,chr9,975
gene_12432,OR1L4,chr9,936
gene_12433,OR1L6,chr9,936
gene_12434,OR1L8,chr9,930
gene_12435,OR1M1,chr19,942
gene_12436,OR1N1,chr9,936
gene_12437,OR1N2,chr9,993
gene_12438,OR1Q1,chr9,945
gene_12439,OR1S1,chr11,978
gene_12440,OR1S2,chr11,978
gene_12441,OR2A12,chr7,933
gene_12442,OR2A14,chr7,933
gene_12443,OR2A1,chr7,1866
gene_12444,OR2A25,chr7,933
gene_12445,OR2A2,chr7,957
gene_12446,OR2A4,chr6,933
gene_12447,OR2A5,chr7,936
gene_12448,OR2A7,chr7,933
gene_12449,OR2A9P,chr7,2266
gene_12450,OR2AE1,chr7,972
gene_12451,OR2AG1,chr11,998
gene_12452,OR2AG2,chr11,951
gene_12453,OR2AK2,chr1,1008
gene_12454,OR2AT4,chr11,963
gene_12455,OR2B11,chr1,954
gene_12456,OR2B2,chr6,1212
gene_12457,OR2B3,chr6,1106
gene_12458,OR2B6,chr6,942
gene_12459,OR2C1,chr16,1036
gene_12460,OR2C3,chr1,2742
gene_12461,OR2D2,chr11,927
gene_12462,OR2D3,chr11,993
gene_12463,OR2F1,chr7,1089
gene_12464,OR2F2,chr7,954
gene_12465,OR2G2,chr1,954
gene_12466,OR2G3,chr1,930
gene_12467,OR2G6,chr1,951
gene_12468,OR2H1,chr6,2996
gene_12469,OR2H2,chr6,1063
gene_12470,OR2J2,chr6,1041
gene_12471,OR2J3,chr6,936
gene_12472,OR2K2,chr9,951
gene_12473,OR2L13,chr1,1884
gene_12474,OR2L1P,chr1,925
gene_12475,OR2L2,chr1,1134
gene_12476,OR2L3,chr1,939
gene_12477,OR2L8,chr1,939
gene_12478,OR2M1P,chr1,645
gene_12479,OR2M2,chr1,1044
gene_12480,OR2M3,chr1,939
gene_12481,OR2M4,chr1,936
gene_12482,OR2M5,chr1,939
gene_12483,OR2M7,chr1,939
gene_12484,OR2S2,chr9,1047
gene_12485,OR2T10,chr1,939
gene_12486,OR2T11,chr1,951
gene_12487,OR2T12,chr1,963
gene_12488,OR2T1,chr1,1110
gene_12489,OR2T27,chr1,954
gene_12490,OR2T29,chr1,948
gene_12491,OR2T2,chr1,975
gene_12492,OR2T33,chr1,963
gene_12493,OR2T34,chr1,957
gene_12494,OR2T35,chr1,972
gene_12495,OR2T3,chr1,957
gene_12496,OR2T4,chr1,1047
gene_12497,OR2T5,chr1,948
gene_12498,OR2T6,chr1,927
gene_12499,OR2T8,chr1,939
gene_12500,OR2V2,chr5,948
gene_12501,OR2W1,chr6,963
gene_12502,OR2W3,chr1,945
gene_12503,OR2W5,chr1,1342
gene_12504,OR2Y1,chr5,936
gene_12505,OR2Z1,chr19,945
gene_12506,OR3A1,chr17,948
gene_12507,OR3A2,chr17,1085
gene_12508,OR3A3,chr17,966
gene_12509,OR3A4,chr17,1202
gene_12510,OR4A15,chr11,1035
gene_12511,OR4A16,chr11,987
gene_12512,OR4A47,chr11,930
gene_12513,OR4A5,chr11,1071
gene_12514,OR4B1,chr11,930
gene_12515,OR4C11,chr11,1045
gene_12516,OR4C12,chr11,1063
gene_12517,OR4C13,chr11,1029
gene_12518,OR4C15,chr11,1113
gene_12519,OR4C16,chr11,933
gene_12520,OR4C3,chr11,990
gene_12521,OR4C45,chr11,918
gene_12522,OR4C46,chr11,930
gene_12523,OR4C6,chr11,930
gene_12524,OR4D10,chr11,936
gene_12525,OR4D11,chr11,936
gene_12526,OR4D1,chr17,933
gene_12527,OR4D2,chr17,924
gene_12528,OR4D5,chr11,957
gene_12529,OR4D6,chr11,945
gene_12530,OR4D9,chr11,945
gene_12531,OR4E2,chr14,942
gene_12532,OR4F15,chr15,939
gene_12533,OR4F17,chr19,918
gene_12534,OR4F21,chr8,939
gene_12535,OR4F29,chr1,1878
gene_12536,OR4F4,chr15,918
gene_12537,OR4F5,chr1,918
gene_12538,OR4F6,chr15,939
gene_12539,OR4K13,chr14,915
gene_12540,OR4K14,chr14,933
gene_12541,OR4K15,chr14,1047
gene_12542,OR4K17,chr14,1032
gene_12543,OR4K1,chr14,1076
gene_12544,OR4K2,chr14,945
gene_12545,OR4K5,chr14,972
gene_12546,OR4L1,chr14,939
gene_12547,OR4M1,chr14,942
gene_12548,OR4M2,chr15,1084
gene_12549,OR4N2,chr14,924
gene_12550,OR4N3P,chr15,934
gene_12551,OR4N4,chr15,1343
gene_12552,OR4N5,chr14,927
gene_12553,OR4P4,chr11,939
gene_12554,OR4Q3,chr14,942
gene_12555,OR4S1,chr11,930
gene_12556,OR4S2,chr11,936
gene_12557,OR4X1,chr11,918
gene_12558,OR4X2,chr11,912
gene_12559,OR51A2,chr11,942
gene_12560,OR51A4,chr11,942
gene_12561,OR51A7,chr11,939
gene_12562,OR51B2,chr11,1055
gene_12563,OR51B4,chr11,933
gene_12564,OR51B5,chr11,1934
gene_12565,OR51B6,chr11,939
gene_12566,OR51D1,chr11,1124
gene_12567,OR51E1,chr11,3104
gene_12568,OR51E2,chr11,2785
gene_12569,OR51F1,chr11,939
gene_12570,OR51F2,chr11,1029
gene_12571,OR51G1,chr11,966
gene_12572,OR51G2,chr11,945
gene_12573,OR51I1,chr11,1012
gene_12574,OR51I2,chr11,1070
gene_12575,OR51L1,chr11,948
gene_12576,OR51M1,chr11,1058
gene_12577,OR51Q1,chr11,1096
gene_12578,OR51S1,chr11,972
gene_12579,OR51T1,chr11,1065
gene_12580,OR51V1,chr11,966
gene_12581,OR52A1,chr11,939
gene_12582,OR52A4,,
gene_12583,OR52A5,chr11,951
gene_12584,OR52B2,chr11,972
gene_12585,OR52B4,chr11,1124
gene_12586,OR52B6,chr11,1008
gene_12587,OR52D1,chr11,1064
gene_12588,OR52E2,chr11,978
gene_12589,OR52E4,chr11,939
gene_12590,OR52E6,chr11,942
gene_12591,OR52E8,chr11,954
gene_12592,OR52H1,chr11,963
gene_12593,OR52I1,chr11,975
gene_12594,OR52I2,chr11,1115
gene_12595,OR52J3,chr11,936
gene_12596,OR52K1,chr11,1030
gene_12597,OR52K2,chr11,1067
gene_12598,OR52L1,chr11,1094
gene_12599,OR52M1,chr11,954
gene_12600,OR52N1,chr11,963
gene_12601,OR52N2,chr11,966
gene_12602,OR52N4,chr11,1037
gene_12603,OR52N5,chr11,1034
gene_12604,OR52R1,chr11,948
gene_12605,OR52W1,chr11,963
gene_12606,OR56A1,chr11,1071
gene_12607,OR56A3,chr11,948
gene_12608,OR56A4,chr11,1098
gene_12609,OR56A5,chr11,942
gene_12610,OR56B1,chr11,1091
gene_12611,OR56B4,chr11,960
gene_12612,OR5A1,chr11,948
gene_12613,OR5A2,chr11,975
gene_12614,OR5AC2,chr3,930
gene_12615,OR5AK2,chr11,930
gene_12616,OR5AN1,chr11,936
gene_12617,OR5AP2,chr11,951
gene_12618,OR5AR1,chr11,933
gene_12619,OR5AS1,chr11,975
gene_12620,OR5AU1,chr14,1089
gene_12621,OR5B12,chr11,1054
gene_12622,OR5B17,chr11,945
gene_12623,OR5B21,chr11,930
gene_12624,OR5B2,chr11,1049
gene_12625,OR5B3,chr11,945
gene_12626,OR5C1,chr9,963
gene_12627,OR5D13,chr11,945
gene_12628,OR5D14,chr11,945
gene_12629,OR5D16,chr11,987
gene_12630,OR5D18,chr11,942
gene_12631,OR5E1P,chr11,521
gene_12632,OR5F1,chr11,945
gene_12633,OR5H14,chr3,933
gene_12634,OR5H15,chr3,942
gene_12635,OR5H1,chr3,942
gene_12636,OR5H2,chr3,945
gene_12637,OR5H6,chr3,978
gene_12638,OR5I1,chr11,945
gene_12639,OR5J2,chr11,939
gene_12640,OR5K1,chr3,952
gene_12641,OR5K2,chr3,951
gene_12642,OR5K3,chr3,966
gene_12643,OR5K4,chr3,966
gene_12644,OR5L1,chr11,936
gene_12645,OR5L2,chr11,936
gene_12646,OR5M10,chr11,948
gene_12647,OR5M11,chr11,918
gene_12648,OR5M1,chr11,948
gene_12649,OR5M3,chr11,1051
gene_12650,OR5M8,chr11,936
gene_12651,OR5M9,chr11,933
gene_12652,OR5P2,chr11,969
gene_12653,OR5P3,chr11,936
gene_12654,OR5R1,chr11,975
gene_12655,OR5T1,chr11,981
gene_12656,OR5T2,chr11,1080
gene_12657,OR5T3,chr11,1023
gene_12658,OR5V1,chr6,1048
gene_12659,OR5W2,chr11,933
gene_12660,OR6A2,chr11,1384
gene_12661,OR6B1,chr7,936
gene_12662,OR6B2,chr2,939
gene_12663,OR6B3,chr2,996
gene_12664,OR6C1,chr12,939
gene_12665,OR6C2,chr12,939
gene_12666,OR6C3,chr12,936
gene_12667,OR6C4,chr12,930
gene_12668,OR6C65,chr12,939
gene_12669,OR6C68,chr12,939
gene_12670,OR6C6,chr12,945
gene_12671,OR6C70,chr12,939
gene_12672,OR6C74,chr12,939
gene_12673,OR6C75,chr12,939
gene_12674,OR6C76,chr12,939
gene_12675,OR6F1,chr1,927
gene_12676,OR6K2,chr1,975
gene_12677,OR6K3,chr1,948
gene_12678,OR6K6,chr1,1032
gene_12679,OR6M1,chr11,942
gene_12680,OR6N1,chr1,939
gene_12681,OR6N2,chr1,954
gene_12682,OR6P1,chr1,954
gene_12683,OR6Q1,chr11,954
gene_12684,OR6S1,chr14,996
gene_12685,OR6T1,chr11,972
gene_12686,OR6V1,chr7,942
gene_12687,OR6W1P,chr7,1502
gene_12688,OR6X1,chr11,939
gene_12689,OR6Y1,chr1,978
gene_12690,OR7A10,chr19,930
gene_12691,OR7A17,chr19,930
gene_12692,OR7A5,chr19,2138
gene_12693,OR7C1,chr19,963
gene_12694,OR7C2,chr19,960
gene_12695,OR7D2,chr19,3224
gene_12696,OR7D4,chr19,1022
gene_12697,OR7E156P,chr13,3950
gene_12698,OR7E24,chr19,1020
gene_12699,OR7E37P,,
gene_12700,OR7E5P,chr11,1833
gene_12701,OR7E91P,chr2,1376
gene_12702,OR7G1,chr19,936
gene_12703,OR7G2,chr19,1038
gene_12704,OR7G3,chr19,939
gene_12705,OR8A1,chr11,981
gene_12706,OR8B12,chr11,933
gene_12707,OR8B2,chr11,942
gene_12708,OR8B3,chr11,942
gene_12709,OR8B4,chr11,930
gene_12710,OR8B8,chr11,936
gene_12711,OR8D1,chr11,927
gene_12712,OR8D2,chr11,936
gene_12713,OR8D4,chr11,945
gene_12714,OR8G2,chr11,915
gene_12715,OR8G5,,
gene_12716,OR8H1,chr11,936
gene_12717,OR8H2,chr11,939
gene_12718,OR8H3,chr11,939
gene_12719,OR8I2,chr11,933
gene_12720,OR8J1,chr11,1074
gene_12721,OR8J3,chr11,948
gene_12722,OR8K1,chr11,960
gene_12723,OR8K3,chr11,939
gene_12724,OR8K5,chr11,924
gene_12725,OR8S1,chr12,1080
gene_12726,OR8U1,,
gene_12727,OR9A2,chr7,933
gene_12728,OR9A4,chr7,945
gene_12729,OR9G4,chr11,984
gene_12730,OR9G9,chr11,918
gene_12731,OR9I1,chr11,945
gene_12732,OR9K2,chr12,1008
gene_12733,OR9Q1,chr11,2438
gene_12734,OR9Q2,chr11,1085
gene_12735,ORAI1,chr12,1502
gene_12736,ORAI2,chr7,11024
gene_12737,ORAI3,chr16,2188
gene_12738,ORAOV1,chr11,3022
gene_12739,ORC1L,chr1,3447
gene_12740,ORC2L,chr2,3135
gene_12741,ORC3L,chr6,4295
gene_12742,ORC4L,chr2,7300
gene_12743,ORC5L,chr7,2442
gene_12744,ORC6L,chr16,4042
gene_12745,ORM1,chr9,1131
gene_12746,ORM2,chr9,844
gene_12747,ORMDL1,chr2,3143
gene_12748,ORMDL2,chr12,1334
gene_12749,ORMDL3,chr17,3803
gene_12750,OS9,chr12,3239
gene_12751,OSBP2,chr22,7053
gene_12752,OSBPL10,chr3,10535
gene_12753,OSBPL11,chr3,4638
gene_12754,OSBPL1A,chr18,11438
gene_12755,OSBPL2,chr20,6810
gene_12756,OSBPL3,chr7,7357
gene_12757,OSBPL5,chr11,5519
gene_12758,OSBPL6,chr2,7815
gene_12759,OSBPL7,chr17,6057
gene_12760,OSBPL8,chr12,8068
gene_12761,OSBPL9,chr1,5866
gene_12762,OSBP,chr11,5083
gene_12763,OSCAR,chr19,3035
gene_12764,OSCP1,chr1,1695
gene_12765,OSGEPL1,chr2,4549
gene_12766,OSGEP,chr14,1625
gene_12767,OSGIN1,chr16,2540
gene_12768,OSGIN2,chr8,4503
gene_12769,OSMR,chr5,6427
gene_12770,OSM,chr22,1853
gene_12771,OSR1,chr2,1894
gene_12772,OSR2,chr8,2985
gene_12773,OST4,chr2,485
gene_12774,OSTBETA,chr15,940
gene_12775,OSTCL,chr6,1186
gene_12776,OSTC,chr4,1152
gene_12777,OSTF1,chr9,1464
gene_12778,OSTM1,chr6,4467
gene_12779,OSTN,chr3,402
gene_12780,OSTalpha,chr3,3179
gene_12781,OTC,chrX,1647
gene_12782,OTOA,chr16,4133
gene_12783,OTOF,chr2,7865
gene_12784,OTOL1,chr3,1434
gene_12785,OTOP1,chr4,1869
gene_12786,OTOP2,chr17,2966
gene_12787,OTOP3,chr17,2923
gene_12788,OTOR,chr20,1477
gene_12789,OTOS,chr2,566
gene_12790,OTP,chr5,2678
gene_12791,OTUB1,chr11,3183
gene_12792,OTUB2,chr14,4322
gene_12793,OTUD1,chr10,3113
gene_12794,OTUD3,chr1,6514
gene_12795,OTUD4,chr4,7567
gene_12796,OTUD5,chrX,4281
gene_12797,OTUD6A,chrX,1689
gene_12798,OTUD6B,chr8,3438
gene_12799,OTUD7A,chr15,7192
gene_12800,OTUD7B,chr1,9914
gene_12801,OTX1,chr2,3219
gene_12802,OTX2,chr14,2980
gene_12803,OVCA2,chr17,1076
gene_12804,OVCH1,chr12,3420
gene_12805,OVCH2,chr11,2080
gene_12806,OVGP1,chr1,3448
gene_12807,OVOL1,chr11,3562
gene_12808,OVOL2,chr20,1555
gene_12809,OXA1L,chr14,2684
gene_12810,OXCT1,chr5,3778
gene_12811,OXCT2,chr1,1824
gene_12812,OXER1,chr2,1763
gene_12813,OXGR1,chr13,3572
gene_12814,OXNAD1,chr3,4546
gene_12815,OXR1,chr8,6970
gene_12816,OXSM,chr3,2840
gene_12817,OXSR1,chr3,5094
gene_12818,OXTR,chr3,4360
gene_12819,OXT,chr20,512
gene_12820,P2RX1,chr17,3497
gene_12821,P2RX2,chr12,3730
gene_12822,P2RX3,chr11,1457
gene_12823,P2RX4,chr12,2627
gene_12824,P2RX5,chr17,3242
gene_12825,P2RX6P,chr22,124
gene_12826,P2RX6,chr22,4892
gene_12827,P2RX7,chr12,3828
gene_12828,P2RY10,chrX,1790
gene_12829,P2RY11,chr19,1976
gene_12830,P2RY12,chr3,2824
gene_12831,P2RY13,chr3,2769
gene_12832,P2RY14,chr3,2834
gene_12833,P2RY1,chr3,3108
gene_12834,P2RY2,chr11,17208
gene_12835,P2RY4,chrX,1639
gene_12836,P2RY6,chr11,3476
gene_12837,P2RY8,chrX,8468
gene_12838,P4HA1,chr10,3164
gene_12839,P4HA2,chr5,3017
gene_12840,P4HA3,chr11,3388
gene_12841,P4HB,chr17,2864
gene_12842,P4HTM,chr3,3919
gene_12843,P704P,chr14,6715
gene_12844,PA2G4P4,chr3,2751
gene_12845,PA2G4,chr12,2626
gene_12846,PAAF1,chr11,1815
gene_12847,PABPC1L2A,chrX,2175
gene_12848,PABPC1L2B,chrX,2200
gene_12849,PABPC1L,chr20,4747
gene_12850,PABPC1P2,chr2,3934
gene_12851,PABPC1,chr8,4019
gene_12852,PABPC3,chr13,2429
gene_12853,PABPC4L,chr4,4943
gene_12854,PABPC4,chr1,3276
gene_12855,PABPC5,chrX,3447
gene_12856,PABPN1L,chr16,1378
gene_12857,PABPN1,chr14,4301
gene_12858,PACRGL,chr4,3904
gene_12859,PACRG,chr6,2042
gene_12860,PACS1,chr11,6730
gene_12861,PACS2,chr14,7031
gene_12862,PACSIN1,chr6,4498
gene_12863,PACSIN2,chr22,3515
gene_12864,PACSIN3,chr11,2200
gene_12865,PADI1,chr1,4094
gene_12866,PADI2,chr1,4748
gene_12867,PADI3,chr1,3188
gene_12868,PADI4,chr1,2741
gene_12869,PADI6,chr1,2346
gene_12870,PAEP,chr9,2742
gene_12871,PAF1,chr19,2947
gene_12872,PAFAH1B1,chr17,6393
gene_12873,PAFAH1B2,chr11,7241
gene_12874,PAFAH1B3,chr19,1613
gene_12875,PAFAH2,chr1,3776
gene_12876,PAG1,chr8,10743
gene_12877,PAGE1,chrX,664
gene_12878,PAGE2B,chrX,621
gene_12879,PAGE2,chrX,480
gene_12880,PAGE3,chrX,733
gene_12881,PAGE4,chrX,493
gene_12882,PAGE5,chrX,834
gene_12883,PAH,chr12,3328
gene_12884,PAICS,chr4,3910
gene_12885,PAIP1,chr5,3150
gene_12886,PAIP2B,chr2,6300
gene_12887,PAIP2,chr5,2620
gene_12888,PAK1IP1,chr6,1495
gene_12889,PAK1,chr11,4796
gene_12890,PAK2,chr3,6139
gene_12891,PAK3,chrX,4172
gene_12892,PAK4,chr19,3326
gene_12893,PAK6,chr15,5441
gene_12894,PAK7,chr20,4926
gene_12895,PALB2,chr16,4058
gene_12896,PALLD,chr4,7721
gene_12897,PALM2-AKAP2,chr9,8419
gene_12898,PALM2,chr9,9604
gene_12899,PALM3,chr19,2260
gene_12900,PALMD,chr1,2578
gene_12901,PALM,chr19,3829
gene_12902,PAMR1,chr11,3294
gene_12903,PAM,chr5,5646
gene_12904,PAN2,chr12,6442
gene_12905,PAN3,chr13,6083
gene_12906,PANK1,chr10,7265
gene_12907,PANK2,chr20,2841
gene_12908,PANK3,chr5,3387
gene_12909,PANK4,chr1,2924
gene_12910,PANX1,chr11,3933
gene_12911,PANX2,chr22,4380
gene_12912,PANX3,chr11,1599
gene_12913,PAOX,chr10,2186
gene_12914,PAPD4,chr5,4321
gene_12915,PAPD5,chr16,8813
gene_12916,PAPD7,chr5,6596
gene_12917,PAPLN,chr14,6859
gene_12918,PAPL,chr19,2961
gene_12919,PAPOLA,chr14,11831
gene_12920,PAPOLB,chr7,4257
gene_12921,PAPOLG,chr2,7530
gene_12922,PAPPA2,chr1,8161
gene_12923,PAPPA,chr9,10970
gene_12924,PAPSS1,chr4,2554
gene_12925,PAPSS2,chr10,3957
gene_12926,PAQR3,chr4,4926
gene_12927,PAQR4,chr16,3132
gene_12928,PAQR5,chr15,5578
gene_12929,PAQR6,chr1,3275
gene_12930,PAQR7,chr1,3023
gene_12931,PAQR8,chr6,4738
gene_12932,PAQR9,chr3,2105
gene_12933,PAR-SN,chr15,1797
gene_12934,PAR1,chr15,2412
gene_12935,PAR4,chr15,342
gene_12936,PAR5,chr15,3373
gene_12937,PARD3B,chr2,8590
gene_12938,PARD3,chr10,6631
gene_12939,PARD6A,chr16,2146
gene_12940,PARD6B,chr20,4615
gene_12941,PARD6G,chr18,3863
gene_12942,PARG,chr10,5269
gene_12943,PARK2,chr6,4725
gene_12944,PARK7,chr1,1043
gene_12945,PARL,chr3,1412
gene_12946,PARM1,chr4,5054
gene_12947,PARN,chr16,3257
gene_12948,PARP10,chr8,4430
gene_12949,PARP11,chr12,4854
gene_12950,PARP12,chr7,3791
gene_12951,PARP14,chr3,13813
gene_12952,PARP15,chr3,3148
gene_12953,PARP16,chr15,3978
gene_12954,PARP1,chr1,3985
gene_12955,PARP2,chr14,2895
gene_12956,PARP3,chr3,2545
gene_12957,PARP4,chr13,5887
gene_12958,PARP6,chr15,2972
gene_12959,PARP8,chr5,7450
gene_12960,PARP9,chr3,8257
gene_12961,PARS2,chr1,2386
gene_12962,PART1,chr5,9499
gene_12963,PARVA,chr11,12301
gene_12964,PARVB,chr22,2172
gene_12965,PARVG,chr22,5184
gene_12966,PASD1,chrX,3250
gene_12967,PASK,chr2,8441
gene_12968,PATE1,chr11,1508
gene_12969,PATE2,chr11,1637
gene_12970,PATE3,chr11,1336
gene_12971,PATE4,chr11,2885
gene_12972,PATL1,chr11,4912
gene_12973,PATL2,chr15,4395
gene_12974,PATZ1,chr22,4890
gene_12975,PAWR,chr12,1951
gene_12976,PAX1,chr20,10203
gene_12977,PAX2,chr10,7914
gene_12978,PAX3,chr2,6147
gene_12979,PAX4,chr7,3370
gene_12980,PAX5,chr9,3750
gene_12981,PAX6,chr11,11791
gene_12982,PAX7,chr1,6689
gene_12983,PAX8,chr2,4814
gene_12984,PAX9,chr14,3348
gene_12985,PAXIP1,chr7,5006
gene_12986,PBK,chr8,2410
gene_12987,PBLD,chr10,5304
gene_12988,PBOV1,chr6,2501
gene_12989,PBRM1,chr3,10629
gene_12990,PBX1,chr1,9982
gene_12991,PBX2,chr6,3636
gene_12992,PBX3,chr9,3267
gene_12993,PBX4,chr19,2078
gene_12994,PBXIP1,chr1,3870
gene_12995,PCA3,chr9,3948
gene_12996,PCBD1,chr10,1006
gene_12997,PCBD2,chr5,2378
gene_12998,PCBP1,chr2,1750
gene_12999,PCBP2,chr12,5517
gene_13000,PCBP3,chr21,4279
gene_13001,PCBP4,chr3,4479
gene_13002,PCCA,chr13,2564
gene_13003,PCCB,chr3,7000
gene_13004,PCDH10,chr4,9301
gene_13005,PCDH11X,chrX,14706
gene_13006,PCDH11Y,chrY,11495
gene_13007,PCDH12,chr5,5182
gene_13008,PCDH15,chr10,14937
gene_13009,PCDH17,chr13,8360
gene_13010,PCDH18,chr4,8502
gene_13011,PCDH19,chrX,9926
gene_13012,PCDH1,chr5,7614
gene_13013,PCDH20,chr13,7112
gene_13014,PCDH7,chr4,14313
gene_13015,PCDH8,chr13,6547
gene_13016,PCDH9,chr13,10456
gene_13017,PCDHA10,chr5,9388
gene_13018,PCDHA11,chr5,9406
gene_13019,PCDHA12,chr5,7866
gene_13020,PCDHA13,chr5,9968
gene_13021,PCDHA1,chr5,9432
gene_13022,PCDHA2,chr5,8539
gene_13023,PCDHA3,chr5,7735
gene_13024,PCDHA4,chr5,10131
gene_13025,PCDHA5,chr5,9950
gene_13026,PCDHA6,chr5,9355
gene_13027,PCDHA7,chr5,7591
gene_13028,PCDHA8,chr5,7705
gene_13029,PCDHA9,chr5,12372
gene_13030,PCDHAC1,chr5,8559
gene_13031,PCDHAC2,chr5,8691
gene_13032,PCDHB10,chr5,3262
gene_13033,PCDHB11,chr5,3271
gene_13034,PCDHB12,chr5,3408
gene_13035,PCDHB13,chr5,3485
gene_13036,PCDHB14,chr5,2783
gene_13037,PCDHB15,chr5,2655
gene_13038,PCDHB16,chr5,4817
gene_13039,PCDHB17,chr5,2411
gene_13040,PCDHB18,chr5,3164
gene_13041,PCDHB19P,chr5,4624
gene_13042,PCDHB1,chr5,2534
gene_13043,PCDHB2,chr5,2728
gene_13044,PCDHB3,chr5,3173
gene_13045,PCDHB4,chr5,3621
gene_13046,PCDHB5,chr5,2905
gene_13047,PCDHB6,chr5,3030
gene_13048,PCDHB7,chr5,3715
gene_13049,PCDHB8,chr5,2711
gene_13050,PCDHB9,,
gene_13051,PCDHGA10,chr5,7172
gene_13052,PCDHGA11,chr5,10127
gene_13053,PCDHGA12,chr5,7408
gene_13054,PCDHGA1,chr5,7076
gene_13055,PCDHGA2,chr5,7449
gene_13056,PCDHGA3,chr5,7097
gene_13057,PCDHGA4,chr5,7133
gene_13058,PCDHGA5,chr5,7046
gene_13059,PCDHGA6,chr5,7064
gene_13060,PCDHGA7,chr5,7328
gene_13061,PCDHGA8,chr5,13024
gene_13062,PCDHGA9,chr5,7094
gene_13063,PCDHGB1,chr5,7025
gene_13064,PCDHGB2,chr5,7040
gene_13065,PCDHGB3,chr5,7043
gene_13066,PCDHGB4,chr5,4580
gene_13067,PCDHGB5,chr5,7037
gene_13068,PCDHGB6,chr5,7064
gene_13069,PCDHGB7,chr5,7548
gene_13070,PCDHGB8P,chr5,1973
gene_13071,PCDHGC3,chr5,7667
gene_13072,PCDHGC4,chr5,7241
gene_13073,PCDHGC5,chr5,7280
gene_13074,PCDP1,chr2,3305
gene_13075,PCF11,chr11,6396
gene_13076,PCGEM1,chr2,1590
gene_13077,PCGF1,chr2,1237
gene_13078,PCGF2,chr17,2607
gene_13079,PCGF3,chr4,8632
gene_13080,PCGF5,chr10,8075
gene_13081,PCGF6,chr10,2432
gene_13082,PCID2,chr13,4405
gene_13083,PCIF1,chr20,3458
gene_13084,PCK1,chr20,2685
gene_13085,PCK2,chr14,4623
gene_13086,PCLO,chr7,25170
gene_13087,PCM1,chr8,9757
gene_13088,PCMT1,chr6,2236
gene_13089,PCMTD1,chr8,4764
gene_13090,PCMTD2,chr20,3955
gene_13091,PCNAP1,chr4,1054
gene_13092,PCNA,chr20,2600
gene_13093,PCNP,chr3,2402
gene_13094,PCNT,chr21,11592
gene_13095,PCNXL2,chr1,12178
gene_13096,PCNXL3,chr11,7792
gene_13097,PCNX,chr14,14792
gene_13098,PCOLCE2,chr3,2030
gene_13099,PCOLCE,chr7,2098
gene_13100,PCOTH,chr13,971
gene_13101,PCP2,chr19,836
gene_13102,PCP4L1,chr1,1424
gene_13103,PCP4,chr21,556
gene_13104,PCSK1N,chrX,1051
gene_13105,PCSK1,chr5,5308
gene_13106,PCSK2,chr20,5204
gene_13107,PCSK4,chr19,4033
gene_13108,PCSK5,chr9,10392
gene_13109,PCSK6,chr15,7461
gene_13110,PCSK7,chr11,3484
gene_13111,PCSK9,chr1,4276
gene_13112,PCTP,chr17,2766
gene_13113,PCYOX1L,chr5,5450
gene_13114,PCYOX1,chr2,5756
gene_13115,PCYT1A,chr3,1583
gene_13116,PCYT1B,chrX,9936
gene_13117,PCYT2,chr17,4172
gene_13118,PC,chr11,4241
gene_13119,PDAP1,chr7,2687
gene_13120,PDCD10,chr3,1569
gene_13121,PDCD11,chr10,6416
gene_13122,PDCD1LG2,chr9,2602
gene_13123,PDCD1,chr2,2236
gene_13124,PDCD2L,chr19,1157
gene_13125,PDCD2,chr6,5645
gene_13126,PDCD4,chr10,3959
gene_13127,PDCD5,chr19,1332
gene_13128,PDCD6IP,chr3,7196
gene_13129,PDCD6,chr5,2990
gene_13130,PDCD7,chr15,2851
gene_13131,PDCL2,chr4,861
gene_13132,PDCL3,chr2,1075
gene_13133,PDCL,chr9,3085
gene_13134,PDC,chr1,1325
gene_13135,PDDC1,chr11,10263
gene_13136,PDE10A,chr6,8582
gene_13137,PDE11A,chr2,11404
gene_13138,PDE12,chr3,5621
gene_13139,PDE1A,chr2,6738
gene_13140,PDE1B,chr12,4052
gene_13141,PDE1C,chr7,4649
gene_13142,PDE2A,chr11,4769
gene_13143,PDE3A,chr12,7610
gene_13144,PDE3B,chr11,10913
gene_13145,PDE4A,chr19,6616
gene_13146,PDE4B,chr1,5834
gene_13147,PDE4C,chr19,8893
gene_13148,PDE4DIP,chr1,19489
gene_13149,PDE4D,chr5,14748
gene_13150,PDE5A,chr4,7217
gene_13151,PDE6A,chr5,5642
gene_13152,PDE6B,chr4,5201
gene_13153,PDE6C,chr10,2969
gene_13154,PDE6D,chr2,1896
gene_13155,PDE6G,chr17,1023
gene_13156,PDE6H,chr12,747
gene_13157,PDE7A,chr8,8649
gene_13158,PDE7B,chr6,5880
gene_13159,PDE8A,chr15,7046
gene_13160,PDE8B,chr5,4404
gene_13161,PDE9A,chr21,2919
gene_13162,PDF,chr16,1158
gene_13163,PDGFA,chr7,4389
gene_13164,PDGFB,chr22,3432
gene_13165,PDGFC,chr4,3346
gene_13166,PDGFD,chr11,4180
gene_13167,PDGFRA,chr4,10820
gene_13168,PDGFRB,chr5,6186
gene_13169,PDGFRL,chr8,1905
gene_13170,PDHA1,chrX,4188
gene_13171,PDHA2,chr4,1387
gene_13172,PDHB,chr3,1968
gene_13173,PDHX,chr11,3345
gene_13174,PDIA2,chr16,3188
gene_13175,PDIA3P,chr1,2099
gene_13176,PDIA3,chr15,3295
gene_13177,PDIA4,chr7,2952
gene_13178,PDIA5,chr3,2004
gene_13179,PDIA6,chr2,3473
gene_13180,PDIK1L,chr1,4600
gene_13181,PDILT,chr16,2127
gene_13182,PDK1,chr2,5489
gene_13183,PDK2,chr17,3577
gene_13184,PDK3,chrX,13276
gene_13185,PDK4,chr7,3950
gene_13186,PDLIM1,chr10,1580
gene_13187,PDLIM2,chr8,6139
gene_13188,PDLIM3,chr4,5267
gene_13189,PDLIM4,chr5,2901
gene_13190,PDLIM5,chr4,13082
gene_13191,PDLIM7,chr5,3297
gene_13192,PDP1,chr8,4718
gene_13193,PDP2,chr16,7030
gene_13194,PDPK1,chr16,10320
gene_13195,PDPN,chr1,3319
gene_13196,PDPR,chr16,8264
gene_13197,PDRG1,chr20,1373
gene_13198,PDS5A,chr4,7734
gene_13199,PDS5B,chr13,11437
gene_13200,PDSS1,chr10,1921
gene_13201,PDSS2,chr6,5058
gene_13202,PDX1,chr13,2573
gene_13203,PDXDC1,chr16,5931
gene_13204,PDXDC2,chr16,6007
gene_13205,PDXK,chr21,9909
gene_13206,PDXP,chr22,2005
gene_13207,PDYN,chr20,3216
gene_13208,PDZD11,chrX,1585
gene_13209,PDZD2,chr5,14340
gene_13210,PDZD3,chr11,4300
gene_13211,PDZD4,chrX,4406
gene_13212,PDZD7,chr10,5143
gene_13213,PDZD8,chr10,3837
gene_13214,PDZD9,chr16,1331
gene_13215,PDZK1IP1,chr1,894
gene_13216,PDZK1P1,chr1,7221
gene_13217,PDZK1,chr1,2300
gene_13218,PDZRN3,chr3,5030
gene_13219,PDZRN4,chr12,4633
gene_13220,PEA15,chr1,2776
gene_13221,PEAR1,chr1,5474
gene_13222,PEBP1,chr12,2183
gene_13223,PEBP4,chr8,894
gene_13224,PECAM1,chr17,4453
gene_13225,PECI,chr6,1997
gene_13226,PECR,chr2,2204
gene_13227,PEF1,chr1,2875
gene_13228,PEG10,chr7,13198
gene_13229,PEG3AS,chr19,1314
gene_13230,PEG3,chr19,9853
gene_13231,PELI1,chr2,9695
gene_13232,PELI2,chr14,5696
gene_13233,PELI3,chr11,3778
gene_13234,PELO,chr5,2921
gene_13235,PELP1,chr17,4980
gene_13236,PEMT,chr17,1371
gene_13237,PENK,chr8,2267
gene_13238,PEPD,chr19,2974
gene_13239,PER1,chr17,6655
gene_13240,PER2,chr2,7381
gene_13241,PER3,chr1,7409
gene_13242,PER4,chr7,1548
gene_13243,PERP,chr6,4302
gene_13244,PES1,chr22,3044
gene_13245,PET112L,chr4,6229
gene_13246,PEX10,chr1,2250
gene_13247,PEX11A,chr15,5067
gene_13248,PEX11B,chr1,2858
gene_13249,PEX11G,chr19,1523
gene_13250,PEX12,chr17,2683
gene_13251,PEX13,chr2,7949
gene_13252,PEX14,chr1,4201
gene_13253,PEX16,chr11,2417
gene_13254,PEX19,chr1,6443
gene_13255,PEX1,chr7,4501
gene_13256,PEX26,chr22,4696
gene_13257,PEX2,chr8,4684
gene_13258,PEX3,chr6,3096
gene_13259,PEX5L,chr3,9475
gene_13260,PEX5,chr12,5189
gene_13261,PEX6,chr6,3652
gene_13262,PEX7,chr6,1590
gene_13263,PF4V1,chr4,741
gene_13264,PF4,chr4,856
gene_13265,PFAS,chr17,7726
gene_13266,PFDN1,chr5,1324
gene_13267,PFDN2,chr1,642
gene_13268,PFDN4,chr20,1346
gene_13269,PFDN5,chr12,2182
gene_13270,PFDN6,chr6,1054
gene_13271,PFKFB1,chrX,1913
gene_13272,PFKFB2,chr1,9834
gene_13273,PFKFB3,chr10,5304
gene_13274,PFKFB4,chr3,4005
gene_13275,PFKL,chr21,6953
gene_13276,PFKM,chr12,4722
gene_13277,PFKP,chr10,5557
gene_13278,PFN1,chr17,1365
gene_13279,PFN2,chr3,3987
gene_13280,PFN3,chr5,530
gene_13281,PFN4,chr2,775
gene_13282,PGA3,chr11,1396
gene_13283,PGA4,chr11,1395
gene_13284,PGA5,chr11,1398
gene_13285,PGAM1,chr10,1972
gene_13286,PGAM2,chr7,857
gene_13287,PGAM4,chrX,1678
gene_13288,PGAM5,chr12,3897
gene_13289,PGAP1,chr2,12438
gene_13290,PGAP2,chr11,3420
gene_13291,PGAP3,chr17,2687
gene_13292,PGBD1,chr6,3569
gene_13293,PGBD2,chr1,4698
gene_13294,PGBD3,,
gene_13295,PGBD4,chr15,2318
gene_13296,PGBD5,chr1,3354
gene_13297,PGCP,chr8,2305
gene_13298,PGC,chr6,1813
gene_13299,PGD,chr1,1937
gene_13300,PGF,chr14,2366
gene_13301,PGGT1B,chr5,2727
gene_13302,PGK1,chrX,2733
gene_13303,PGK2,chr6,1690
gene_13304,PGLS,chr19,1034
gene_13305,PGLYRP1,chr19,952
gene_13306,PGLYRP2,chr19,2524
gene_13307,PGLYRP3,chr1,1173
gene_13308,PGLYRP4,chr1,2035
gene_13309,PGM1,chr1,3353
gene_13310,PGM2L1,chr11,8501
gene_13311,PGM2,chr4,3756
gene_13312,PGM3,chr6,6954
gene_13313,PGM5P2,chr9,1972
gene_13314,PGM5,chr9,3338
gene_13315,PGPEP1L,chr15,1799
gene_13316,PGPEP1,chr19,7862
gene_13317,PGP,chr16,3136
gene_13318,PGRMC1,chrX,1916
gene_13319,PGRMC2,chr4,3790
gene_13320,PGR,chr11,14995
gene_13321,PGS1,chr17,5335
gene_13322,PHACTR1,chr6,7835
gene_13323,PHACTR2,chr6,9776
gene_13324,PHACTR3,chr20,3927
gene_13325,PHACTR4,chr1,8421
gene_13326,PHAX,chr5,3641
gene_13327,PHB2,chr12,1857
gene_13328,PHB,chr17,1826
gene_13329,PHC1,chr12,6183
gene_13330,PHC2,chr1,5340
gene_13331,PHC3,chr3,17929
gene_13332,PHEX,chrX,3346
gene_13333,PHF10,chr6,5107
gene_13334,PHF11,chr13,3024
gene_13335,PHF12,chr17,9975
gene_13336,PHF13,chr1,3670
gene_13337,PHF14,chr7,10361
gene_13338,PHF15,chr5,12570
gene_13339,PHF16,chrX,4972
gene_13340,PHF17,chr4,9218
gene_13341,PHF19,chr9,4732
gene_13342,PHF1,chr6,2951
gene_13343,PHF20L1,chr8,9511
gene_13344,PHF20,chr20,6839
gene_13345,PHF21A,chr11,15511
gene_13346,PHF21B,chr22,4217
gene_13347,PHF23,chr17,2674
gene_13348,PHF2,chr9,6172
gene_13349,PHF3,chr6,10184
gene_13350,PHF5A,chr22,1065
gene_13351,PHF6,chrX,11611
gene_13352,PHF7,chr3,2276
gene_13353,PHF8,chrX,8740
gene_13354,PHGDH,chr1,4483
gene_13355,PHGR1,chr15,684
gene_13356,PHIP,chr6,12343
gene_13357,PHKA1,chrX,8272
gene_13358,PHKA2,chrX,5325
gene_13359,PHKB,chr16,6550
gene_13360,PHKG1,chr7,2508
gene_13361,PHKG2,chr16,7525
gene_13362,PHLDA1,chr12,5913
gene_13363,PHLDA2,chr11,920
gene_13364,PHLDA3,chr1,2456
gene_13365,PHLDB1,chr11,9177
gene_13366,PHLDB2,chr3,14633
gene_13367,PHLDB3,chr19,4052
gene_13368,PHLPP1,chr18,6411
gene_13369,PHLPP2,chr16,11553
gene_13370,PHOSPHO1,chr17,3808
gene_13371,PHOSPHO2,chr2,1701
gene_13372,PHOX2A,chr11,1699
gene_13373,PHOX2B,chr4,3030
gene_13374,PHPT1,chr9,1251
gene_13375,PHRF1,chr11,6601
gene_13376,PHTF1,chr1,6561
gene_13377,PHTF2,chr7,8030
gene_13378,PHYHD1,chr9,2611
gene_13379,PHYHIPL,chr10,3823
gene_13380,PHYHIP,chr8,3337
gene_13381,PHYH,chr10,1937
gene_13382,PI15,chr8,7469
gene_13383,PI16,chr6,3692
gene_13384,PI3,chr20,554
gene_13385,PI4K2A,chr10,4889
gene_13386,PI4K2B,chr4,3683
gene_13387,PI4KAP1,chr22,6326
gene_13388,PI4KAP2,chr22,6213
gene_13389,PI4KA,chr22,7231
gene_13390,PI4KB,chr1,4354
gene_13391,PIAS1,chr15,2430
gene_13392,PIAS2,chr18,7910
gene_13393,PIAS3,chr1,4344
gene_13394,PIAS4,chr19,1737
gene_13395,PIBF1,chr13,4183
gene_13396,PICALM,chr11,4583
gene_13397,PICK1,chr22,2729
gene_13398,PID1,chr2,2989
gene_13399,PIF1,chr15,4094
gene_13400,PIGA,chrX,4148
gene_13401,PIGB,chr15,2197
gene_13402,PIGC,chr1,4439
gene_13403,PIGF,chr2,1133
gene_13404,PIGG,chr4,6177
gene_13405,PIGH,chr14,2137
gene_13406,PIGK,chr1,5711
gene_13407,PIGL,chr17,2096
gene_13408,PIGM,chr1,4322
gene_13409,PIGN,chr18,4930
gene_13410,PIGO,chr9,15585
gene_13411,PIGP,chr21,1340
gene_13412,PIGQ,chr16,5286
gene_13413,PIGR,chr1,4443
gene_13414,PIGS,chr17,4425
gene_13415,PIGT,chr20,4495
gene_13416,PIGU,chr20,2080
gene_13417,PIGV,chr1,3769
gene_13418,PIGW,chr17,2290
gene_13419,PIGX,chr3,3664
gene_13420,PIGY,,
gene_13421,PIGZ,chr3,2701
gene_13422,PIH1D1,chr19,2166
gene_13423,PIH1D2,chr11,2420
gene_13424,PIK3AP1,chr10,5246
gene_13425,PIK3C2A,chr11,9384
gene_13426,PIK3C2B,chr1,8706
gene_13427,PIK3C2G,chr12,5123
gene_13428,PIK3C3,chr18,8181
gene_13429,PIK3CA,chr3,3709
gene_13430,PIK3CB,chr3,6477
gene_13431,PIK3CD,chr1,6418
gene_13432,PIK3CG,chr7,5583
gene_13433,PIK3IP1,chr22,3623
gene_13434,PIK3R1,chr5,10064
gene_13435,PIK3R2,chr19,6761
gene_13436,PIK3R3,chr1,6606
gene_13437,PIK3R4,chr3,5039
gene_13438,PIK3R5,chr17,5333
gene_13439,PIK3R6,chr17,3852
gene_13440,PIKFYVE,chr2,10636
gene_13441,PILRA,chr7,2286
gene_13442,PILRB,chr7,4566
gene_13443,PIM1,chr6,3047
gene_13444,PIM2,chrX,2187
gene_13445,PIM3,chr22,2598
gene_13446,PIN1L,chr1,996
gene_13447,PIN1,chr19,2999
gene_13448,PIN4,chrX,2582
gene_13449,PINK1,chr1,2876
gene_13450,PINX1,chr8,1047
gene_13451,PION,chr7,5559
gene_13452,PIP4K2A,chr10,3875
gene_13453,PIP4K2B,chr17,5865
gene_13454,PIP4K2C,chr12,4974
gene_13455,PIP5K1A,chr1,3839
gene_13456,PIP5K1B,chr9,3646
gene_13457,PIP5K1C,chr19,6095
gene_13458,PIP5K1P1,chr6,4243
gene_13459,PIP5KL1,chr9,1743
gene_13460,PIPOX,chr17,2412
gene_13461,PIPSL,chr10,3776
gene_13462,PIP,chr7,576
gene_13463,PIRT,chr17,3466
gene_13464,PIR,chrX,1959
gene_13465,PISD,chr22,3195
gene_13466,PISRT1,chr3,531
gene_13467,PITPNA,chr17,3687
gene_13468,PITPNB,chr22,3154
gene_13469,PITPNC1,chr17,6367
gene_13470,PITPNM1,chr11,6425
gene_13471,PITPNM2,chr12,7280
gene_13472,PITPNM3,chr17,7353
gene_13473,PITRM1,chr10,6346
gene_13474,PITX1,chr5,2383
gene_13475,PITX2,chr4,5414
gene_13476,PITX3,chr10,1388
gene_13477,PIWIL1,chr12,3796
gene_13478,PIWIL2,chr8,4513
gene_13479,PIWIL3,chr22,4123
gene_13480,PIWIL4,chr11,4077
gene_13481,PJA1,chrX,9759
gene_13482,PJA2,chr5,4869
gene_13483,PKD1L1,chr7,9532
gene_13484,PKD1L2,chr16,12126
gene_13485,PKD1L3,chr16,5193
gene_13486,PKD1,chr16,14346
gene_13487,PKD2L1,chr10,3187
gene_13488,PKD2L2,chr5,3555
gene_13489,PKD2,chr4,5585
gene_13490,PKDCC,chr2,2501
gene_13491,PKDREJ,chr22,7660
gene_13492,PKHD1L1,chr8,14017
gene_13493,PKHD1,chr6,17845
gene_13494,PKIA,chr8,4254
gene_13495,PKIB,chr6,2604
gene_13496,PKIG,chr20,1433
gene_13497,PKLR,chr1,3276
gene_13498,PKM2,chr15,4439
gene_13499,PKMYT1,chr16,3488
gene_13500,PKN1,chr19,3136
gene_13501,PKN2,chr1,6365
gene_13502,PKN3,chr9,3670
gene_13503,PKNOX1,chr21,6374
gene_13504,PKNOX2,chr11,4133
gene_13505,PKP1,chr1,5604
gene_13506,PKP2,chr12,4604
gene_13507,PKP3,chr11,3115
gene_13508,PKP4,chr2,8717
gene_13509,PL-5283,chr7,4467
gene_13510,PLA1A,chr3,2023
gene_13511,PLA2G10,chr16,997
gene_13512,PLA2G12A,chr4,5306
gene_13513,PLA2G12B,chr10,1255
gene_13514,PLA2G15,chr16,4033
gene_13515,PLA2G16,chr11,1592
gene_13516,PLA2G1B,chr12,565
gene_13517,PLA2G2A,chr1,1258
gene_13518,PLA2G2C,chr1,453
gene_13519,PLA2G2D,chr1,1970
gene_13520,PLA2G2E,chr1,487
gene_13521,PLA2G2F,chr1,2719
gene_13522,PLA2G3,chr22,2575
gene_13523,PLA2G4A,chr1,2928
gene_13524,PLA2G4C,chr19,3387
gene_13525,PLA2G4D,chr15,3584
gene_13526,PLA2G4E,chr15,5271
gene_13527,PLA2G4F,chr15,4517
gene_13528,PLA2G5,chr1,2840
gene_13529,PLA2G6,chr22,4943
gene_13530,PLA2G7,chr6,2978
gene_13531,PLA2R1,chr2,6847
gene_13532,PLAA,chr9,5150
gene_13533,PLAC1L,chr11,1632
gene_13534,PLAC1,chrX,1126
gene_13535,PLAC2,chr19,3693
gene_13536,PLAC4,chr21,10009
gene_13537,PLAC8L1,chr5,925
gene_13538,PLAC8,chr4,2163
gene_13539,PLAC9,chr10,673
gene_13540,PLAG1,chr8,7672
gene_13541,PLAGL1,chr6,7008
gene_13542,PLAGL2,chr20,5656
gene_13543,PLAT,chr8,3173
gene_13544,PLAUR,chr19,2007
gene_13545,PLAU,chr10,3586
gene_13546,PLB1,chr2,8079
gene_13547,PLBD1,chr12,1932
gene_13548,PLBD2,chr12,2832
gene_13549,PLCB1,chr20,8585
gene_13550,PLCB2,chr15,6081
gene_13551,PLCB3,chr11,6677
gene_13552,PLCB4,chr20,6020
gene_13553,PLCD1,chr3,3123
gene_13554,PLCD3,chr17,3457
gene_13555,PLCD4,chr2,5507
gene_13556,PLCE1,chr10,9111
gene_13557,PLCG1,chr20,6266
gene_13558,PLCG2,chr16,5122
gene_13559,PLCH1,chr3,6536
gene_13560,PLCH2,chr1,12498
gene_13561,PLCL1,chr2,6665
gene_13562,PLCL2,chr3,5383
gene_13563,PLCXD1,chrX,13274
gene_13564,PLCXD2,chr3,2148
gene_13565,PLCXD3,chr5,7739
gene_13566,PLCZ1,chr12,3160
gene_13567,PLD1,chr3,7754
gene_13568,PLD2,chr17,4179
gene_13569,PLD3,chr19,4027
gene_13570,PLD4,chr14,2062
gene_13571,PLD5,chr1,3578
gene_13572,PLD6,chr17,3823
gene_13573,PLDN,chr15,4405
gene_13574,PLEC,chr8,16441
gene_13575,PLEK2,chr14,1460
gene_13576,PLEKHA1,chr10,4215
gene_13577,PLEKHA2,chr8,10132
gene_13578,PLEKHA3,chr2,2469
gene_13579,PLEKHA4,chr19,3083
gene_13580,PLEKHA5,chr12,9790
gene_13581,PLEKHA6,chr1,7988
gene_13582,PLEKHA7,chr11,6368
gene_13583,PLEKHA8,chr7,8804
gene_13584,PLEKHA9,chr12,1869
gene_13585,PLEKHB1,chr11,3593
gene_13586,PLEKHB2,chr2,6102
gene_13587,PLEKHF1,chr19,2076
gene_13588,PLEKHF2,chr8,2965
gene_13589,PLEKHG1,chr6,7672
gene_13590,PLEKHG2,chr19,9241
gene_13591,PLEKHG3,chr14,5979
gene_13592,PLEKHG4B,chr5,11515
gene_13593,PLEKHG4,chr16,12253
gene_13594,PLEKHG5,chr1,8113
gene_13595,PLEKHG6,chr12,3920
gene_13596,PLEKHG7,chr12,3267
gene_13597,PLEKHH1,chr14,13460
gene_13598,PLEKHH2,chr2,9448
gene_13599,PLEKHH3,chr17,6401
gene_13600,PLEKHJ1,chr19,2126
gene_13601,PLEKHM1P,chr17,4942
gene_13602,PLEKHM1,chr17,7837
gene_13603,PLEKHM2,chr1,4122
gene_13604,PLEKHM3,chr2,11118
gene_13605,PLEKHN1,chr1,2853
gene_13606,PLEKHO1,chr1,3139
gene_13607,PLEKHO2,chr15,3721
gene_13608,PLEK,chr2,2918
gene_13609,PLGLA,chr2,841
gene_13610,PLGLB2,chr2,6029
gene_13611,PLG,chr6,4333
gene_13612,PLIN1,chr15,3060
gene_13613,PLIN2,chr9,2502
gene_13614,PLIN3,chr19,3790
gene_13615,PLIN4,chr19,7273
gene_13616,PLIN5,chr19,3924
gene_13617,PLK1S1,chr20,2235
gene_13618,PLK1,chr16,2169
gene_13619,PLK2,chr5,4064
gene_13620,PLK3,chr1,2358
gene_13621,PLK4,chr4,3995
gene_13622,PLK5P,chr19,2393
gene_13623,PLLP,chr16,1497
gene_13624,PLN,chr6,1714
gene_13625,PLOD1,chr1,3172
gene_13626,PLOD2,chr3,7216
gene_13627,PLOD3,chr7,2977
gene_13628,PLP1,chrX,4599
gene_13629,PLP2,chrX,1048
gene_13630,PLRG1,chr4,3385
gene_13631,PLS1,chr3,4128
gene_13632,PLS3,chrX,4552
gene_13633,PLSCR1,chr3,3192
gene_13634,PLSCR2,chr3,1808
gene_13635,PLSCR3,chr17,2852
gene_13636,PLSCR4,chr3,3739
gene_13637,PLSCR5,chr3,2227
gene_13638,PLTP,chr20,3083
gene_13639,PLUNC,chr20,1413
gene_13640,PLVAP,chr19,2276
gene_13641,PLXDC1,chr17,7318
gene_13642,PLXDC2,chr10,2594
gene_13643,PLXNA1,chr3,10768
gene_13644,PLXNA2,chr1,14296
gene_13645,PLXNA3,chrX,6746
gene_13646,PLXNA4,chr7,15632
gene_13647,PLXNB1,chr3,8454
gene_13648,PLXNB2,chr22,7097
gene_13649,PLXNB3,chrX,8575
gene_13650,PLXNC1,chr12,7950
gene_13651,PLXND1,chr3,7414
gene_13652,PM20D1,chr1,2183
gene_13653,PM20D2,chr6,4712
gene_13654,PMAIP1,chr18,2087
gene_13655,PMCHL1,chr5,2667
gene_13656,PMCHL2,chr5,2425
gene_13657,PMCH,chr12,757
gene_13658,PMEPA1,chr20,5665
gene_13659,PMF1,chr1,1887
gene_13660,PMFBP1,chr16,5648
gene_13661,PML,chr15,16816
gene_13662,PMM1,chr22,1283
gene_13663,PMM2,chr16,3042
gene_13664,PMP22,chr17,2100
gene_13665,PMP2,chr8,3566
gene_13666,PMPCA,chr9,7754
gene_13667,PMPCB,chr7,5739
gene_13668,PMS1,chr2,4730
gene_13669,PMS2CL,chr7,3816
gene_13670,PMS2L11,chr7,2171
gene_13671,PMS2L1,chr7,2447
gene_13672,PMS2L2,chr7,7223
gene_13673,PMS2L3,chr7,1636
gene_13674,PMS2L4,chr7,1810
gene_13675,PMS2L5,chr7,2158
gene_13676,PMS2,chr7,3665
gene_13677,PMVK,chr1,1299
gene_13678,PNCK,chrX,4794
gene_13679,PNKD,chr2,3745
gene_13680,PNKP,chr19,2679
gene_13681,PNLDC1,chr6,1999
gene_13682,PNLIPRP1,chr10,2807
gene_13683,PNLIPRP2,chr10,2390
gene_13684,PNLIPRP3,chr10,2308
gene_13685,PNLIP,chr10,1498
gene_13686,PNMA1,chr14,2643
gene_13687,PNMA2,chr8,4846
gene_13688,PNMA3,chrX,3751
gene_13689,PNMA5,chrX,3957
gene_13690,PNMA6A,,
gene_13691,PNMAL1,chr19,4873
gene_13692,PNMAL2,chr19,4722
gene_13693,PNMT,chr17,1048
gene_13694,PNN,chr14,3606
gene_13695,PNO1,chr2,1981
gene_13696,PNOC,chr8,2506
gene_13697,PNPLA1,chr6,2809
gene_13698,PNPLA2,chr11,2864
gene_13699,PNPLA3,chr22,3246
gene_13700,PNPLA4,chrX,2901
gene_13701,PNPLA5,chr22,3302
gene_13702,PNPLA6,chr19,5642
gene_13703,PNPLA7,chr9,8088
gene_13704,PNPLA8,chr7,5985
gene_13705,PNPO,chr17,3465
gene_13706,PNPT1,chr2,4613
gene_13707,PNP,chr14,4194
gene_13708,PNRC1,chr6,3336
gene_13709,PNRC2,chr1,2414
gene_13710,POC1A,chr3,2352
gene_13711,POC1B,chr12,3707
gene_13712,POC5,chr5,2287
gene_13713,PODNL1,chr19,3886
gene_13714,PODN,chr1,3417
gene_13715,PODXL2,chr3,2209
gene_13716,PODXL,chr7,5984
gene_13717,POF1B,chrX,4148
gene_13718,POFUT1,chr20,6135
gene_13719,POFUT2,chr21,8244
gene_13720,POGK,chr1,5626
gene_13721,POGZ,chr1,8831
gene_13722,POLA1,chrX,6351
gene_13723,POLA2,chr11,3987
gene_13724,POLB,chr8,1334
gene_13725,POLD1,chr19,3865
gene_13726,POLD2,chr7,2950
gene_13727,POLD3,chr11,4257
gene_13728,POLD4,chr11,2345
gene_13729,POLDIP2,chr17,3049
gene_13730,POLDIP3,chr22,3806
gene_13731,POLE2,chr14,2179
gene_13732,POLE3,chr9,2864
gene_13733,POLE4,chr2,696
gene_13734,POLE,chr12,10378
gene_13735,POLG2,chr17,1989
gene_13736,POLG,chr15,4559
gene_13737,POLH,chr6,10299
gene_13738,POLI,chr18,8491
gene_13739,POLK,chr5,7633
gene_13740,POLL,chr10,6375
gene_13741,POLM,chr7,5427
gene_13742,POLN,chr4,6061
gene_13743,POLQ,chr3,12338
gene_13744,POLR1A,chr2,7323
gene_13745,POLR1B,chr2,5913
gene_13746,POLR1C,chr6,1448
gene_13747,POLR1D,chr13,3220
gene_13748,POLR1E,chr9,2674
gene_13749,POLR2A,chr17,7216
gene_13750,POLR2B,chr4,4872
gene_13751,POLR2C,chr16,2543
gene_13752,POLR2D,chr2,2325
gene_13753,POLR2E,chr19,3014
gene_13754,POLR2F,chr22,5178
gene_13755,POLR2G,chr11,837
gene_13756,POLR2H,chr3,821
gene_13757,POLR2I,chr19,973
gene_13758,POLR2J2,chr7,2149
gene_13759,POLR2J3,chr7,2226
gene_13760,POLR2J4,chr7,7706
gene_13761,POLR2J,chr7,976
gene_13762,POLR2K,chr8,971
gene_13763,POLR2L,chr11,876
gene_13764,POLR3A,chr10,6635
gene_13765,POLR3B,chr12,4414
gene_13766,POLR3C,chr1,1913
gene_13767,POLR3D,chr8,2128
gene_13768,POLR3E,chr16,7212
gene_13769,POLR3F,chr20,2686
gene_13770,POLR3GL,chr1,1165
gene_13771,POLR3G,chr5,3435
gene_13772,POLR3H,chr22,6287
gene_13773,POLR3K,chr16,824
gene_13774,POLRMT,chr19,3800
gene_13775,POM121C,chr7,6560
gene_13776,POM121L10P,chr22,9547
gene_13777,POM121L12,chr7,1270
gene_13778,POM121L1P,chr22,3995
gene_13779,POM121L2,chr6,3170
gene_13780,POM121L4P,chr22,2167
gene_13781,POM121L8P,chr22,7712
gene_13782,POM121L9P,chr22,5224
gene_13783,POM121,chr7,9823
gene_13784,POMC,chr2,1477
gene_13785,POMGNT1,chr1,8358
gene_13786,POMP,chr13,1461
gene_13787,POMT1,chr9,4329
gene_13788,POMT2,chr14,6583
gene_13789,POMZP3,chr7,1656
gene_13790,PON1,chr7,1922
gene_13791,PON2,chr7,1967
gene_13792,PON3,chr7,1917
gene_13793,POP1,chr8,4809
gene_13794,POP4,chr19,2594
gene_13795,POP5,chr12,801
gene_13796,POP7,chr7,932
gene_13797,POPDC2,chr3,2946
gene_13798,POPDC3,chr6,2276
gene_13799,PORCN,chrX,3542
gene_13800,POR,chr7,3086
gene_13801,POSTN,chr13,3731
gene_13802,POT1,chr7,4749
gene_13803,POTEA,chr8,1976
gene_13804,POTEB,,
gene_13805,POTEC,chr18,2243
gene_13806,POTED,chr21,1826
gene_13807,POTEE,chr2,3585
gene_13808,POTEF,chr2,4337
gene_13809,POTEG,chr14,2231
gene_13810,POTEH,chr22,2914
gene_13811,POU1F1,chr3,1412
gene_13812,POU2AF1,chr11,3031
gene_13813,POU2F1,chr1,14903
gene_13814,POU2F2,chr19,7567
gene_13815,POU2F3,chr11,3473
gene_13816,POU3F1,chr1,2928
gene_13817,POU3F2,chr6,4087
gene_13818,POU3F3,chr2,1503
gene_13819,POU3F4,chrX,1507
gene_13820,POU4F1,chr13,3814
gene_13821,POU4F2,chr4,3141
gene_13822,POU4F3,chr5,1182
gene_13823,POU5F1B,chr8,1585
gene_13824,POU5F1,chr6,2618
gene_13825,POU5F2,chr5,1295
gene_13826,POU6F1,chr12,5792
gene_13827,POU6F2,chr7,3537
gene_13828,PP14571,chr2,2017
gene_13829,PPA1,chr10,1302
gene_13830,PPA2,chr4,2029
gene_13831,PPAN-P2RY11,chr19,3347
gene_13832,PPAN,chr19,1728
gene_13833,PPAP2A,chr5,1823
gene_13834,PPAP2B,chr1,3308
gene_13835,PPAP2C,chr19,1638
gene_13836,PPAPDC1A,chr10,2524
gene_13837,PPAPDC1B,chr8,3009
gene_13838,PPAPDC2,chr9,2979
gene_13839,PPAPDC3,chr9,2095
gene_13840,PPARA,chr22,11946
gene_13841,PPARD,chr6,5475
gene_13842,PPARGC1A,chr4,10091
gene_13843,PPARGC1B,chr5,12787
gene_13844,PPARG,chr3,3562
gene_13845,PPAT,chr4,3702
gene_13846,PPBPL2,chr4,1362
gene_13847,PPBP,chr4,1307
gene_13848,PPCDC,chr15,2219
gene_13849,PPCS,chr1,1616
gene_13850,PPDPF,chr20,777
gene_13851,PPEF1,chrX,3272
gene_13852,PPEF2,chr4,4650
gene_13853,PPFIA1,chr11,7438
gene_13854,PPFIA2,chr12,7328
gene_13855,PPFIA3,chr19,7124
gene_13856,PPFIA4,chr1,11585
gene_13857,PPFIBP1,chr12,8157
gene_13858,PPFIBP2,chr11,6210
gene_13859,PPHLN1,chr12,7308
gene_13860,PPIAL4B,chr1,2355
gene_13861,PPIAL4C,,
gene_13862,PPIAL4D,chr1,785
gene_13863,PPIAL4E,chr1,785
gene_13864,PPIAL4G,chr1,738
gene_13865,PPIA,chr7,2500
gene_13866,PPIB,chr15,1952
gene_13867,PPIC,chr5,2162
gene_13868,PPID,chr4,1834
gene_13869,PPIEL,chr1,4652
gene_13870,PPIE,chr1,9224
gene_13871,PPIF,chr10,2200
gene_13872,PPIG,chr2,3636
gene_13873,PPIH,chr1,1944
gene_13874,PPIL1,chr6,1736
gene_13875,PPIL2,chr22,6813
gene_13876,PPIL3,chr2,1485
gene_13877,PPIL4,chr6,4829
gene_13878,PPIL5,chr14,2073
gene_13879,PPIL6,chr6,4326
gene_13880,PPIP5K1,chr15,8206
gene_13881,PPIP5K2,chr5,6244
gene_13882,PPL,chr16,6238
gene_13883,PPM1A,chr14,11619
gene_13884,PPM1B,chr2,6770
gene_13885,PPM1D,chr17,4888
gene_13886,PPM1E,chr17,6545
gene_13887,PPM1F,chr22,6331
gene_13888,PPM1G,chr2,2302
gene_13889,PPM1H,chr12,6200
gene_13890,PPM1J,chr1,3407
gene_13891,PPM1K,chr4,8879
gene_13892,PPM1L,chr3,3655
gene_13893,PPM1M,chr3,4039
gene_13894,PPM1N,chr19,1830
gene_13895,PPME1,chr11,3103
gene_13896,PPOX,chr1,3596
gene_13897,PPP1CA,chr11,2030
gene_13898,PPP1CB,chr2,5788
gene_13899,PPP1CC,chr12,2969
gene_13900,PPP1R10,chr6,4675
gene_13901,PPP1R11,chr6,1889
gene_13902,PPP1R12A,chr12,9010
gene_13903,PPP1R12B,chr1,12194
gene_13904,PPP1R12C,chr19,3431
gene_13905,PPP1R13B,chr14,5687
gene_13906,PPP1R13L,chr19,5700
gene_13907,PPP1R14A,chr19,777
gene_13908,PPP1R14B,chr11,987
gene_13909,PPP1R14C,chr6,2211
gene_13910,PPP1R14D,chr15,873
gene_13911,PPP1R15A,chr19,2383
gene_13912,PPP1R15B,chr1,5275
gene_13913,PPP1R16A,chr8,2718
gene_13914,PPP1R16B,chr20,7496
gene_13915,PPP1R1A,chr12,1834
gene_13916,PPP1R1B,chr17,2178
gene_13917,PPP1R1C,chr2,3926
gene_13918,PPP1R2P1,,
gene_13919,PPP1R2P3,chr5,1991
gene_13920,PPP1R2P9,chrX,870
gene_13921,PPP1R2,chr3,4638
gene_13922,PPP1R3A,chr7,4296
gene_13923,PPP1R3B,chr8,5859
gene_13924,PPP1R3C,chr10,2573
gene_13925,PPP1R3D,chr20,3466
gene_13926,PPP1R3E,chr14,6598
gene_13927,PPP1R3F,chrX,4374
gene_13928,PPP1R3G,chr6,1736
gene_13929,PPP1R7,chr2,1526
gene_13930,PPP1R8,chr1,3814
gene_13931,PPP1R9A,chr7,10989
gene_13932,PPP1R9B,chr17,4028
gene_13933,PPP2CA,chr5,2643
gene_13934,PPP2CB,chr8,1970
gene_13935,PPP2R1A,chr19,3355
gene_13936,PPP2R1B,chr11,6095
gene_13937,PPP2R2A,chr8,4756
gene_13938,PPP2R2B,chr5,4226
gene_13939,PPP2R2C,chr4,6647
gene_13940,PPP2R2D,chr10,2274
gene_13941,PPP2R3A,chr3,7415
gene_13942,PPP2R3B,chrX,6988
gene_13943,PPP2R3C,chr14,3577
gene_13944,PPP2R4,chr9,5508
gene_13945,PPP2R5A,chr1,3415
gene_13946,PPP2R5B,chr11,3242
gene_13947,PPP2R5C,chr14,6718
gene_13948,PPP2R5D,chr6,3814
gene_13949,PPP2R5E,chr14,6412
gene_13950,PPP3CA,chr4,4720
gene_13951,PPP3CB,chr10,4465
gene_13952,PPP3CC,chr8,2593
gene_13953,PPP3R1,chr2,3011
gene_13954,PPP3R2,chr9,3387
gene_13955,PPP4C,chr16,1403
gene_13956,PPP4R1L,chr20,3561
gene_13957,PPP4R1,chr18,4184
gene_13958,PPP4R2,chr3,1462
gene_13959,PPP4R4,chr14,4321
gene_13960,PPP5C,chr19,3921
gene_13961,PPP6C,chr9,4646
gene_13962,PPPDE1,chr1,4229
gene_13963,PPPDE2,chr22,3794
gene_13964,PPRC1,chr10,5445
gene_13965,PPT1,chr1,2677
gene_13966,PPT2,chr6,2635
gene_13967,PPTC7,chr12,3748
gene_13968,PPWD1,chr5,2206
gene_13969,PPY2,chr17,657
gene_13970,PPYR1,chr10,1956
gene_13971,PPY,chr17,457
gene_13972,PQBP1,chrX,3807
gene_13973,PQLC1,chr18,2696
gene_13974,PQLC2,chr1,4149
gene_13975,PQLC3,chr2,1786
gene_13976,PRAC,chr17,383
gene_13977,PRAF2,chrX,1956
gene_13978,PRAM1,chr19,2209
gene_13979,PRAMEF10,chr1,1518
gene_13980,PRAMEF11,chr1,1839
gene_13981,PRAMEF12,chr1,1785
gene_13982,PRAMEF13,chr1,2164
gene_13983,PRAMEF14,,
gene_13984,PRAMEF16,chr1,1586
gene_13985,PRAMEF17,chr1,1557
gene_13986,PRAMEF18,,
gene_13987,PRAMEF1,chr1,2160
gene_13988,PRAMEF20,chr1,3194
gene_13989,PRAMEF22,chr1,1446
gene_13990,PRAMEF2,chr1,1642
gene_13991,PRAMEF3,chr1,2104
gene_13992,PRAMEF4,chr1,1840
gene_13993,PRAMEF5,chr1,4475
gene_13994,PRAMEF6,chr1,1720
gene_13995,PRAMEF8,chr1,5885
gene_13996,PRAMEF9,chr1,3726
gene_13997,PRAME,chr22,3596
gene_13998,PRAP1,chr10,1548
gene_13999,PRB1,chr12,1957
gene_14000,PRB2,chr12,1428
gene_14001,PRB3,chr12,1091
gene_14002,PRB4,chr12,1469
gene_14003,PRC1,chr15,4017
gene_14004,PRCC,chr1,2123
gene_14005,PRCD,chr17,2242
gene_14006,PRCP,chr11,2206
gene_14007,PRDM10,chr11,7685
gene_14008,PRDM11,chr11,11961
gene_14009,PRDM12,chr9,2492
gene_14010,PRDM13,chr6,3204
gene_14011,PRDM14,chr8,2344
gene_14012,PRDM15,chr21,8439
gene_14013,PRDM16,chr1,13835
gene_14014,PRDM1,chr6,5398
gene_14015,PRDM2,chr1,11977
gene_14016,PRDM4,chr12,4864
gene_14017,PRDM5,chr4,4922
gene_14018,PRDM6,chr5,3027
gene_14019,PRDM7,chr16,3702
gene_14020,PRDM8,chr4,4425
gene_14021,PRDM9,chr5,3691
gene_14022,PRDX1,chr1,1762
gene_14023,PRDX2,chr19,1038
gene_14024,PRDX3,chr10,1812
gene_14025,PRDX4,chrX,921
gene_14026,PRDX5,chr11,905
gene_14027,PRDX6,chr1,1670
gene_14028,PRDXDD1P,chr2,2153
gene_14029,PREB,chr2,2287
gene_14030,PRELID1,chr5,1778
gene_14031,PRELID2,chr5,3848
gene_14032,PRELP,chr1,5993
gene_14033,PREPL,chr2,8207
gene_14034,PREP,chr6,2943
gene_14035,PREX1,chr20,6736
gene_14036,PREX2,chr8,5572
gene_14037,PRF1,chr10,3077
gene_14038,PRG1,chr19,493
gene_14039,PRG2,chr11,1980
gene_14040,PRG3,chr11,869
gene_14041,PRG4,chr1,6576
gene_14042,PRH1,chr12,673
gene_14043,PRH2,chr12,10394
gene_14044,PRHOXNB,chr13,522
gene_14045,PRIC285,chr20,11384
gene_14046,PRICKLE1,chr12,5097
gene_14047,PRICKLE2,chr3,8322
gene_14048,PRICKLE3,chrX,2317
gene_14049,PRICKLE4,chr6,4461
gene_14050,PRIM1,chr12,1462
gene_14051,PRIM2,chr6,4265
gene_14052,PRIMA1,chr14,3821
gene_14053,PRINS,,
gene_14054,PRKAA1,chr5,5130
gene_14055,PRKAA2,chr1,9352
gene_14056,PRKAB1,chr12,2663
gene_14057,PRKAB2,chr1,5690
gene_14058,PRKACA,chr19,4075
gene_14059,PRKACB,chr1,6641
gene_14060,PRKACG,chr9,1591
gene_14061,PRKAG1,chr12,2835
gene_14062,PRKAG2,chr7,9866
gene_14063,PRKAG3,chr2,3132
gene_14064,PRKAR1A,chr17,6161
gene_14065,PRKAR1B,chr7,3383
gene_14066,PRKAR2A,chr3,2671
gene_14067,PRKAR2B,chr7,3661
gene_14068,PRKCA,chr17,9965
gene_14069,PRKCB,chr16,8665
gene_14070,PRKCDBP,chr11,1037
gene_14071,PRKCD,chr3,3742
gene_14072,PRKCE,chr2,6456
gene_14073,PRKCG,chr19,4277
gene_14074,PRKCH,chr14,4998
gene_14075,PRKCI,chr3,5179
gene_14076,PRKCQ,chr10,3775
gene_14077,PRKCSH,chr19,3036
gene_14078,PRKCZ,chr1,4808
gene_14079,PRKD1,chr14,3677
gene_14080,PRKD2,chr19,5638
gene_14081,PRKD3,chr2,9547
gene_14082,PRKDC,chr8,13506
gene_14083,PRKG1,chr10,7795
gene_14084,PRKG2,chr4,3705
gene_14085,PRKRA,chr2,3260
gene_14086,PRKRIP1,chr7,2508
gene_14087,PRKRIR,chr11,3190
gene_14088,PRKX,chrX,6084
gene_14089,PRKY,chrY,7217
gene_14090,PRLHR,chr10,1980
gene_14091,PRLH,chr2,264
gene_14092,PRLR,chr5,12912
gene_14093,PRL,chr6,1759
gene_14094,PRM1,chr16,409
gene_14095,PRM2,chr16,683
gene_14096,PRM3,chr16,309
gene_14097,PRMT10,chr4,3302
gene_14098,PRMT1,chr19,2382
gene_14099,PRMT2,chr21,8981
gene_14100,PRMT3,chr11,2733
gene_14101,PRMT5,chr14,2760
gene_14102,PRMT6,chr1,2650
gene_14103,PRMT7,chr16,3645
gene_14104,PRMT8,chr12,4156
gene_14105,PRND,chr20,3980
gene_14106,PRNP,chr20,7984
gene_14107,PRNT,chr20,2694
gene_14108,PRO0611,,
gene_14109,PRO0628,,
gene_14110,PRO1768,chr14,1261
gene_14111,PROCA1,chr17,4599
gene_14112,PROCR,chr20,1450
gene_14113,PROC,chr2,2642
gene_14114,PRODH2,chr19,1677
gene_14115,PRODH,chr22,2724
gene_14116,PROK1,chr1,1372
gene_14117,PROK2,chr3,1613
gene_14118,PROKR1,chr2,1976
gene_14119,PROKR2,chr20,1904
gene_14120,PROL1,chr4,1043
gene_14121,PROM1,chr4,4603
gene_14122,PROM2,chr2,6651
gene_14123,PROP1,chr5,1464
gene_14124,PROS1,chr3,3982
gene_14125,PROSC,chr8,2569
gene_14126,PROX1,chr1,8721
gene_14127,PROX2,chr14,4610
gene_14128,PROZ,chr13,1555
gene_14129,PRPF18,chr10,3135
gene_14130,PRPF19,chr11,2340
gene_14131,PRPF31,chr19,3865
gene_14132,PRPF38A,chr1,2806
gene_14133,PRPF38B,chr1,3906
gene_14134,PRPF39,chr14,5698
gene_14135,PRPF3,chr1,3671
gene_14136,PRPF40A,chr2,9008
gene_14137,PRPF40B,chr12,4070
gene_14138,PRPF4B,chr6,8717
gene_14139,PRPF4,chr9,3102
gene_14140,PRPF6,chr20,3101
gene_14141,PRPF8,chr17,7295
gene_14142,PRPH2,chr6,3027
gene_14143,PRPH,chr12,1833
gene_14144,PRPS1L1,chr7,1087
gene_14145,PRPS1,chrX,2156
gene_14146,PRPS2,chrX,2724
gene_14147,PRPSAP1,chr17,2441
gene_14148,PRPSAP2,chr17,2841
gene_14149,PRR11,chr17,7030
gene_14150,PRR12,chr19,6943
gene_14151,PRR13,chr12,1468
gene_14152,PRR14,chr16,3018
gene_14153,PRR15L,chr17,1517
gene_14154,PRR15,chr7,1678
gene_14155,PRR16,chr5,1943
gene_14156,PRR18,chr6,2704
gene_14157,PRR19,chr19,4177
gene_14158,PRR20A,,
gene_14159,PRR20B,chr13,1847
gene_14160,PRR20C,,
gene_14161,PRR20D,chr13,5541
gene_14162,PRR21,chr2,1170
gene_14163,PRR22,chr19,1392
gene_14164,PRR23A,chr3,2307
gene_14165,PRR23B,chr3,1896
gene_14166,PRR23C,chr3,2791
gene_14167,PRR24,chr19,1613
gene_14168,PRR25,chr16,1209
gene_14169,PRR3,chr6,3404
gene_14170,PRR4,chr12,1385
gene_14171,PRR5-ARHGAP8,chr22,3598
gene_14172,PRR5L,chr11,4214
gene_14173,PRR5,chr22,4164
gene_14174,PRR7,chr5,1563
gene_14175,PRRC1,chr5,9014
gene_14176,PRRG1,chrX,7649
gene_14177,PRRG2,chr19,1904
gene_14178,PRRG3,chrX,1662
gene_14179,PRRG4,chr11,5538
gene_14180,PRRT1,chr6,3952
gene_14181,PRRT2,chr16,7272
gene_14182,PRRT3,chr3,6181
gene_14183,PRRT4,chr7,4865
gene_14184,PRRX1,chr1,4071
gene_14185,PRRX2,chr9,1309
gene_14186,PRSS12,chr4,4573
gene_14187,PRSS16,chr6,3230
gene_14188,PRSS1,chr7,3115
gene_14189,PRSS21,chr16,1908
gene_14190,PRSS22,chr16,1386
gene_14191,PRSS23,chr11,7246
gene_14192,PRSS27,chr16,3590
gene_14193,PRSS30P,chr16,771
gene_14194,PRSS33,chr16,2913
gene_14195,PRSS35,chr6,2606
gene_14196,PRSS36,chr16,3457
gene_14197,PRSS37,chr7,2877
gene_14198,PRSS38,chr1,1243
gene_14199,PRSS3,chr9,1230
gene_14200,PRSS41,chr16,957
gene_14201,PRSS42,chr3,1210
gene_14202,PRSS45,chr3,3315
gene_14203,PRSS48,chr4,987
gene_14204,PRSS50,chr3,3567
gene_14205,PRSS53,chr16,2788
gene_14206,PRSS54,chr16,2035
gene_14207,PRSS55,chr8,3584
gene_14208,PRSS8,chr16,3343
gene_14209,PRSSL1,chr19,1207
gene_14210,PRTFDC1,chr10,2879
gene_14211,PRTG,chr15,13251
gene_14212,PRTN3,chr19,1287
gene_14213,PRUNE2,chr9,13865
gene_14214,PRUNE,chr1,2977
gene_14215,PRX,chr19,10493
gene_14216,PRY2,chrY,1353
gene_14217,PSAPL1,chr4,4680
gene_14218,PSAP,chr10,2822
gene_14219,PSAT1,chr9,2188
gene_14220,PSCA,chr8,1284
gene_14221,PSD2,chr5,4510
gene_14222,PSD3,chr8,12243
gene_14223,PSD4,chr2,8664
gene_14224,PSD,chr10,5014
gene_14225,PSEN1,chr14,7356
gene_14226,PSEN2,chr1,2501
gene_14227,PSENEN,chr19,941
gene_14228,PSG10,chr19,1742
gene_14229,PSG11,chr19,1995
gene_14230,PSG1,chr19,5025
gene_14231,PSG2,chr19,1612
gene_14232,PSG3,chr19,2394
gene_14233,PSG4,chr19,2168
gene_14234,PSG5,chr19,2033
gene_14235,PSG6,chr19,2122
gene_14236,PSG7,chr19,2038
gene_14237,PSG8,chr19,2635
gene_14238,PSG9,chr19,3003
gene_14239,PSIMCT-1,chr20,835
gene_14240,PSIP1,chr9,4912
gene_14241,PSKH1,chr16,4890
gene_14242,PSKH2,chr8,1158
gene_14243,PSMA1,chr11,2888
gene_14244,PSMA2,chr7,5309
gene_14245,PSMA3,chr14,1050
gene_14246,PSMA4,chr15,4755
gene_14247,PSMA5,chr1,3948
gene_14248,PSMA6,chr14,1170
gene_14249,PSMA7,chr20,1032
gene_14250,PSMA8,chr18,2032
gene_14251,PSMB10,chr16,4784
gene_14252,PSMB11,chr14,1894
gene_14253,PSMB1,chr6,4234
gene_14254,PSMB2,chr1,10038
gene_14255,PSMB3,chr17,754
gene_14256,PSMB4,chr1,1611
gene_14257,PSMB5,chr14,1488
gene_14258,PSMB6,chr17,1096
gene_14259,PSMB7,chr9,1916
gene_14260,PSMB8,chr6,2940
gene_14261,PSMB9,chr6,1807
gene_14262,PSMC1,chr14,1649
gene_14263,PSMC2,chr7,3342
gene_14264,PSMC3IP,chr17,2472
gene_14265,PSMC3,chr11,1580
gene_14266,PSMC4,chr19,2008
gene_14267,PSMC5,chr17,3026
gene_14268,PSMC6,chr14,5337
gene_14269,PSMD10,chrX,2470
gene_14270,PSMD11,chr17,7037
gene_14271,PSMD12,chr17,2327
gene_14272,PSMD13,chr11,2294
gene_14273,PSMD14,chr2,1717
gene_14274,PSMD1,chr2,3325
gene_14275,PSMD2,chr3,3241
gene_14276,PSMD3,chr17,3015
gene_14277,PSMD4,chr1,1331
gene_14278,PSMD5,chr9,3479
gene_14279,PSMD6,chr3,3042
gene_14280,PSMD7,chr16,1840
gene_14281,PSMD8,chr19,1539
gene_14282,PSMD9,chr12,2417
gene_14283,PSME1,chr14,1489
gene_14284,PSME2,chr14,829
gene_14285,PSME3,chr17,4570
gene_14286,PSME4,chr2,7410
gene_14287,PSMF1,chr20,5559
gene_14288,PSMG1,chr21,1188
gene_14289,PSMG2,chr18,2320
gene_14290,PSMG3,chr7,1648
gene_14291,PSMG4,chr6,1118
gene_14292,PSORS1C1,chr6,1009
gene_14293,PSORS1C2,chr6,1152
gene_14294,PSORS1C3,chr6,593
gene_14295,PSPC1,chr13,2015
gene_14296,PSPH,chr7,3405
gene_14297,PSPN,chr19,471
gene_14298,PSRC1,chr1,3511
gene_14299,PSTK,chr10,1722
gene_14300,PSTPIP1,chr15,3550
gene_14301,PSTPIP2,chr18,3024
gene_14302,PTAFR,chr1,4615
gene_14303,PTAR1,chr9,19209
gene_14304,PTBP1,chr19,3338
gene_14305,PTBP2,chr1,7522
gene_14306,PTCD1,chr7,5505
gene_14307,PTCD2,chr5,4139
gene_14308,PTCD3,chr2,6828
gene_14309,PTCH1,chr9,10617
gene_14310,PTCH2,chr1,4825
gene_14311,PTCHD1,chrX,7135
gene_14312,PTCHD2,chr1,6059
gene_14313,PTCHD3,chr10,2528
gene_14314,PTCRA,chr6,2536
gene_14315,PTDSS1,chr8,2504
gene_14316,PTDSS2,chr11,2806
gene_14317,PTENP1,chr9,3917
gene_14318,PTEN,chr10,5706
gene_14319,PTER,chr10,3905
gene_14320,PTF1A,chr10,1333
gene_14321,PTGDR,chr14,2942
gene_14322,PTGDS,chr9,2020
gene_14323,PTGER1,chr19,1421
gene_14324,PTGER2,chr14,2478
gene_14325,PTGER3,chr1,11181
gene_14326,PTGER4,chr5,3416
gene_14327,PTGES2,chr9,3025
gene_14328,PTGES3,chr12,3299
gene_14329,PTGES,chr9,1909
gene_14330,PTGFRN,chr1,6160
gene_14331,PTGFR,chr1,5431
gene_14332,PTGIR,chr19,2086
gene_14333,PTGIS,chr20,5603
gene_14334,PTGR1,chr9,3458
gene_14335,PTGR2,chr14,2868
gene_14336,PTGS1,chr9,6149
gene_14337,PTGS2,chr1,4565
gene_14338,PTH1R,chr3,2146
gene_14339,PTH2R,chr2,3806
gene_14340,PTH2,chr19,459
gene_14341,PTHLH,chr12,3062
gene_14342,PTH,chr11,814
gene_14343,PTK2B,chr8,6546
gene_14344,PTK2,chr8,5153
gene_14345,PTK6,chr20,5663
gene_14346,PTK7,chr6,6285
gene_14347,PTMA,chr2,1822
gene_14348,PTMS,chr12,1431
gene_14349,PTN,chr7,1545
gene_14350,PTOV1,chr19,3349
gene_14351,PTP4A1,chr6,5726
gene_14352,PTP4A2,chr1,3929
gene_14353,PTP4A3,chr8,1372
gene_14354,PTPDC1,chr9,8054
gene_14355,PTPLAD1,chr15,3208
gene_14356,PTPLAD2,chr9,4912
gene_14357,PTPLA,chr10,2937
gene_14358,PTPLB,chr3,1187
gene_14359,PTPMT1,chr11,3188
gene_14360,PTPN11,chr12,6732
gene_14361,PTPN12,chr7,3372
gene_14362,PTPN13,chr4,10179
gene_14363,PTPN14,chr1,18575
gene_14364,PTPN18,chr2,4084
gene_14365,PTPN1,chr20,3316
gene_14366,PTPN20A,chr10,5118
gene_14367,PTPN20B,chr10,6454
gene_14368,PTPN21,chr14,6775
gene_14369,PTPN22,chr1,4243
gene_14370,PTPN23,chr3,6154
gene_14371,PTPN2,chr18,3956
gene_14372,PTPN3,chr9,14786
gene_14373,PTPN4,chr2,12948
gene_14374,PTPN5,chr11,4387
gene_14375,PTPN6,chr12,3261
gene_14376,PTPN7,chr1,7943
gene_14377,PTPN9,chr15,3938
gene_14378,PTPRA,chr20,5520
gene_14379,PTPRB,chr12,13746
gene_14380,PTPRCAP,chr11,907
gene_14381,PTPRC,chr1,7371
gene_14382,PTPRD,chr9,10693
gene_14383,PTPRE,chr10,7915
gene_14384,PTPRF,chr1,9992
gene_14385,PTPRG,chr3,9035
gene_14386,PTPRH,chr19,4501
gene_14387,PTPRJ,chr11,9659
gene_14388,PTPRK,chr6,7782
gene_14389,PTPRM,chr18,5647
gene_14390,PTPRN2,chr7,5178
gene_14391,PTPRN,chr2,3910
gene_14392,PTPRO,chr12,10440
gene_14393,PTPRQ,chr12,7550
gene_14394,PTPRR,chr12,4785
gene_14395,PTPRS,chr19,8738
gene_14396,PTPRT,chr20,12852
gene_14397,PTPRU,chr1,6497
gene_14398,PTPRVP,chr1,5064
gene_14399,PTPRZ1,chr7,9135
gene_14400,PTRF,chr17,4209
gene_14401,PTRH1,chr9,2254
gene_14402,PTRH2,chr17,2117
gene_14403,PTS,chr11,1573
gene_14404,PTTG1IP,chr21,3838
gene_14405,PTTG1,chr5,908
gene_14406,PTTG2,chr4,576
gene_14407,PTTG3P,chr8,609
gene_14408,PTX3,chr3,1938
gene_14409,PTX4,chr16,1422
gene_14410,PUF60,chr8,2946
gene_14411,PUM1,chr1,6180
gene_14412,PUM2,chr2,6549
gene_14413,PURA,chr5,5294
gene_14414,PURB,chr7,9069
gene_14415,PURG,chr8,4651
gene_14416,PUS10,chr2,5023
gene_14417,PUS1,chr12,3145
gene_14418,PUS3,chr11,1844
gene_14419,PUS7L,chr12,4525
gene_14420,PUS7,chr7,4528
gene_14421,PUSL1,chr1,2637
gene_14422,PVALB,chr22,663
gene_14423,PVRIG,chr7,1590
gene_14424,PVRL1,chr11,6113
gene_14425,PVRL2,chr19,3575
gene_14426,PVRL3,chr3,10751
gene_14427,PVRL4,chr1,3831
gene_14428,PVR,chr19,6551
gene_14429,PVT1,chr8,2865
gene_14430,PWP1,chr12,1978
gene_14431,PWP2,chr21,3260
gene_14432,PWRN1,chr15,1859
gene_14433,PWRN2,chr15,5128
gene_14434,PWWP2A,chr5,6736
gene_14435,PWWP2B,chr10,3973
gene_14436,PXDNL,chr8,4807
gene_14437,PXDN,chr2,7646
gene_14438,PXK,chr3,2735
gene_14439,PXMP2,chr12,957
gene_14440,PXMP4,chr20,5943
gene_14441,PXN,chr12,6760
gene_14442,PXT1,chr6,2107
gene_14443,PYCARD,chr16,773
gene_14444,PYCR1,chr17,4014
gene_14445,PYCR2,chr1,2316
gene_14446,PYCRL,chr8,2944
gene_14447,PYDC1,chr16,528
gene_14448,PYDC2,chr3,294
gene_14449,PYGB,chr20,4131
gene_14450,PYGL,chr14,3798
gene_14451,PYGM,chr11,3637
gene_14452,PYGO1,chr15,1365
gene_14453,PYGO2,chr1,3180
gene_14454,PYHIN1,chr1,2533
gene_14455,PYROXD1,chr12,4124
gene_14456,PYROXD2,chr10,3618
gene_14457,PYY2,chr17,1070
gene_14458,PYY,chr17,1501
gene_14459,PZP,chr12,5973
gene_14460,ProSAPiP1,chr20,6766
gene_14461,QARS,chr3,3491
gene_14462,QDPR,chr4,2286
gene_14463,QKI,chr6,51497
gene_14464,QPCTL,chr19,2311
gene_14465,QPCT,chr2,1703
gene_14466,QPRT,chr16,1554
gene_14467,QRFPR,chr4,3079
gene_14468,QRFP,chr9,411
gene_14469,QRICH1,chr3,3530
gene_14470,QRICH2,chr17,5457
gene_14471,QRSL1,chr6,5475
gene_14472,QSER1,chr11,13152
gene_14473,QSOX1,chr1,4356
gene_14474,QSOX2,chr9,4527
gene_14475,QTRT1,chr19,1334
gene_14476,QTRTD1,chr3,6864
gene_14477,R3HCC1,chr8,2060
gene_14478,R3HDM1,chr2,5105
gene_14479,R3HDM2,chr12,5419
gene_14480,R3HDML,chr20,762
gene_14481,RAB10,chr2,3785
gene_14482,RAB11A,chr15,9206
gene_14483,RAB11B,chr19,1628
gene_14484,RAB11FIP1,chr8,15078
gene_14485,RAB11FIP2,chr10,6121
gene_14486,RAB11FIP3,chr16,4583
gene_14487,RAB11FIP4,chr17,8840
gene_14488,RAB11FIP5,chr2,5488
gene_14489,RAB12,chr18,2138
gene_14490,RAB13,chr1,3907
gene_14491,RAB14,chr9,4363
gene_14492,RAB15,chr14,3640
gene_14493,RAB17,chr2,1999
gene_14494,RAB18,chr10,5136
gene_14495,RAB19,chr7,1221
gene_14496,RAB1A,chr2,2643
gene_14497,RAB1B,chr11,1955
gene_14498,RAB20,chr13,1509
gene_14499,RAB21,chr12,2627
gene_14500,RAB22A,chr20,8651
gene_14501,RAB23,chr6,3261
gene_14502,RAB24,chr5,2098
gene_14503,RAB25,chr1,1085
gene_14504,RAB26,chr16,1992
gene_14505,RAB27A,chr15,3819
gene_14506,RAB27B,chr18,7003
gene_14507,RAB28,chr4,1884
gene_14508,RAB2A,chr8,3812
gene_14509,RAB2B,chr14,3113
gene_14510,RAB30,chr11,3112
gene_14511,RAB31,chr18,3994
gene_14512,RAB32,chr6,1203
gene_14513,RAB33A,chrX,2159
gene_14514,RAB33B,chr4,3868
gene_14515,RAB34,chr17,2743
gene_14516,RAB35,chr12,3057
gene_14517,RAB36,chr22,3822
gene_14518,RAB37,chr17,8417
gene_14519,RAB38,chr11,1460
gene_14520,RAB39B,chrX,3483
gene_14521,RAB39,chr11,1782
gene_14522,RAB3A,chr19,1501
gene_14523,RAB3B,chr1,12844
gene_14524,RAB3C,chr5,1009
gene_14525,RAB3D,chr19,4273
gene_14526,RAB3GAP1,chr2,6047
gene_14527,RAB3GAP2,chr1,8999
gene_14528,RAB3IL1,chr11,2602
gene_14529,RAB3IP,chr12,10288
gene_14530,RAB40AL,chrX,1029
gene_14531,RAB40A,chrX,1346
gene_14532,RAB40B,chr17,2196
gene_14533,RAB40C,chr16,3272
gene_14534,RAB41,chrX,1071
gene_14535,RAB42,chr1,1333
gene_14536,RAB43,chr3,5452
gene_14537,RAB4A,chr1,3152
gene_14538,RAB4B,chr19,2242
gene_14539,RAB5A,chr3,2815
gene_14540,RAB5B,chr12,5428
gene_14541,RAB5C,chr17,2031
gene_14542,RAB6A,chr11,4908
gene_14543,RAB6B,chr3,8204
gene_14544,RAB6C,chr2,3077
gene_14545,RAB7A,chr3,2310
gene_14546,RAB7L1,chr1,4067
gene_14547,RAB8A,chr19,3870
gene_14548,RAB8B,chr15,4875
gene_14549,RAB9A,chrX,1362
gene_14550,RAB9BP1,chr5,625
gene_14551,RAB9B,chrX,4544
gene_14552,RABAC1,chr19,807
gene_14553,RABEP1,chr17,6573
gene_14554,RABEP2,chr16,2966
gene_14555,RABEPK,chr9,3710
gene_14556,RABGAP1L,chr1,13210
gene_14557,RABGAP1,chr9,7338
gene_14558,RABGEF1,chr7,5822
gene_14559,RABGGTA,chr14,2491
gene_14560,RABGGTB,chr1,1912
gene_14561,RABIF,chr1,3227
gene_14562,RABL2A,chr2,3901
gene_14563,RABL2B,chr22,2973
gene_14564,RABL3,chr3,3883
gene_14565,RABL5,chr7,3659
gene_14566,RAC1,chr7,2456
gene_14567,RAC2,chr22,1468
gene_14568,RAC3,chr17,1060
gene_14569,RACGAP1P,chr12,2794
gene_14570,RACGAP1,chr12,3586
gene_14571,RAD17,chr5,3922
gene_14572,RAD18,chr3,5739
gene_14573,RAD1,chr5,5025
gene_14574,RAD21L1,chr20,1808
gene_14575,RAD21,chr8,3750
gene_14576,RAD23A,chr19,1952
gene_14577,RAD23B,chr9,4922
gene_14578,RAD50,chr5,7139
gene_14579,RAD51AP1,chr12,2649
gene_14580,RAD51AP2,chr2,7218
gene_14581,RAD51C,chr17,3578
gene_14582,RAD51L1,chr14,4745
gene_14583,RAD51L3,chr17,3075
gene_14584,RAD51,chr15,2562
gene_14585,RAD52,chr12,4176
gene_14586,RAD54B,chr8,8675
gene_14587,RAD54L2,chr3,6867
gene_14588,RAD54L,chr1,3263
gene_14589,RAD9A,chr11,2428
gene_14590,RAD9B,chr12,3689
gene_14591,RADIL,chr7,7618
gene_14592,RAE1,chr20,2983
gene_14593,RAET1E,chr6,3356
gene_14594,RAET1G,chr6,1218
gene_14595,RAET1K,chr6,1883
gene_14596,RAET1L,chr6,802
gene_14597,RAF1,chr3,3275
gene_14598,RAG1AP1,chr1,1343
gene_14599,RAG1,chr11,10287
gene_14600,RAG2,chr11,3015
gene_14601,RAGE,chr14,4654
gene_14602,RAI14,chr5,6180
gene_14603,RAI1,chr17,7744
gene_14604,RAI2,chrX,4772
gene_14605,RALA,chr7,2810
gene_14606,RALBP1,chr18,4522
gene_14607,RALB,chr2,2547
gene_14608,RALGAPA1,chr14,10340
gene_14609,RALGAPA2,chr20,13094
gene_14610,RALGAPB,chr20,11060
gene_14611,RALGDS,chr9,11436
gene_14612,RALGPS1,chr9,8376
gene_14613,RALGPS2,chr1,6720
gene_14614,RALYL,chr8,3582
gene_14615,RALY,chr20,4990
gene_14616,RAMP1,chr2,909
gene_14617,RAMP2,chr17,910
gene_14618,RAMP3,chr7,1347
gene_14619,RANBP10,chr16,6526
gene_14620,RANBP17,chr5,10336
gene_14621,RANBP1,chr22,1994
gene_14622,RANBP2,chr2,11711
gene_14623,RANBP3L,chr5,2618
gene_14624,RANBP3,chr19,4717
gene_14625,RANBP6,chr9,8357
gene_14626,RANBP9,chr6,3113
gene_14627,RANGAP1,chr22,5390
gene_14628,RANGRF,chr17,2277
gene_14629,RAN,chr12,1540
gene_14630,RAP1A,chr1,1983
gene_14631,RAP1B,chr12,2969
gene_14632,RAP1GAP2,chr17,6663
gene_14633,RAP1GAP,chr1,4111
gene_14634,RAP1GDS1,chr4,4006
gene_14635,RAP2A,chr13,4358
gene_14636,RAP2B,chr3,6235
gene_14637,RAP2C,chrX,4646
gene_14638,RAPGEF1,chr9,7158
gene_14639,RAPGEF2,chr4,6820
gene_14640,RAPGEF3,chr12,11441
gene_14641,RAPGEF4,chr2,7415
gene_14642,RAPGEF5,chr7,7399
gene_14643,RAPGEF6,chr5,10984
gene_14644,RAPGEFL1,chr17,4168
gene_14645,RAPH1,chr2,10744
gene_14646,RAPSN,chr11,2118
gene_14647,RARA,chr17,4824
gene_14648,RARB,chr3,3564
gene_14649,RARG,chr12,4129
gene_14650,RARRES1,chr3,1803
gene_14651,RARRES2,chr7,741
gene_14652,RARRES3,chr11,765
gene_14653,RARS2,chr6,2172
gene_14654,RARS,chr5,2138
gene_14655,RASA1,chr5,5176
gene_14656,RASA2,chr3,3031
gene_14657,RASA3,chr13,5395
gene_14658,RASA4P,chr7,4078
gene_14659,RASA4,chr7,8649
gene_14660,RASAL1,chr12,5618
gene_14661,RASAL2,chr1,11423
gene_14662,RASAL3,chr19,4481
gene_14663,RASD1,chr17,2918
gene_14664,RASD2,chr22,3279
gene_14665,RASEF,chr9,6600
gene_14666,RASGEF1A,chr10,3338
gene_14667,RASGEF1B,chr4,8378
gene_14668,RASGEF1C,chr5,3089
gene_14669,RASGRF1,chr15,9471
gene_14670,RASGRF2,chr5,10182
gene_14671,RASGRP1,chr15,5025
gene_14672,RASGRP2,chr11,5317
gene_14673,RASGRP3,chr2,7161
gene_14674,RASGRP4,chr19,3926
gene_14675,RASIP1,chr19,4167
gene_14676,RASL10A,chr22,2545
gene_14677,RASL10B,chr17,3194
gene_14678,RASL11A,chr13,1543
gene_14679,RASL11B,chr4,1957
gene_14680,RASL12,chr15,2740
gene_14681,RASSF10,chr11,2684
gene_14682,RASSF1,chr3,3571
gene_14683,RASSF2,chr20,5828
gene_14684,RASSF3,chr12,3516
gene_14685,RASSF4,chr10,6013
gene_14686,RASSF5,chr1,13131
gene_14687,RASSF6,chr4,6255
gene_14688,RASSF7,chr11,2437
gene_14689,RASSF8,chr12,7236
gene_14690,RASSF9,chr12,1796
gene_14691,RAVER1,chr19,5153
gene_14692,RAVER2,chr1,4566
gene_14693,RAX2,chr19,4147
gene_14694,RAX,chr18,3197
gene_14695,RB1CC1,chr8,6795
gene_14696,RB1,chr13,4772
gene_14697,RBAK,chr7,6966
gene_14698,RBBP4,chr1,8163
gene_14699,RBBP5,chr1,7708
gene_14700,RBBP6,chr16,8761
gene_14701,RBBP7,chrX,3672
gene_14702,RBBP8,chr18,4427
gene_14703,RBBP9,chr20,3857
gene_14704,RBCK1,chr20,3554
gene_14705,RBKS,chr2,3062
gene_14706,RBL1,chr20,4888
gene_14707,RBL2,chr16,5646
gene_14708,RBM10,chrX,4067
gene_14709,RBM11,chr21,2140
gene_14710,RBM12B,chr8,5101
gene_14711,RBM12,chr20,6910
gene_14712,RBM14,chr11,5518
gene_14713,RBM15B,chr3,6638
gene_14714,RBM15,chr1,3431
gene_14715,RBM16,chr6,5723
gene_14716,RBM17,chr10,5110
gene_14717,RBM18,chr9,3458
gene_14718,RBM19,chr12,6352
gene_14719,RBM20,chr10,7233
gene_14720,RBM22,chr5,3104
gene_14721,RBM23,chr14,4166
gene_14722,RBM24,chr6,2993
gene_14723,RBM25,chr14,5001
gene_14724,RBM26,chr13,7945
gene_14725,RBM27,chr5,6540
gene_14726,RBM28,chr7,2973
gene_14727,RBM33,chr7,11337
gene_14728,RBM34,chr1,2332
gene_14729,RBM38,chr20,2388
gene_14730,RBM39,chr20,6180
gene_14731,RBM3,chrX,4432
gene_14732,RBM41,chrX,6529
gene_14733,RBM42,chr19,2539
gene_14734,RBM43,chr2,3914
gene_14735,RBM44,chr2,4283
gene_14736,RBM45,chr2,1784
gene_14737,RBM46,chr4,4798
gene_14738,RBM47,chr4,7021
gene_14739,RBM4B,chr11,2803
gene_14740,RBM4,chr11,6912
gene_14741,RBM5,chr3,6191
gene_14742,RBM6,chr3,4370
gene_14743,RBM7,chr11,2095
gene_14744,RBM8A,chr1,5034
gene_14745,RBM9,chr22,7638
gene_14746,RBMS1,chr2,8106
gene_14747,RBMS2,chr12,8690
gene_14748,RBMS3,chr3,8663
gene_14749,RBMX2,chrX,1528
gene_14750,RBMXL1,chr1,5087
gene_14751,RBMXL2,chr11,2215
gene_14752,RBMXL3,chrX,3469
gene_14753,RBMX,chrX,6426
gene_14754,RBMY1A1,,
gene_14755,RBMY1A3P,chrY,427
gene_14756,RBMY1B,chrY,8304
gene_14757,RBMY1E,chrY,2880
gene_14758,RBMY1F,chrY,1885
gene_14759,RBMY1J,chrY,3845
gene_14760,RBMY2EP,chrY,534
gene_14761,RBMY2FP,chrY,2042
gene_14762,RBMY3AP,chrY,431
gene_14763,RBP1,chr3,2593
gene_14764,RBP2,chr3,688
gene_14765,RBP3,chr10,4276
gene_14766,RBP4,chr10,929
gene_14767,RBP5,chr12,940
gene_14768,RBP7,chr1,870
gene_14769,RBPJL,chr20,2605
gene_14770,RBPJ,chr4,7100
gene_14771,RBPMS2,chr15,1994
gene_14772,RBPMS,chr8,4791
gene_14773,RBX1,chr22,906
gene_14774,RC3H1,chr1,11361
gene_14775,RC3H2,chr9,7557
gene_14776,RCAN1,chr21,3562
gene_14777,RCAN2,chr6,3994
gene_14778,RCAN3,chr1,3393
gene_14779,RCBTB1,chr13,4033
gene_14780,RCBTB2,chr13,4033
gene_14781,RCC1,chr1,3150
gene_14782,RCC2,chr1,4456
gene_14783,RCCD1,chr15,2767
gene_14784,RCE1,chr11,1551
gene_14785,RCHY1,chr4,5131
gene_14786,RCL1,chr9,2416
gene_14787,RCN1,chr11,3394
gene_14788,RCN2,chr15,2267
gene_14789,RCN3,chr19,1854
gene_14790,RCOR1,chr14,5756
gene_14791,RCOR2,chr11,2604
gene_14792,RCOR3,chr1,5707
gene_14793,RCSD1,chr1,2991
gene_14794,RCVRN,chr17,1175
gene_14795,RD3,chr1,4573
gene_14796,RDBP,chr6,1991
gene_14797,RDH10,chr8,4289
gene_14798,RDH11,chr14,2646
gene_14799,RDH12,chr14,1963
gene_14800,RDH13,chr19,3139
gene_14801,RDH14,chr2,1600
gene_14802,RDH16,chr12,1723
gene_14803,RDH5,chr12,2849
gene_14804,RDH8,chr19,1714
gene_14805,RDM1,chr17,1587
gene_14806,RDX,chr11,6771
gene_14807,REC8,chr14,2814
gene_14808,RECK,chr9,6060
gene_14809,RECQL4,chr8,3816
gene_14810,RECQL5,chr17,6836
gene_14811,RECQL,chr12,4082
gene_14812,REEP1,chr2,4046
gene_14813,REEP2,chr5,2481
gene_14814,REEP3,chr10,5343
gene_14815,REEP4,chr8,2116
gene_14816,REEP5,chr5,3836
gene_14817,REEP6,chr19,2086
gene_14818,REG1A,chr2,1577
gene_14819,REG1B,chr2,2827
gene_14820,REG1P,chr2,2925
gene_14821,REG3A,chr2,1320
gene_14822,REG3G,chr2,1042
gene_14823,REG4,chr1,2360
gene_14824,RELA,chr11,7741
gene_14825,RELB,chr19,2279
gene_14826,RELL1,chr4,4036
gene_14827,RELL2,chr5,3615
gene_14828,RELN,chr7,11576
gene_14829,RELT,chr11,4591
gene_14830,REL,chr2,2592
gene_14831,REM1,chr20,1656
gene_14832,REM2,chr14,2679
gene_14833,RENBP,chrX,1471
gene_14834,REN,chr1,1465
gene_14835,REP15,chr12,1139
gene_14836,REPIN1,chr7,6215
gene_14837,REPS1,chr6,3621
gene_14838,REPS2,chrX,8135
gene_14839,RER1,chr1,3350
gene_14840,RERE,chr1,9810
gene_14841,RERGL,chr12,1134
gene_14842,RERG,chr12,2526
gene_14843,RESP18,chr2,1245
gene_14844,REST,chr4,10834
gene_14845,RETNLB,chr3,573
gene_14846,RETN,chr19,597
gene_14847,RETSAT,chr2,3311
gene_14848,RET,chr10,6823
gene_14849,REV1,chr2,5870
gene_14850,REV3L,chr6,11456
gene_14851,REXO1L1,chr8,18377
gene_14852,REXO1,chr19,6558
gene_14853,REXO2,chr11,1160
gene_14854,REXO4,chr9,2857
gene_14855,RFC1,chr4,5130
gene_14856,RFC2,chr7,1694
gene_14857,RFC3,chr13,3600
gene_14858,RFC4,chr3,2136
gene_14859,RFC5,chr12,2668
gene_14860,RFESD,chr5,2841
gene_14861,RFFL,chr17,4580
gene_14862,RFK,chr9,2707
gene_14863,RFNG,chr17,2425
gene_14864,RFPL1S,chr22,5115
gene_14865,RFPL1,chr22,1496
gene_14866,RFPL2,chr22,3067
gene_14867,RFPL3S,chr22,1295
gene_14868,RFPL3,chr22,1792
gene_14869,RFPL4A,chr19,908
gene_14870,RFPL4B,chr6,1900
gene_14871,RFT1,chr3,5098
gene_14872,RFTN1,chr3,3122
gene_14873,RFTN2,chr2,3113
gene_14874,RFWD2,chr1,2956
gene_14875,RFWD3,chr16,5233
gene_14876,RFX1,chr19,4913
gene_14877,RFX2,chr19,4112
gene_14878,RFX3,chr9,4835
gene_14879,RFX4,chr12,5093
gene_14880,RFX5,chr1,3736
gene_14881,RFX6,chr6,3507
gene_14882,RFX7,chr15,10495
gene_14883,RFX8,chr2,2020
gene_14884,RFXANK,chr19,1673
gene_14885,RFXAP,chr13,2825
gene_14886,RG9MTD1,chr3,1845
gene_14887,RG9MTD2,chr4,4042
gene_14888,RG9MTD3,chr9,3481
gene_14889,RGAG1,chrX,5527
gene_14890,RGAG4,chrX,4338
gene_14891,RGL1,chr1,5407
gene_14892,RGL2,chr6,4728
gene_14893,RGL3,chr19,5244
gene_14894,RGL4,chr22,7221
gene_14895,RGMA,chr15,4841
gene_14896,RGMB,chr5,6507
gene_14897,RGNEF,chr5,13820
gene_14898,RGN,chrX,2364
gene_14899,RGP1,chr9,1717
gene_14900,RGPD1,chr2,13879
gene_14901,RGPD3,chr2,5873
gene_14902,RGPD4,chr2,10217
gene_14903,RGPD5,chr2,14628
gene_14904,RGPD6,chr2,15449
gene_14905,RGPD8,chr2,7981
gene_14906,RGR,chr10,1837
gene_14907,RGS10,chr10,1118
gene_14908,RGS11,chr16,3236
gene_14909,RGS12,chr4,11137
gene_14910,RGS13,chr1,1562
gene_14911,RGS14,chr5,3795
gene_14912,RGS16,chr1,3050
gene_14913,RGS17,chr6,1466
gene_14914,RGS18,chr1,2145
gene_14915,RGS19,chr20,1691
gene_14916,RGS1,chr1,2137
gene_14917,RGS20,chr8,2733
gene_14918,RGS21,chr1,1793
gene_14919,RGS22,chr8,5871
gene_14920,RGS2,chr1,1350
gene_14921,RGS3,chr9,13733
gene_14922,RGS4,chr1,4274
gene_14923,RGS5,chr1,7591
gene_14924,RGS6,chr14,7798
gene_14925,RGS7BP,chr5,4903
gene_14926,RGS7,chr1,3328
gene_14927,RGS8,chr1,993
gene_14928,RGS9BP,chr19,2894
gene_14929,RGS9,chr17,3961
gene_14930,RGSL1,chr1,4308
gene_14931,RHAG,chr6,1928
gene_14932,RHBDD1,chr2,5507
gene_14933,RHBDD2,chr7,1878
gene_14934,RHBDD3,chr22,1738
gene_14935,RHBDF1,chr16,4402
gene_14936,RHBDF2,chr17,8825
gene_14937,RHBDL1,chr16,2654
gene_14938,RHBDL2,chr1,2164
gene_14939,RHBDL3,chr17,4921
gene_14940,RHBG,chr1,3581
gene_14941,RHCE,chr1,2107
gene_14942,RHCG,chr15,2646
gene_14943,RHD,chr1,3494
gene_14944,RHEBL1,chr12,1317
gene_14945,RHEB,chr7,2075
gene_14946,RHOA,chr3,2132
gene_14947,RHOBTB1,chr10,6460
gene_14948,RHOBTB2,chr8,5823
gene_14949,RHOBTB3,chr5,7288
gene_14950,RHOB,chr2,2367
gene_14951,RHOC,chr1,2774
gene_14952,RHOD,chr11,1133
gene_14953,RHOF,chr12,2955
gene_14954,RHOG,chr11,1319
gene_14955,RHOH,chr4,1999
gene_14956,RHOJ,chr14,3619
gene_14957,RHOQ,chr2,4542
gene_14958,RHOT1,chr17,5258
gene_14959,RHOT2,chr16,3158
gene_14960,RHOU,chr1,4758
gene_14961,RHOV,chr15,1705
gene_14962,RHOXF1,chrX,769
gene_14963,RHOXF2B,chrX,2618
gene_14964,RHO,chr3,2768
gene_14965,RHPN1,chr8,3715
gene_14966,RHPN2,chr19,4299
gene_14967,RIBC1,chrX,3501
gene_14968,RIBC2,chr22,1402
gene_14969,RIC3,chr11,7277
gene_14970,RIC8A,chr11,3776
gene_14971,RIC8B,chr12,7565
gene_14972,RICH2,chr17,4635
gene_14973,RICTOR,chr5,12278
gene_14974,RIF1,chr2,11874
gene_14975,RILPL1,chr12,2957
gene_14976,RILPL2,chr12,1435
gene_14977,RILP,chr17,1791
gene_14978,RIMBP2,chr12,7836
gene_14979,RIMBP3C,chr22,11586
gene_14980,RIMBP3,chr22,5793
gene_14981,RIMKLA,chr1,10569
gene_14982,RIMKLB,chr12,6662
gene_14983,RIMS1,chr6,13104
gene_14984,RIMS2,chr8,10105
gene_14985,RIMS3,chr1,7324
gene_14986,RIMS4,chr20,5349
gene_14987,RIN1,chr11,4412
gene_14988,RIN2,chr20,4507
gene_14989,RIN3,chr14,6837
gene_14990,RING1,chr6,3342
gene_14991,RINL,chr19,3204
gene_14992,RINT1,chr7,3110
gene_14993,RIOK1,chr6,2851
gene_14994,RIOK2,chr5,5209
gene_14995,RIOK3,chr18,4285
gene_14996,RIPK1,chr6,4374
gene_14997,RIPK2,chr8,2585
gene_14998,RIPK3,chr14,4518
gene_14999,RIPK4,chr21,3872
gene_15000,RIPPLY1,chrX,1186
gene_15001,RIPPLY2,chr6,664
gene_15002,RIT1,chr1,3481
gene_15003,RIT2,chr18,1166
gene_15004,RLBP1,chr15,1752
gene_15005,RLF,chr1,7105
gene_15006,RLIM,chrX,10629
gene_15007,RLN1,chr9,1004
gene_15008,RLN2,chr9,922
gene_15009,RLN3,chr19,564
gene_15010,RLTPR,chr16,4695
gene_15011,RMI1,chr9,3771
gene_15012,RMND1,chr6,2618
gene_15013,RMND5A,chr2,7746
gene_15014,RMND5B,chr5,3747
gene_15015,RMRP,chr9,268
gene_15016,RMST,chr12,3190
gene_15017,RNASE10,chr14,651
gene_15018,RNASE11,chr14,2200
gene_15019,RNASE12,chr14,743
gene_15020,RNASE13,chr14,1607
gene_15021,RNASE1,chr14,1124
gene_15022,RNASE2,chr14,799
gene_15023,RNASE3,chr14,716
gene_15024,RNASE4,chr14,2033
gene_15025,RNASE6,chr14,1061
gene_15026,RNASE7,chr14,2293
gene_15027,RNASE8,chr14,465
gene_15028,RNASE9,chr14,1283
gene_15029,RNASEH1,chr2,2030
gene_15030,RNASEH2A,chr19,1142
gene_15031,RNASEH2B,chr13,2158
gene_15032,RNASEH2C,chr11,3044
gene_15033,RNASEK,,
gene_15034,RNASEL,chr1,6129
gene_15035,RNASEN,chr5,5497
gene_15036,RNASET2,chr6,6272
gene_15037,RND1,chr12,1665
gene_15038,RND2,chr17,4152
gene_15039,RND3,chr2,4031
gene_15040,RNF103,chr2,7865
gene_15041,RNF10,chr12,4139
gene_15042,RNF111,chr15,6901
gene_15043,RNF112,chr17,3963
gene_15044,RNF113A,chrX,1297
gene_15045,RNF113B,chr13,1378
gene_15046,RNF114,chr20,2596
gene_15047,RNF115,chr1,1675
gene_15048,RNF11,chr1,3074
gene_15049,RNF121,chr11,2856
gene_15050,RNF122,chr8,1868
gene_15051,RNF123,chr3,4912
gene_15052,RNF125,chr18,5888
gene_15053,RNF126P1,chr17,1318
gene_15054,RNF126,chr19,1650
gene_15055,RNF128,chrX,3411
gene_15056,RNF130,chr5,1847
gene_15057,RNF133,chr7,1443
gene_15058,RNF135,chr17,2220
gene_15059,RNF138P1,chr5,5701
gene_15060,RNF138,chr18,3851
gene_15061,RNF139,chr8,3312
gene_15062,RNF13,chr3,3062
gene_15063,RNF141,chr11,4246
gene_15064,RNF144A,chr2,7822
gene_15065,RNF144B,chr6,5036
gene_15066,RNF145,chr5,4498
gene_15067,RNF146,chr6,3203
gene_15068,RNF148,chr7,1302
gene_15069,RNF149,chr2,3706
gene_15070,RNF14,chr5,4544
gene_15071,RNF150,chr4,5067
gene_15072,RNF151,chr16,796
gene_15073,RNF152,chr18,1805
gene_15074,RNF157,chr17,4891
gene_15075,RNF160,chr21,8128
gene_15076,RNF165,chr18,7178
gene_15077,RNF166,chr16,2960
gene_15078,RNF167,chr17,2639
gene_15079,RNF168,chr3,5344
gene_15080,RNF169,chr11,7823
gene_15081,RNF170,chr8,6254
gene_15082,RNF175,chr4,4149
gene_15083,RNF17,chr13,5640
gene_15084,RNF180,chr5,5096
gene_15085,RNF181,chr2,716
gene_15086,RNF182,chr6,3797
gene_15087,RNF183,chr9,2272
gene_15088,RNF185,chr22,5327
gene_15089,RNF186,chr1,1250
gene_15090,RNF187,chr1,3133
gene_15091,RNF19A,chr8,4615
gene_15092,RNF19B,chr1,3559
gene_15093,RNF207,chr1,6332
gene_15094,RNF208,chr9,1077
gene_15095,RNF20,chr9,3940
gene_15096,RNF212,chr4,4972
gene_15097,RNF213,chr17,24973
gene_15098,RNF214,chr11,2843
gene_15099,RNF215,chr22,2191
gene_15100,RNF216L,chr7,2544
gene_15101,RNF216,chr7,10174
gene_15102,RNF217,chr6,2495
gene_15103,RNF219,chr13,3752
gene_15104,RNF220,chr1,5615
gene_15105,RNF222,chr17,3066
gene_15106,RNF24,chr20,3560
gene_15107,RNF25,chr2,2162
gene_15108,RNF26,chr11,2815
gene_15109,RNF2,chr1,3551
gene_15110,RNF31,chr14,6631
gene_15111,RNF32,chr7,4849
gene_15112,RNF34,chr12,3379
gene_15113,RNF38,chr9,5658
gene_15114,RNF39,chr6,3398
gene_15115,RNF40,chr16,7482
gene_15116,RNF41,chr12,5830
gene_15117,RNF43,chr17,9040
gene_15118,RNF44,chr5,6951
gene_15119,RNF4,chr4,3674
gene_15120,RNF5P1,chr8,1083
gene_15121,RNF5,chr6,2002
gene_15122,RNF6,chr13,5378
gene_15123,RNF7,chr3,2566
gene_15124,RNF8,chr6,6472
gene_15125,RNFT1,chr17,3092
gene_15126,RNFT2,chr12,4621
gene_15127,RNGTT,chr6,4889
gene_15128,RNH1,chr11,4596
gene_15129,RNLS,chr10,4072
gene_15130,RNMTL1,chr17,1801
gene_15131,RNMT,chr18,6776
gene_15132,RNPC3,chr1,2445
gene_15133,RNPEPL1,chr2,3216
gene_15134,RNPEP,chr1,2676
gene_15135,RNPS1,chr16,3187
gene_15136,RNU11,chr1,135
gene_15137,RNU4ATAC,chr2,130
gene_15138,RNU5E,chr5,65
gene_15139,RNU6ATAC,chr9,125
gene_15140,RNY4,chr6,34
gene_15141,RNY5,chr12,46
gene_15142,ROBLD3,chr1,985
gene_15143,ROBO1,chr3,10795
gene_15144,ROBO2,chr3,9798
gene_15145,ROBO3,chr11,6655
gene_15146,ROBO4,chr11,5667
gene_15147,ROCK1,chr18,6648
gene_15148,ROCK2,chr2,6401
gene_15149,ROD1,chr9,10969
gene_15150,ROGDI,chr16,4225
gene_15151,ROM1,chr11,1878
gene_15152,ROMO1,chr20,507
gene_15153,ROPN1B,chr3,2384
gene_15154,ROPN1L,chr5,1392
gene_15155,ROPN1,chr3,2964
gene_15156,ROR1,chr1,6819
gene_15157,ROR2,chr9,6310
gene_15158,RORA,chr15,11665
gene_15159,RORB,chr9,3693
gene_15160,RORC,chr1,3491
gene_15161,ROS1,chr6,7864
gene_15162,RP1-177G6.2,chrX,1398
gene_15163,RP1L1,chr8,7977
gene_15164,RP1,chr8,9792
gene_15165,RP2,chrX,3829
gene_15166,RP9P,chr7,4721
gene_15167,RP9,chr7,1120
gene_15168,RPA1,chr17,4345
gene_15169,RPA2,chr1,1978
gene_15170,RPA3,chr7,1594
gene_15171,RPA4,chrX,1544
gene_15172,RPAIN,chr17,3274
gene_15173,RPAP1,chr15,5297
gene_15174,RPAP2,chr1,3174
gene_15175,RPAP3,chr12,3687
gene_15176,RPE65,chr1,2608
gene_15177,RPE,chr2,3665
gene_15178,RPF1,chr1,1975
gene_15179,RPF2,chr6,949
gene_15180,RPGRIP1L,chr16,6764
gene_15181,RPGRIP1,chr14,6503
gene_15182,RPGR,chrX,6105
gene_15183,RPH3AL,chr17,2754
gene_15184,RPH3A,chr12,6618
gene_15185,RPIA,chr2,1834
gene_15186,RPL10A,chr6,1302
gene_15187,RPL10L,chr14,809
gene_15188,RPL10,chrX,2919
gene_15189,RPL11,chr1,782
gene_15190,RPL12,chr9,660
gene_15191,RPL13AP17,chr7,1790
gene_15192,RPL13AP20,chr12,660
gene_15193,RPL13AP3,chr14,1473
gene_15194,RPL13AP6,chr10,653
gene_15195,RPL13A,chr19,1243
gene_15196,RPL13P5,chr12,624
gene_15197,RPL13,chr16,5344
gene_15198,RPL14,chr3,993
gene_15199,RPL15,chr3,6489
gene_15200,RPL17,chr18,1511
gene_15201,RPL18A,chr19,671
gene_15202,RPL18,chr19,2610
gene_15203,RPL19P12,chr7,1134
gene_15204,RPL19,chr17,732
gene_15205,RPL21P44,chr4,1784
gene_15206,RPL21,chr13,566
gene_15207,RPL22L1,chr3,2151
gene_15208,RPL22,chr1,2193
gene_15209,RPL23AP32,chr2,620
gene_15210,RPL23AP53,chr8,5822
gene_15211,RPL23AP64,chr11,633
gene_15212,RPL23AP7,chr2,2232
gene_15213,RPL23AP82,chr22,3383
gene_15214,RPL23A,chr17,1110
gene_15215,RPL23P8,chr7,523
gene_15216,RPL23,chr17,3211
gene_15217,RPL24,chr3,562
gene_15218,RPL26L1,chr5,710
gene_15219,RPL26,chr17,582
gene_15220,RPL27A,chr11,4879
gene_15221,RPL27,chr17,490
gene_15222,RPL28,chr19,9797
gene_15223,RPL29P2,chr17,649
gene_15224,RPL29,chr3,695
gene_15225,RPL30,chr8,1442
gene_15226,RPL31P11,chr1,1548
gene_15227,RPL31,chr2,3050
gene_15228,RPL32P3,chr3,4425
gene_15229,RPL32,chr3,2160
gene_15230,RPL34,chr4,1022
gene_15231,RPL35A,chr3,559
gene_15232,RPL35,chr9,460
gene_15233,RPL36AL,chr14,577
gene_15234,RPL36A,chrX,2979
gene_15235,RPL36,chr19,699
gene_15236,RPL37A,chr2,1935
gene_15237,RPL37,chr5,1570
gene_15238,RPL38,chr17,2813
gene_15239,RPL39L,chr3,703
gene_15240,RPL39,chrX,419
gene_15241,RPL3L,chr16,1529
gene_15242,RPL3,chr22,3113
gene_15243,RPL41,chr12,679
gene_15244,RPL4,chr15,2437
gene_15245,RPL5,chr1,3058
gene_15246,RPL6,chr12,2346
gene_15247,RPL7A,chr9,890
gene_15248,RPL7L1,chr6,3200
gene_15249,RPL7,chr8,837
gene_15250,RPL8,chr8,975
gene_15251,RPL9,chr4,3359
gene_15252,RPLP0P2,chr11,3525
gene_15253,RPLP0,chr12,1366
gene_15254,RPLP1,chr15,512
gene_15255,RPLP2,chr11,493
gene_15256,RPN1,chr3,2663
gene_15257,RPN2,chr20,3314
gene_15258,RPP14,chr3,3771
gene_15259,RPP21,chr6,1036
gene_15260,RPP25,chr15,2333
gene_15261,RPP30,chr10,6593
gene_15262,RPP38,chr10,1889
gene_15263,RPP40,chr6,1159
gene_15264,RPPH1,chr14,341
gene_15265,RPRD1A,chr18,5379
gene_15266,RPRD1B,chr20,4060
gene_15267,RPRD2,chr1,10674
gene_15268,RPRML,chr17,1093
gene_15269,RPRM,chr2,1471
gene_15270,RPS10P7,chr1,689
gene_15271,RPS10,chr6,988
gene_15272,RPS11,chr19,646
gene_15273,RPS12,chr6,503
gene_15274,RPS13,chr11,529
gene_15275,RPS14,chr5,1105
gene_15276,RPS15AP10,chr1,906
gene_15277,RPS15A,chr16,2521
gene_15278,RPS15,chr19,531
gene_15279,RPS16,chr19,881
gene_15280,RPS17,,
gene_15281,RPS18,chr6,700
gene_15282,RPS19BP1,chr22,927
gene_15283,RPS19,chr19,849
gene_15284,RPS20,chr8,1477
gene_15285,RPS21,chr20,1286
gene_15286,RPS23,chr5,3314
gene_15287,RPS24,chr10,2956
gene_15288,RPS25,chr11,492
gene_15289,RPS26P11,chrX,553
gene_15290,RPS26,chr12,682
gene_15291,RPS27A,chr2,1469
gene_15292,RPS27L,chr15,1579
gene_15293,RPS27,chr1,351
gene_15294,RPS28,chr19,382
gene_15295,RPS29,chr14,1518
gene_15296,RPS2P32,chr7,1025
gene_15297,RPS2,chr16,1855
gene_15298,RPS3A,chr4,2269
gene_15299,RPS3,chr11,5735
gene_15300,RPS4X,chrX,1625
gene_15301,RPS4Y1,chrY,1155
gene_15302,RPS4Y2,chrY,888
gene_15303,RPS5,chr19,741
gene_15304,RPS6KA1,chr1,4018
gene_15305,RPS6KA2,chr6,6462
gene_15306,RPS6KA3,chrX,8494
gene_15307,RPS6KA4,chr11,3534
gene_15308,RPS6KA5,chr14,4722
gene_15309,RPS6KA6,chrX,8663
gene_15310,RPS6KB1,chr17,8462
gene_15311,RPS6KB2,chr11,2013
gene_15312,RPS6KC1,chr1,4532
gene_15313,RPS6KL1,chr14,8547
gene_15314,RPS6,chr9,983
gene_15315,RPS7,chr2,3581
gene_15316,RPS8,chr1,705
gene_15317,RPS9,chr19,2397
gene_15318,RPSAP52,chr12,1144
gene_15319,RPSAP58,chr19,1379
gene_15320,RPSAP9,chr9,1440
gene_15321,RPSA,chr3,1280
gene_15322,RPTN,chr1,3569
gene_15323,RPTOR,chr17,7847
gene_15324,RPUSD1,chr16,2466
gene_15325,RPUSD2,chr15,2268
gene_15326,RPUSD3,chr3,4450
gene_15327,RPUSD4,chr11,2743
gene_15328,RQCD1,chr2,3858
gene_15329,RRAD,chr16,1861
gene_15330,RRAGA,chr9,1650
gene_15331,RRAGB,chrX,2207
gene_15332,RRAGC,chr1,3823
gene_15333,RRAGD,chr6,4926
gene_15334,RRAS2,chr11,3342
gene_15335,RRAS,chr19,983
gene_15336,RRBP1,chr20,7904
gene_15337,RREB1,chr6,17620
gene_15338,RRH,chr4,1556
gene_15339,RRM1,chr11,4501
gene_15340,RRM2B,chr8,7691
gene_15341,RRM2,chr2,3434
gene_15342,RRN3P1,chr16,2315
gene_15343,RRN3P2,chr16,2691
gene_15344,RRN3P3,chr16,2492
gene_15345,RRN3,chr16,3957
gene_15346,RRP12,chr10,6006
gene_15347,RRP15,chr1,7771
gene_15348,RRP1B,chr21,5891
gene_15349,RRP1,chr21,2759
gene_15350,RRP7A,chr22,6360
gene_15351,RRP7B,chr22,3907
gene_15352,RRP8,chr11,1751
gene_15353,RRP9,chr3,1582
gene_15354,RRS1,chr8,1706
gene_15355,RS1,chrX,3026
gene_15356,RSAD1,chr17,3450
gene_15357,RSAD2,chr2,3512
gene_15358,RSBN1L,chr7,3220
gene_15359,RSBN1,chr1,6711
gene_15360,RSC1A1,chr1,1854
gene_15361,RSF1,chr11,10587
gene_15362,RSL1D1,chr16,5358
gene_15363,RSL24D1,chr15,1473
gene_15364,RSPH10B2,chr7,4648
gene_15365,RSPH1,chr21,1366
gene_15366,RSPH3,chr6,2177
gene_15367,RSPH4A,chr6,2840
gene_15368,RSPH6A,chr19,2813
gene_15369,RSPH9,chr6,1144
gene_15370,RSPO1,chr1,3149
gene_15371,RSPO2,chr8,3688
gene_15372,RSPO3,chr6,2642
gene_15373,RSPO4,chr20,2709
gene_15374,RSPRY1,chr16,4081
gene_15375,RSRC1,chr3,2509
gene_15376,RSRC2,chr12,3040
gene_15377,RSU1,chr10,5941
gene_15378,RTBDN,chr19,3064
gene_15379,RTCD1,chr1,3185
gene_15380,RTDR1,chr22,1861
gene_15381,RTEL1,chr20,6538
gene_15382,RTF1,chr15,5021
gene_15383,RTKN2,chr10,9866
gene_15384,RTKN,chr2,4738
gene_15385,RTL1,chr14,4193
gene_15386,RTN1,chr14,4584
gene_15387,RTN2,chr19,2591
gene_15388,RTN3,chr11,7028
gene_15389,RTN4IP1,chr6,2801
gene_15390,RTN4RL1,chr17,3164
gene_15391,RTN4RL2,chr11,1263
gene_15392,RTN4R,chr22,2198
gene_15393,RTN4,chr2,5202
gene_15394,RTP1,chr3,2217
gene_15395,RTP2,chr3,1346
gene_15396,RTP3,chr3,817
gene_15397,RTP4,chr3,1011
gene_15398,RTTN,chr18,8629
gene_15399,RUFY1,chr5,4296
gene_15400,RUFY2,chr10,8167
gene_15401,RUFY3,chr4,7689
gene_15402,RUFY4,chr2,4141
gene_15403,RUNDC1,chr17,3828
gene_15404,RUNDC2A,,
gene_15405,RUNDC2C,chr16,9259
gene_15406,RUNDC3A,chr17,2567
gene_15407,RUNDC3B,chr7,4375
gene_15408,RUNX1T1,chr8,10954
gene_15409,RUNX1,chr21,12657
gene_15410,RUNX2,chr6,6507
gene_15411,RUNX3,chr1,6673
gene_15412,RUSC1,chr1,6727
gene_15413,RUSC2,chr9,7580
gene_15414,RUVBL1,chr3,2916
gene_15415,RUVBL2,chr19,2164
gene_15416,RWDD1,chr6,1309
gene_15417,RWDD2A,chr6,1537
gene_15418,RWDD2B,chr21,1705
gene_15419,RWDD3,chr1,3178
gene_15420,RWDD4A,chr4,2593
gene_15421,RXFP1,chr4,5665
gene_15422,RXFP2,chr13,2803
gene_15423,RXFP3,chr5,2533
gene_15424,RXFP4,chr1,1146
gene_15425,RXRA,chr9,17143
gene_15426,RXRB,chr6,4674
gene_15427,RXRG,chr1,2761
gene_15428,RYBP,chr3,4449
gene_15429,RYK,chr3,3064
gene_15430,RYR1,chr19,15391
gene_15431,RYR2,chr1,16496
gene_15432,RYR3,chr15,15559
gene_15433,S100A10,chr1,1055
gene_15434,S100A11,chr1,594
gene_15435,S100A12,chr1,466
gene_15436,S100A13,chr1,1531
gene_15437,S100A14,chr1,1060
gene_15438,S100A16,chr1,1175
gene_15439,S100A1,chr1,1120
gene_15440,S100A2,chr1,962
gene_15441,S100A3,chr1,738
gene_15442,S100A4,chr1,564
gene_15443,S100A5,chr1,710
gene_15444,S100A6,chr1,683
gene_15445,S100A7A,chr1,4279
gene_15446,S100A7L2,chr1,480
gene_15447,S100A7,chr1,439
gene_15448,S100A8,chr1,523
gene_15449,S100A9,chr1,577
gene_15450,S100B,chr21,1229
gene_15451,S100G,chrX,453
gene_15452,S100PBP,chr1,6840
gene_15453,S100P,chr4,510
gene_15454,S100Z,chr5,1693
gene_15455,S1PR1,chr1,3139
gene_15456,S1PR2,chr19,3584
gene_15457,S1PR3,chr9,4388
gene_15458,S1PR4,chr19,1595
gene_15459,S1PR5,chr19,2510
gene_15460,SAA1,chr11,774
gene_15461,SAA2,chr11,2331
gene_15462,SAA3P,chr11,642
gene_15463,SAA4,chr11,665
gene_15464,SAAL1,chr11,1725
gene_15465,SAC3D1,chr11,1567
gene_15466,SACM1L,chr3,4526
gene_15467,SACS,chr13,16758
gene_15468,SAE1,chr19,2971
gene_15469,SAFB2,chr19,4218
gene_15470,SAFB,chr19,3791
gene_15471,SAGE1,chrX,4787
gene_15472,SAG,chr2,2615
gene_15473,SALL1,chr16,5797
gene_15474,SALL2,chr14,8403
gene_15475,SALL3,chr18,7743
gene_15476,SALL4,chr20,4504
gene_15477,SAMD10,chr20,2337
gene_15478,SAMD11,chr1,4175
gene_15479,SAMD12,chr8,10639
gene_15480,SAMD13,chr1,2399
gene_15481,SAMD14,chr17,3375
gene_15482,SAMD1,chr19,1299
gene_15483,SAMD3,chr6,4046
gene_15484,SAMD4A,chr14,12014
gene_15485,SAMD4B,chr19,5631
gene_15486,SAMD5,chr6,6324
gene_15487,SAMD7,chr3,2450
gene_15488,SAMD8,chr10,12984
gene_15489,SAMD9L,chr7,7472
gene_15490,SAMD9,chr7,6855
gene_15491,SAMHD1,chr20,3189
gene_15492,SAMM50,chr22,3431
gene_15493,SAMSN1,chr21,2341
gene_15494,SAP130,chr2,4613
gene_15495,SAP18,chr13,2301
gene_15496,SAP30BP,chr17,3907
gene_15497,SAP30L,chr5,6353
gene_15498,SAP30,chr4,1109
gene_15499,SAPS1,chr19,4133
gene_15500,SAPS2,chr22,5768
gene_15501,SAPS3,chr11,8101
gene_15502,SAR1A,chr10,3155
gene_15503,SAR1B,chr5,6651
gene_15504,SARDH,chr9,4848
gene_15505,SARM1,chr17,8331
gene_15506,SARNP,chr12,3312
gene_15507,SARS2,chr19,3388
gene_15508,SARS,chr1,4884
gene_15509,SART1,chr11,4757
gene_15510,SART3,chr12,8883
gene_15511,SASH1,chr6,8776
gene_15512,SASH3,chrX,3662
gene_15513,SASS6,chr1,3897
gene_15514,SAT1,chrX,1922
gene_15515,SAT2,chr17,1225
gene_15516,SATB1,chr3,5861
gene_15517,SATB2,chr2,6337
gene_15518,SATL1,chrX,2152
gene_15519,SAV1,chr14,3260
gene_15520,SBDSP1,chr7,1961
gene_15521,SBDS,chr7,1605
gene_15522,SBF1P1,chr8,6125
gene_15523,SBF1,chr22,8374
gene_15524,SBF2,chr11,15769
gene_15525,SBK1,chr16,4992
gene_15526,SBK2,chr19,1062
gene_15527,SBNO1,chr12,11996
gene_15528,SBNO2,chr19,6005
gene_15529,SBSN,chr19,2665
gene_15530,SC4MOL,chr4,2647
gene_15531,SC5DL,chr11,11749
gene_15532,SC65,chr17,3531
gene_15533,SCAF1,chr19,4313
gene_15534,SCAI,chr9,12302
gene_15535,SCAMP1,chr5,6500
gene_15536,SCAMP2,chr15,3153
gene_15537,SCAMP3,chr1,1572
gene_15538,SCAMP4,chr19,3968
gene_15539,SCAMP5,chr15,3682
gene_15540,SCAND1,chr20,1550
gene_15541,SCAND2,chr15,4569
gene_15542,SCAND3,chr6,4877
gene_15543,SCAPER,chr15,11251
gene_15544,SCAP,chr3,4775
gene_15545,SCARA3,chr8,3832
gene_15546,SCARA5,chr8,4617
gene_15547,SCARB1,chr12,4434
gene_15548,SCARB2,chr4,4767
gene_15549,SCARF1,chr17,3884
gene_15550,SCARF2,chr22,3625
gene_15551,SCARNA10,chr12,330
gene_15552,SCARNA11,chr12,137
gene_15553,SCARNA12,chr12,270
gene_15554,SCARNA14,chr15,137
gene_15555,SCARNA15,chr15,127
gene_15556,SCARNA16,chr17,187
gene_15557,SCARNA17,chr18,421
gene_15558,SCARNA18,chr5,134
gene_15559,SCARNA1,chr1,166
gene_15560,SCARNA20,chr17,130
gene_15561,SCARNA21,chr17,138
gene_15562,SCARNA22,chr4,125
gene_15563,SCARNA23,chrX,130
gene_15564,SCARNA27,chr6,126
gene_15565,SCARNA2,chr1,420
gene_15566,SCARNA3,chr1,144
gene_15567,SCARNA4,chr1,129
gene_15568,SCARNA5,chr2,278
gene_15569,SCARNA6,chr2,266
gene_15570,SCARNA7,chr3,330
gene_15571,SCARNA8,chr9,131
gene_15572,SCARNA9L,chrX,348
gene_15573,SCARNA9,chr11,353
gene_15574,SCCPDH,chr1,2475
gene_15575,SCD5,chr4,4554
gene_15576,SCD,chr10,5468
gene_15577,SCEL,chr13,3226
gene_15578,SCFD1,chr14,2515
gene_15579,SCFD2,chr4,3174
gene_15580,SCG2,chr2,2572
gene_15581,SCG3,chr15,3310
gene_15582,SCG5,chr15,1354
gene_15583,SCGB1A1,chr11,452
gene_15584,SCGB1C1,chr11,431
gene_15585,SCGB1D1,chr11,429
gene_15586,SCGB1D2,chr11,438
gene_15587,SCGB1D4,chr11,434
gene_15588,SCGB2A1,chr11,521
gene_15589,SCGB2A2,chr11,681
gene_15590,SCGB3A1,chr5,466
gene_15591,SCGB3A2,chr5,518
gene_15592,SCGBL,chr19,427
gene_15593,SCGN,chr6,1479
gene_15594,SCHIP1,chr3,3641
gene_15595,SCIN,chr7,3297
gene_15596,SCLT1,chr4,7872
gene_15597,SCLY,chr2,2527
gene_15598,SCMH1,chr1,3921
gene_15599,SCML1,chrX,2992
gene_15600,SCML2,chrX,5414
gene_15601,SCML4,chr6,7091
gene_15602,SCN10A,chr3,5874
gene_15603,SCN11A,chr3,7967
gene_15604,SCN1A,chr2,8987
gene_15605,SCN1B,chr19,2248
gene_15606,SCN2A,chr2,9555
gene_15607,SCN2B,chr11,4922
gene_15608,SCN3A,chr2,9960
gene_15609,SCN3B,chr11,6528
gene_15610,SCN4A,chr17,7805
gene_15611,SCN4B,chr11,4992
gene_15612,SCN5A,chr3,9260
gene_15613,SCN7A,chr2,7520
gene_15614,SCN8A,chr12,12695
gene_15615,SCN9A,chr2,10224
gene_15616,SCNM1,chr1,2995
gene_15617,SCNN1A,chr12,5171
gene_15618,SCNN1B,chr16,2597
gene_15619,SCNN1D,chr1,3661
gene_15620,SCNN1G,chr16,3499
gene_15621,SCO1,chr17,1754
gene_15622,SCO2,chr22,1526
gene_15623,SCOC,chr4,2528
gene_15624,SCP2,chr1,9315
gene_15625,SCPEP1,chr17,2184
gene_15626,SCRG1,chr4,2052
gene_15627,SCRIB,chr8,5601
gene_15628,SCRN1,chr7,6192
gene_15629,SCRN2,chr17,2337
gene_15630,SCRN3,chr2,3860
gene_15631,SCRT1,chr8,3552
gene_15632,SCRT2,chr20,3577
gene_15633,SCTR,chr2,2169
gene_15634,SCT,chr11,514
gene_15635,SCUBE1,chr22,5337
gene_15636,SCUBE2,chr11,4707
gene_15637,SCUBE3,chr6,5286
gene_15638,SCXB,chr8,1212
gene_15639,SCYL1,chr11,3191
gene_15640,SCYL2,chr12,4024
gene_15641,SCYL3,chr1,3641
gene_15642,SDAD1,chr4,3192
gene_15643,SDC1,chr2,4990
gene_15644,SDC2,chr8,3705
gene_15645,SDC3,chr1,7310
gene_15646,SDC4P,chr22,467
gene_15647,SDC4,chr20,2612
gene_15648,SDCBP2,chr20,2750
gene_15649,SDCBP,chr8,4110
gene_15650,SDCCAG1,chr14,5991
gene_15651,SDCCAG3,chr9,2379
gene_15652,SDCCAG8,chr1,3786
gene_15653,SDF2L1,chr22,874
gene_15654,SDF2,chr17,2442
gene_15655,SDF4,chr1,6311
gene_15656,SDHAF1,chr19,1131
gene_15657,SDHAF2,chr11,1219
gene_15658,SDHAP1,chr3,2808
gene_15659,SDHAP2,chr3,2955
gene_15660,SDHAP3,chr5,2077
gene_15661,SDHA,chr5,3641
gene_15662,SDHB,chr1,1145
gene_15663,SDHC,chr1,2879
gene_15664,SDHD,chr11,1579
gene_15665,SDK1,chr7,11293
gene_15666,SDK2,chr17,11557
gene_15667,SDPR,chr2,3250
gene_15668,SDR16C5,chr8,3184
gene_15669,SDR39U1,chr14,1394
gene_15670,SDR42E1,chr16,2775
gene_15671,SDR9C7,chr12,1765
gene_15672,SDSL,chr12,1394
gene_15673,SDS,chr12,2100
gene_15674,SEBOX,chr17,665
gene_15675,SEC11A,chr15,1643
gene_15676,SEC11C,chr18,2376
gene_15677,SEC13,chr3,4343
gene_15678,SEC14L1,chr17,12649
gene_15679,SEC14L2,chr22,5678
gene_15680,SEC14L3,chr22,2420
gene_15681,SEC14L4,chr22,5004
gene_15682,SEC14L5,chr16,6456
gene_15683,SEC16A,chr9,12277
gene_15684,SEC16B,chr1,11087
gene_15685,SEC1,chr19,2778
gene_15686,SEC22A,chr3,4494
gene_15687,SEC22B,chr1,1880
gene_15688,SEC22C,chr3,7331
gene_15689,SEC23A,chr14,3959
gene_15690,SEC23B,chr20,4513
gene_15691,SEC23IP,chr10,7493
gene_15692,SEC24A,chr5,7209
gene_15693,SEC24B,chr4,4921
gene_15694,SEC24C,chr10,5083
gene_15695,SEC24D,chr4,9132
gene_15696,SEC31A,chr4,7113
gene_15697,SEC31B,chr10,7850
gene_15698,SEC61A1,chr3,4249
gene_15699,SEC61A2,chr10,3503
gene_15700,SEC61B,chr9,562
gene_15701,SEC61G,chr7,551
gene_15702,SEC62,chr3,7226
gene_15703,SEC63,chr6,6500
gene_15704,SECISBP2L,chr15,7416
gene_15705,SECISBP2,chr9,4215
gene_15706,SECTM1,chr17,2282
gene_15707,SEH1L,chr18,4182
gene_15708,SEL1L2,chr20,2671
gene_15709,SEL1L3,chr4,4657
gene_15710,SEL1L,chr14,8636
gene_15711,SELENBP1,chr1,2785
gene_15712,SELE,chr1,3875
gene_15713,SELK,chr3,818
gene_15714,SELL,chr1,3047
gene_15715,SELM,chr22,691
gene_15716,SELO,chr22,3527
gene_15717,SELPLG,chr12,4789
gene_15718,SELP,chr1,4004
gene_15719,SELS,chr15,1964
gene_15720,SELT,chr3,3490
gene_15721,SELV,chr19,1704
gene_15722,SEMA3A,chr7,5659
gene_15723,SEMA3B,chr3,5342
gene_15724,SEMA3C,chr7,5406
gene_15725,SEMA3D,chr7,7064
gene_15726,SEMA3E,chr7,6729
gene_15727,SEMA3F,chr3,3786
gene_15728,SEMA3G,chr3,4700
gene_15729,SEMA4A,chr1,4025
gene_15730,SEMA4B,chr15,4932
gene_15731,SEMA4C,chr2,7706
gene_15732,SEMA4D,chr9,10156
gene_15733,SEMA4F,chr2,7410
gene_15734,SEMA4G,chr10,7203
gene_15735,SEMA5A,chr5,11808
gene_15736,SEMA5B,chr3,6597
gene_15737,SEMA6A,chr5,9203
gene_15738,SEMA6B,chr19,4426
gene_15739,SEMA6C,chr1,4022
gene_15740,SEMA6D,chr15,7536
gene_15741,SEMA7A,chr15,3447
gene_15742,SEMG1,chr20,2840
gene_15743,SEMG2,chr20,3472
gene_15744,SENP1,chr12,6179
gene_15745,SENP2,chr3,3293
gene_15746,SENP3,chr17,4072
gene_15747,SENP5,chr3,6307
gene_15748,SENP6,chr6,7697
gene_15749,SENP7,chr3,5433
gene_15750,SENP8,chr15,2453
gene_15751,SEP15,chr1,1840
gene_15752,SEPHS1,chr10,4961
gene_15753,SEPHS2,chr16,2273
gene_15754,SEPN1,chr1,4332
gene_15755,SEPP1,chr5,2659
gene_15756,SEPSECS,chr4,5782
gene_15757,SEPT10,chr2,7100
gene_15758,SEPT11,chr4,7505
gene_15759,SEPT12,chr16,1765
gene_15760,SEPT14,chr7,3785
gene_15761,SEPT1,chr16,3134
gene_15762,SEPT2,chr2,5136
gene_15763,SEPT3,chr22,6200
gene_15764,SEPT4,chr17,6532
gene_15765,SEPT5,,
gene_15766,SEPT6,chrX,8687
gene_15767,SEPT7L,chr10,671
gene_15768,SEPT7P2,chr7,3959
gene_15769,SEPT7,chr7,4701
gene_15770,SEPT8,chr5,8636
gene_15771,SEPT9,chr17,9280
gene_15772,SEPW1,chr19,880
gene_15773,SEPX1,chr16,1367
gene_15774,SERAC1,chr6,7357
gene_15775,SERBP1,chr1,6914
gene_15776,SERF1A,chr5,4594
gene_15777,SERF2,chr15,11066
gene_15778,SERGEF,chr11,1854
gene_15779,SERHL2,chr22,2284
gene_15780,SERHL,chr22,1775
gene_15781,SERINC1,chr6,3128
gene_15782,SERINC2,chr1,4396
gene_15783,SERINC3,chr20,3191
gene_15784,SERINC4,chr15,3334
gene_15785,SERINC5,chr5,7517
gene_15786,SERP1,chr3,3939
gene_15787,SERP2,chr13,879
gene_15788,SERPINA10,chr14,2536
gene_15789,SERPINA11,chr14,1471
gene_15790,SERPINA12,chr14,2061
gene_15791,SERPINA13,chr14,1718
gene_15792,SERPINA1,chr14,5326
gene_15793,SERPINA3,chr14,4469
gene_15794,SERPINA4,chr14,2179
gene_15795,SERPINA5,chr14,3218
gene_15796,SERPINA6,chr14,2273
gene_15797,SERPINA7,chrX,3220
gene_15798,SERPINA9,chr14,3222
gene_15799,SERPINB10,chr18,1284
gene_15800,SERPINB11,chr18,2438
gene_15801,SERPINB12,chr18,1353
gene_15802,SERPINB13,chr18,3537
gene_15803,SERPINB1,chr6,2958
gene_15804,SERPINB2,chr18,2565
gene_15805,SERPINB3,chr18,3933
gene_15806,SERPINB4,chr18,2606
gene_15807,SERPINB5,chr18,3376
gene_15808,SERPINB6,chr6,8290
gene_15809,SERPINB7,chr18,2367
gene_15810,SERPINB8,chr18,3964
gene_15811,SERPINB9,chr6,5700
gene_15812,SERPINC1,chr1,1599
gene_15813,SERPIND1,chr22,3197
gene_15814,SERPINE1,chr7,8682
gene_15815,SERPINE2,chr2,3136
gene_15816,SERPINE3,chr13,1569
gene_15817,SERPINF1,chr17,1533
gene_15818,SERPINF2,chr17,2408
gene_15819,SERPING1,chr11,2570
gene_15820,SERPINH1,chr11,5261
gene_15821,SERPINI1,chr3,2090
gene_15822,SERPINI2,chr3,2074
gene_15823,SERTAD1,chr19,1204
gene_15824,SERTAD2,chr2,5548
gene_15825,SERTAD3,chr19,1679
gene_15826,SERTAD4,chr1,2359
gene_15827,SESN1,chr6,3631
gene_15828,SESN2,chr1,3528
gene_15829,SESN3,chr11,10288
gene_15830,SESTD1,chr2,10665
gene_15831,SETBP1,chr18,10972
gene_15832,SETD1A,chr16,6608
gene_15833,SETD1B,chr12,8530
gene_15834,SETD2,chr3,9527
gene_15835,SETD3,chr14,6748
gene_15836,SETD4,chr21,6783
gene_15837,SETD5,chr3,9825
gene_15838,SETD6,chr16,6040
gene_15839,SETD7,chr4,7800
gene_15840,SETD8,chr12,2751
gene_15841,SETDB1,chr1,6011
gene_15842,SETDB2,chr13,6775
gene_15843,SETMAR,chr3,4444
gene_15844,SETX,chr9,11103
gene_15845,SET,chr9,3452
gene_15846,SEZ6L2,chr16,3647
gene_15847,SEZ6L,chr22,7690
gene_15848,SEZ6,chr17,5688
gene_15849,SF1,chr11,6422
gene_15850,SF3A1,chr22,5391
gene_15851,SF3A2,chr19,1650
gene_15852,SF3A3,chr1,2836
gene_15853,SF3B14,chr2,771
gene_15854,SF3B1,chr2,6249
gene_15855,SF3B2,chr11,4118
gene_15856,SF3B3,chr16,9720
gene_15857,SF3B4,chr1,2835
gene_15858,SF3B5,chr6,737
gene_15859,SF4,chr19,4695
gene_15860,SFI1,chr22,6239
gene_15861,SFMBT1,chr3,4558
gene_15862,SFMBT2,chr10,9837
gene_15863,SFN,chr1,1315
gene_15864,SFPQ,chr1,3073
gene_15865,SFRP1,chr8,4467
gene_15866,SFRP2,chr4,1990
gene_15867,SFRP4,chr7,2973
gene_15868,SFRP5,chr10,1883
gene_15869,SFRS11,chr1,8239
gene_15870,SFRS12IP1,chr5,6997
gene_15871,SFRS12,chr5,9073
gene_15872,SFRS13A,chr1,6500
gene_15873,SFRS13B,chr6,3599
gene_15874,SFRS14,chr19,9745
gene_15875,SFRS15,chr21,6222
gene_15876,SFRS16,chr19,3293
gene_15877,SFRS17A,chrX,8780
gene_15878,SFRS18,chr6,5259
gene_15879,SFRS1,chr17,10498
gene_15880,SFRS2B,,
gene_15881,SFRS2IP,chr12,14670
gene_15882,SFRS2,chr17,5456
gene_15883,SFRS3,chr6,4661
gene_15884,SFRS4,chr1,3253
gene_15885,SFRS5,chr14,5287
gene_15886,SFRS6,chr20,4014
gene_15887,SFRS7,chr2,2938
gene_15888,SFRS8,chr12,7382
gene_15889,SFRS9,chr12,1812
gene_15890,SFT2D1,chr6,690
gene_15891,SFT2D2,chr1,856
gene_15892,SFT2D3,chr2,2811
gene_15893,SFTA1P,chr10,693
gene_15894,SFTA2,chr6,454
gene_15895,SFTA3,chr14,2131
gene_15896,SFTPA1,chr10,2897
gene_15897,SFTPA2,chr10,2271
gene_15898,SFTPB,chr2,5744
gene_15899,SFTPC,chr8,2706
gene_15900,SFTPD,chr10,1283
gene_15901,SFXN1,chr5,4940
gene_15902,SFXN2,chr10,2623
gene_15903,SFXN3,chr10,3372
gene_15904,SFXN4,chr10,1740
gene_15905,SFXN5,chr2,7273
gene_15906,SGCA,chr17,1756
gene_15907,SGCB,chr4,4279
gene_15908,SGCD,chr5,10643
gene_15909,SGCE,chr7,2340
gene_15910,SGCG,chr13,1835
gene_15911,SGCZ,chr8,2178
gene_15912,SGEF,chr3,5680
gene_15913,SGIP1,chr1,5641
gene_15914,SGK196,chr8,1623
gene_15915,SGK1,chr6,6672
gene_15916,SGK223,chr8,4627
gene_15917,SGK269,chr15,15314
gene_15918,SGK2,chr20,3089
gene_15919,SGK3,chr8,4608
gene_15920,SGK494,chr17,6017
gene_15921,SGMS1,chr10,4697
gene_15922,SGMS2,chr4,6662
gene_15923,SGOL1,chr3,5061
gene_15924,SGOL2,chr2,5300
gene_15925,SGPL1,chr10,6484
gene_15926,SGPP1,chr14,3308
gene_15927,SGPP2,chr2,1343
gene_15928,SGSH,chr17,8752
gene_15929,SGSM1,chr22,7878
gene_15930,SGSM2,chr17,6113
gene_15931,SGSM3,chr22,4054
gene_15932,SGTA,chr19,2315
gene_15933,SGTB,chr5,5453
gene_15934,SH2B1,chr16,7201
gene_15935,SH2B2,chr7,1893
gene_15936,SH2B3,chr12,6439
gene_15937,SH2D1A,chrX,2859
gene_15938,SH2D1B,chr1,2535
gene_15939,SH2D2A,chr1,2253
gene_15940,SH2D3A,chr19,2730
gene_15941,SH2D3C,chr9,4580
gene_15942,SH2D4A,chr8,3503
gene_15943,SH2D4B,chr10,4507
gene_15944,SH2D5,chr1,4195
gene_15945,SH2D6,chr2,2795
gene_15946,SH2D7,chr15,1892
gene_15947,SH3BGRL2,chr6,4646
gene_15948,SH3BGRL3,chr1,1115
gene_15949,SH3BGRL,chrX,2526
gene_15950,SH3BGR,chr21,1286
gene_15951,SH3BP1,chr22,6186
gene_15952,SH3BP2,chr4,11647
gene_15953,SH3BP4,chr2,8154
gene_15954,SH3BP5L,chr1,5309
gene_15955,SH3BP5,chr3,4151
gene_15956,SH3D19,chr4,7444
gene_15957,SH3D20,,
gene_15958,SH3GL1,chr19,2626
gene_15959,SH3GL2,chr9,3933
gene_15960,SH3GL3,chr15,3553
gene_15961,SH3GLB1,chr1,6527
gene_15962,SH3GLB2,chr9,2992
gene_15963,SH3KBP1,chrX,5507
gene_15964,SH3PXD2A,chr10,12333
gene_15965,SH3PXD2B,chr5,8844
gene_15966,SH3RF1,chr4,5365
gene_15967,SH3RF2,chr5,7411
gene_15968,SH3RF3,chr2,5608
gene_15969,SH3TC1,chr4,5630
gene_15970,SH3TC2,chr5,37662
gene_15971,SH3YL1,chr2,5889
gene_15972,SHANK1,chr19,6851
gene_15973,SHANK2,chr11,11016
gene_15974,SHANK3,chr22,7054
gene_15975,SHARPIN,chr8,1816
gene_15976,SHBG,chr17,1704
gene_15977,SHB,chr9,6021
gene_15978,SHC1,chr1,7500
gene_15979,SHC2,chr19,2494
gene_15980,SHC3,chr9,9768
gene_15981,SHC4,chr15,5700
gene_15982,SHCBP1,chr16,3232
gene_15983,SHD,chr19,2576
gene_15984,SHE,chr1,6335
gene_15985,SHFM1,chr7,1433
gene_15986,SHF,chr15,3189
gene_15987,SHH,chr7,2129
gene_15988,SHISA2,chr13,2889
gene_15989,SHISA3,chr4,1971
gene_15990,SHISA4,chr1,1766
gene_15991,SHISA5,chr3,7102
gene_15992,SHISA6,chr17,7585
gene_15993,SHISA7,chr19,6035
gene_15994,SHISA9,chr16,9899
gene_15995,SHKBP1,chr19,2981
gene_15996,SHMT1,chr17,3991
gene_15997,SHMT2,chr12,3816
gene_15998,SHOC2,chr10,4132
gene_15999,SHOX2,chr3,5497
gene_16000,SHOX,chrX,8768
gene_16001,SHPK,chr17,3838
gene_16002,SHPRH,chr6,19998
gene_16003,SHQ1,chr3,2943
gene_16004,SHROOM1,chr5,6140
gene_16005,SHROOM2,chrX,8476
gene_16006,SHROOM3,chr4,18252
gene_16007,SHROOM4,chrX,11705
gene_16008,SIAE,chr11,5208
gene_16009,SIAH1,chr16,5177
gene_16010,SIAH2,chr3,2620
gene_16011,SIAH3,chr13,3994
gene_16012,SIDT1,chr3,5231
gene_16013,SIDT2,chr11,4292
gene_16014,SIGIRR,chr11,2587
gene_16015,SIGLEC10,chr19,4106
gene_16016,SIGLEC11,chr19,3165
gene_16017,SIGLEC12,chr19,2661
gene_16018,SIGLEC14,chr19,2113
gene_16019,SIGLEC15,chr18,1971
gene_16020,SIGLEC16,chr19,1846
gene_16021,SIGLEC1,chr20,10404
gene_16022,SIGLEC5,chr19,2523
gene_16023,SIGLEC6,chr19,3293
gene_16024,SIGLEC7,chr19,1754
gene_16025,SIGLEC8,chr19,5166
gene_16026,SIGLEC9,chr19,2020
gene_16027,SIGLECP3,chr19,1639
gene_16028,SIGMAR1,chr9,3086
gene_16029,SIK1,chr21,4703
gene_16030,SIK2,chr11,5678
gene_16031,SIK3,chr11,10342
gene_16032,SIKE1,chr1,6043
gene_16033,SIL1,chr5,1988
gene_16034,SILV,chr12,3029
gene_16035,SIM1,chr6,4770
gene_16036,SIM2,chr21,6808
gene_16037,SIN3A,chr15,10768
gene_16038,SIN3B,chr19,7364
gene_16039,SIP1,chr14,1477
gene_16040,SIPA1L1,chr14,8610
gene_16041,SIPA1L2,chr1,6713
gene_16042,SIPA1L3,chr19,7983
gene_16043,SIPA1,chr11,4930
gene_16044,SIRPA,chr20,4915
gene_16045,SIRPB1,chr20,4479
gene_16046,SIRPB2,chr20,3904
gene_16047,SIRPD,chr20,812
gene_16048,SIRPG,chr20,1716
gene_16049,SIRT1,chr10,4438
gene_16050,SIRT2,chr19,3594
gene_16051,SIRT3,chr11,4155
gene_16052,SIRT4,chr12,1210
gene_16053,SIRT5,chr6,5897
gene_16054,SIRT6,chr19,1720
gene_16055,SIRT7,chr17,1731
gene_16056,SIT1,chr9,1517
gene_16057,SIVA1,chr14,5677
gene_16058,SIX1,chr14,2687
gene_16059,SIX2,chr2,2154
gene_16060,SIX3,chr2,2523
gene_16061,SIX4,chr14,7215
gene_16062,SIX5,chr19,3331
gene_16063,SIX6,chr14,1475
gene_16064,SI,chr3,6011
gene_16065,SKA1,chr18,3091
gene_16066,SKA2,chr17,3456
gene_16067,SKA3,chr13,2919
gene_16068,SKAP1,chr17,2150
gene_16069,SKAP2,chr7,4418
gene_16070,SKIL,chr3,10341
gene_16071,SKINTL,chr1,1511
gene_16072,SKIV2L2,chr5,4204
gene_16073,SKIV2L,chr6,4218
gene_16074,SKI,chr1,5707
gene_16075,SKP1,chr5,4218
gene_16076,SKP2,chr5,3705
gene_16077,SLA2,chr20,2637
gene_16078,SLAIN1,chr13,3697
gene_16079,SLAIN2,chr4,8446
gene_16080,SLAMF1,chr1,4060
gene_16081,SLAMF6,chr1,4909
gene_16082,SLAMF7,chr1,2969
gene_16083,SLAMF8,chr1,3300
gene_16084,SLAMF9,chr1,1365
gene_16085,SLA,chr8,5249
gene_16086,SLBP,chr4,1923
gene_16087,SLC10A1,chr14,1631
gene_16088,SLC10A2,chr13,3779
gene_16089,SLC10A3,chrX,3936
gene_16090,SLC10A4,chr4,2118
gene_16091,SLC10A5,chr8,1317
gene_16092,SLC10A6,chr4,1502
gene_16093,SLC10A7,chr4,6298
gene_16094,SLC11A1,chr2,6179
gene_16095,SLC11A2,chr12,8319
gene_16096,SLC12A1,chr15,15202
gene_16097,SLC12A2,chr5,10506
gene_16098,SLC12A3,chr16,5762
gene_16099,SLC12A4,chr16,6485
gene_16100,SLC12A5,chr20,7790
gene_16101,SLC12A6,chr15,9716
gene_16102,SLC12A7,chr5,5304
gene_16103,SLC12A8,chr3,4292
gene_16104,SLC12A9,chr7,12861
gene_16105,SLC13A1,chr7,4298
gene_16106,SLC13A2,chr17,3379
gene_16107,SLC13A3,chr20,5795
gene_16108,SLC13A4,chr7,2934
gene_16109,SLC13A5,chr17,5624
gene_16110,SLC14A1,chr18,6125
gene_16111,SLC14A2,chr18,5428
gene_16112,SLC15A1,chr13,4379
gene_16113,SLC15A2,chr3,5523
gene_16114,SLC15A3,chr11,2116
gene_16115,SLC15A4,chr12,2789
gene_16116,SLC16A10,chr6,3421
gene_16117,SLC16A11,chr17,1803
gene_16118,SLC16A12,chr10,5367
gene_16119,SLC16A13,chr17,1748
gene_16120,SLC16A14,chr2,5666
gene_16121,SLC16A1,chr1,6709
gene_16122,SLC16A2,chrX,4141
gene_16123,SLC16A3,chr17,4782
gene_16124,SLC16A4,chr1,3692
gene_16125,SLC16A5,chr17,3013
gene_16126,SLC16A6,chr17,3955
gene_16127,SLC16A7,chr12,12634
gene_16128,SLC16A8,chr22,1896
gene_16129,SLC16A9,chr10,3987
gene_16130,SLC17A1,chr6,2058
gene_16131,SLC17A2,chr6,2649
gene_16132,SLC17A3,chr6,3240
gene_16133,SLC17A4,chr6,4670
gene_16134,SLC17A5,chr6,3416
gene_16135,SLC17A6,chr11,3922
gene_16136,SLC17A7,chr19,5585
gene_16137,SLC17A8,chr12,3983
gene_16138,SLC17A9,chr20,4696
gene_16139,SLC18A1,chr8,3059
gene_16140,SLC18A2,chr10,4322
gene_16141,SLC18A3,chr10,2420
gene_16142,SLC19A1,chr21,4330
gene_16143,SLC19A2,chr1,3636
gene_16144,SLC19A3,chr2,6096
gene_16145,SLC1A1,chr9,3739
gene_16146,SLC1A2,chr11,12857
gene_16147,SLC1A3,chr5,5396
gene_16148,SLC1A4,chr2,6821
gene_16149,SLC1A5,chr19,3595
gene_16150,SLC1A6,chr19,7339
gene_16151,SLC1A7,chr1,7361
gene_16152,SLC20A1,chr2,4231
gene_16153,SLC20A2,chr8,4596
gene_16154,SLC22A10,chr11,3691
gene_16155,SLC22A11,chr11,3990
gene_16156,SLC22A12,chr11,4961
gene_16157,SLC22A13,chr3,2661
gene_16158,SLC22A14,chr3,3571
gene_16159,SLC22A15,chr1,5208
gene_16160,SLC22A16,chr6,4289
gene_16161,SLC22A17,chr14,4098
gene_16162,SLC22A18AS,chr11,1547
gene_16163,SLC22A18,chr11,1625
gene_16164,SLC22A1,chr6,1906
gene_16165,SLC22A20,chr11,3711
gene_16166,SLC22A23,chr6,9099
gene_16167,SLC22A24,chr11,2408
gene_16168,SLC22A25,chr11,3813
gene_16169,SLC22A2,chr6,4049
gene_16170,SLC22A3,chr6,3241
gene_16171,SLC22A4,chr5,2673
gene_16172,SLC22A5,chr5,3481
gene_16173,SLC22A6,chr11,2609
gene_16174,SLC22A7,chr6,3407
gene_16175,SLC22A8,chr11,10987
gene_16176,SLC22A9,chr11,2308
gene_16177,SLC23A1,chr5,2429
gene_16178,SLC23A2,chr20,7645
gene_16179,SLC23A3,chr2,2932
gene_16180,SLC24A1,chr15,9162
gene_16181,SLC24A2,chr9,10840
gene_16182,SLC24A3,chr20,3889
gene_16183,SLC24A4,chr14,11471
gene_16184,SLC24A5,chr15,4546
gene_16185,SLC24A6,chr12,4394
gene_16186,SLC25A10,chr17,2984
gene_16187,SLC25A11,chr17,3393
gene_16188,SLC25A12,chr2,4102
gene_16189,SLC25A13,chr7,3278
gene_16190,SLC25A14,chrX,3517
gene_16191,SLC25A15,chr13,4099
gene_16192,SLC25A16,chr10,2530
gene_16193,SLC25A17,chr22,2628
gene_16194,SLC25A18,chr22,2758
gene_16195,SLC25A19,chr17,2812
gene_16196,SLC25A1,chr22,2135
gene_16197,SLC25A20,chr3,1953
gene_16198,SLC25A21,chr14,4569
gene_16199,SLC25A22,chr11,3894
gene_16200,SLC25A23,chr19,3879
gene_16201,SLC25A24,chr1,3899
gene_16202,SLC25A25,chr9,4639
gene_16203,SLC25A26,chr3,5963
gene_16204,SLC25A27,chr6,5812
gene_16205,SLC25A28,chr10,2559
gene_16206,SLC25A29,chr14,2815
gene_16207,SLC25A2,chr5,1417
gene_16208,SLC25A30,chr13,9631
gene_16209,SLC25A31,chr4,1812
gene_16210,SLC25A32,chr8,3228
gene_16211,SLC25A33,chr1,1461
gene_16212,SLC25A34,chr1,3070
gene_16213,SLC25A35,chr17,4757
gene_16214,SLC25A36,chr3,11464
gene_16215,SLC25A37,chr8,5617
gene_16216,SLC25A38,chr3,2124
gene_16217,SLC25A39,chr17,2650
gene_16218,SLC25A3,chr12,4574
gene_16219,SLC25A40,chr7,3142
gene_16220,SLC25A41,chr19,1649
gene_16221,SLC25A42,chr19,4198
gene_16222,SLC25A43,chrX,3011
gene_16223,SLC25A44,chr1,4353
gene_16224,SLC25A45,chr11,3848
gene_16225,SLC25A46,chr5,2413
gene_16226,SLC25A4,chr4,4420
gene_16227,SLC25A5,chrX,1351
gene_16228,SLC25A6,chrX,2968
gene_16229,SLC26A10,chr12,3220
gene_16230,SLC26A11,chr17,3497
gene_16231,SLC26A1,chr4,4090
gene_16232,SLC26A2,chr5,8075
gene_16233,SLC26A3,chr7,2984
gene_16234,SLC26A4,chr7,5482
gene_16235,SLC26A5,chr7,2986
gene_16236,SLC26A6,chr3,4028
gene_16237,SLC26A7,chr8,6155
gene_16238,SLC26A8,chr6,5361
gene_16239,SLC26A9,chr1,7557
gene_16240,SLC27A1,chr19,8217
gene_16241,SLC27A2,chr15,2743
gene_16242,SLC27A3,chr1,2461
gene_16243,SLC27A4,chr9,3364
gene_16244,SLC27A5,chr19,4237
gene_16245,SLC27A6,chr5,3715
gene_16246,SLC28A1,chr15,3761
gene_16247,SLC28A2,chr15,2463
gene_16248,SLC28A3,chr9,5110
gene_16249,SLC29A1,chr6,3682
gene_16250,SLC29A2,chr11,2885
gene_16251,SLC29A3,chr10,2436
gene_16252,SLC29A4,chr7,3230
gene_16253,SLC2A10,chr20,4235
gene_16254,SLC2A11,chr22,5664
gene_16255,SLC2A12,chr6,5599
gene_16256,SLC2A13,chr12,9583
gene_16257,SLC2A14,chr12,3064
gene_16258,SLC2A1,chr1,3670
gene_16259,SLC2A2,chr3,3439
gene_16260,SLC2A3,chr12,3938
gene_16261,SLC2A4RG,chr20,2874
gene_16262,SLC2A4,chr17,4078
gene_16263,SLC2A5,chr1,3592
gene_16264,SLC2A6,chr9,3726
gene_16265,SLC2A7,chr1,1539
gene_16266,SLC2A8,chr9,2169
gene_16267,SLC2A9,chr4,3995
gene_16268,SLC30A10,chr1,5330
gene_16269,SLC30A1,chr1,2018
gene_16270,SLC30A2,chr1,2473
gene_16271,SLC30A3,chr2,3740
gene_16272,SLC30A4,chr15,4283
gene_16273,SLC30A5,chr5,5882
gene_16274,SLC30A6,chr2,5040
gene_16275,SLC30A7,chr1,14846
gene_16276,SLC30A8,chr8,6235
gene_16277,SLC30A9,chr4,3378
gene_16278,SLC31A1,chr9,5517
gene_16279,SLC31A2,chr9,2501
gene_16280,SLC32A1,chr20,2574
gene_16281,SLC33A1,chr3,4314
gene_16282,SLC34A1,chr5,3461
gene_16283,SLC34A2,chr4,4387
gene_16284,SLC34A3,chr9,4252
gene_16285,SLC35A1,chr6,2745
gene_16286,SLC35A2,chrX,7475
gene_16287,SLC35A3,chr1,6225
gene_16288,SLC35A4,chr5,3738
gene_16289,SLC35A5,chr3,3259
gene_16290,SLC35B1,chr17,2118
gene_16291,SLC35B2,chr6,2040
gene_16292,SLC35B3,chr6,4821
gene_16293,SLC35B4,chr7,7105
gene_16294,SLC35C1,chr11,4810
gene_16295,SLC35C2,chr20,3358
gene_16296,SLC35D1,chr1,7486
gene_16297,SLC35D2,chr9,3426
gene_16298,SLC35D3,chr6,2358
gene_16299,SLC35E1,chr19,6523
gene_16300,SLC35E2.728661,chr1,9327
gene_16301,SLC35E2.9906,chr1,7297
gene_16302,SLC35E3,chr12,2347
gene_16303,SLC35E4,chr22,4025
gene_16304,SLC35F1,chr6,4852
gene_16305,SLC35F2,chr11,6336
gene_16306,SLC35F3,chr1,3195
gene_16307,SLC35F4,chr14,3589
gene_16308,SLC35F5,chr2,5410
gene_16309,SLC36A1,chr5,6401
gene_16310,SLC36A2,chr5,4381
gene_16311,SLC36A3,chr5,5068
gene_16312,SLC36A4,chr11,2525
gene_16313,SLC37A1,chr21,3898
gene_16314,SLC37A2,chr11,4676
gene_16315,SLC37A3,chr7,4008
gene_16316,SLC37A4,chr11,3558
gene_16317,SLC38A10,chr17,7887
gene_16318,SLC38A11,chr2,1996
gene_16319,SLC38A1,chr12,10247
gene_16320,SLC38A2,chr12,5085
gene_16321,SLC38A3,chr3,2862
gene_16322,SLC38A4,chr12,4063
gene_16323,SLC38A5,chrX,2521
gene_16324,SLC38A6,chr14,3922
gene_16325,SLC38A7,chr16,4215
gene_16326,SLC38A8,chr16,1308
gene_16327,SLC38A9,chr5,3609
gene_16328,SLC39A10,chr2,5700
gene_16329,SLC39A11,chr17,2906
gene_16330,SLC39A12,chr10,2916
gene_16331,SLC39A13,chr11,6877
gene_16332,SLC39A14,chr8,5300
gene_16333,SLC39A1,chr1,4285
gene_16334,SLC39A2,chr14,1464
gene_16335,SLC39A3,chr19,5093
gene_16336,SLC39A4,chr8,3616
gene_16337,SLC39A5,chr12,2500
gene_16338,SLC39A6,chr18,3870
gene_16339,SLC39A7,chr6,3282
gene_16340,SLC39A8,chr4,6575
gene_16341,SLC39A9,chr14,7837
gene_16342,SLC3A1,chr2,6595
gene_16343,SLC3A2,chr11,3137
gene_16344,SLC40A1,chr2,4284
gene_16345,SLC41A1,chr1,5379
gene_16346,SLC41A2,chr12,3544
gene_16347,SLC41A3,chr3,3360
gene_16348,SLC43A1,chr11,2639
gene_16349,SLC43A2,chr17,4388
gene_16350,SLC43A3,chr11,4214
gene_16351,SLC44A1,chr9,5667
gene_16352,SLC44A2,chr19,5474
gene_16353,SLC44A3,chr1,3113
gene_16354,SLC44A4,chr6,2742
gene_16355,SLC44A5,chr1,4735
gene_16356,SLC45A1,chr1,3200
gene_16357,SLC45A2,chr5,3497
gene_16358,SLC45A3,chr1,3682
gene_16359,SLC45A4,chr8,9256
gene_16360,SLC46A1,chr17,7642
gene_16361,SLC46A2,chr9,2502
gene_16362,SLC46A3,chr13,7754
gene_16363,SLC47A1,chr17,4413
gene_16364,SLC47A2,chr17,4315
gene_16365,SLC48A1,chr12,3890
gene_16366,SLC4A10,chr2,6449
gene_16367,SLC4A11,chr20,3977
gene_16368,SLC4A1AP,chr2,2970
gene_16369,SLC4A1,chr17,5051
gene_16370,SLC4A2,chr7,5774
gene_16371,SLC4A3,chr2,4824
gene_16372,SLC4A4,chr4,8974
gene_16373,SLC4A5,chr2,7945
gene_16374,SLC4A7,chr3,9152
gene_16375,SLC4A8,chr12,17433
gene_16376,SLC4A9,chr5,4198
gene_16377,SLC5A10,chr17,2542
gene_16378,SLC5A11,chr16,2945
gene_16379,SLC5A12,chr11,7435
gene_16380,SLC5A1,chr22,5231
gene_16381,SLC5A2,chr16,2273
gene_16382,SLC5A3,chr21,11623
gene_16383,SLC5A4,chr22,2020
gene_16384,SLC5A5,chr19,3576
gene_16385,SLC5A6,chr2,3895
gene_16386,SLC5A7,chr2,5478
gene_16387,SLC5A8,chr12,3286
gene_16388,SLC5A9,chr1,4866
gene_16389,SLC6A10P,chr16,3903
gene_16390,SLC6A11,chr3,4188
gene_16391,SLC6A12,chr12,4386
gene_16392,SLC6A13,chr12,3592
gene_16393,SLC6A14,chrX,4626
gene_16394,SLC6A15,chr12,8023
gene_16395,SLC6A16,chr19,3936
gene_16396,SLC6A17,chr1,6768
gene_16397,SLC6A18,chr5,2121
gene_16398,SLC6A19,chr5,5172
gene_16399,SLC6A1,chr3,4638
gene_16400,SLC6A20,chr3,6555
gene_16401,SLC6A2,chr16,5898
gene_16402,SLC6A3,chr5,3934
gene_16403,SLC6A4,chr17,6606
gene_16404,SLC6A5,chr11,2863
gene_16405,SLC6A6,chr3,8226
gene_16406,SLC6A7,chr5,3739
gene_16407,SLC6A8,chrX,5666
gene_16408,SLC6A9,chr1,4845
gene_16409,SLC7A10,chr19,3741
gene_16410,SLC7A11,chr4,9648
gene_16411,SLC7A13,chr8,2754
gene_16412,SLC7A14,chr3,10133
gene_16413,SLC7A1,chr13,7343
gene_16414,SLC7A2,chr8,7854
gene_16415,SLC7A3,chrX,2638
gene_16416,SLC7A4,chr22,3338
gene_16417,SLC7A5P1,chr16,615
gene_16418,SLC7A5P2,chr16,2536
gene_16419,SLC7A5,chr16,4543
gene_16420,SLC7A6OS,chr16,1629
gene_16421,SLC7A6,chr16,10041
gene_16422,SLC7A7,chr14,3583
gene_16423,SLC7A8,chr14,5561
gene_16424,SLC7A9,chr19,2797
gene_16425,SLC8A1,chr2,6833
gene_16426,SLC8A2,chr19,5648
gene_16427,SLC8A3,chr14,8701
gene_16428,SLC9A10,chr3,4293
gene_16429,SLC9A11,chr1,4721
gene_16430,SLC9A1,chr1,6179
gene_16431,SLC9A2,chr2,5442
gene_16432,SLC9A3R1,chr17,2527
gene_16433,SLC9A3R2,chr16,3694
gene_16434,SLC9A3,chr5,2840
gene_16435,SLC9A4,chr2,4138
gene_16436,SLC9A5,chr16,4779
gene_16437,SLC9A6,chrX,5110
gene_16438,SLC9A7,chrX,10164
gene_16439,SLC9A8,chr20,6875
gene_16440,SLC9A9,chr3,3627
gene_16441,SLCO1A2,chr12,9439
gene_16442,SLCO1B1,chr12,2787
gene_16443,SLCO1B3,chr12,3505
gene_16444,SLCO1C1,chr12,3916
gene_16445,SLCO2A1,chr3,5212
gene_16446,SLCO2B1,chr11,5222
gene_16447,SLCO3A1,chr15,6388
gene_16448,SLCO4A1,chr20,2776
gene_16449,SLCO4C1,chr5,5332
gene_16450,SLCO5A1,chr8,5921
gene_16451,SLCO6A1,chr5,2650
gene_16452,SLED1,chr4,750
gene_16453,SLFN11,chr17,5591
gene_16454,SLFN12L,,
gene_16455,SLFN12,chr17,2832
gene_16456,SLFN13,chr17,10348
gene_16457,SLFN14,chr17,2882
gene_16458,SLFN5,chr17,5817
gene_16459,SLFNL1,chr1,3156
gene_16460,SLIT1,chr10,8033
gene_16461,SLIT2,chr4,4950
gene_16462,SLIT3,chr5,11755
gene_16463,SLITRK1,chr13,5186
gene_16464,SLITRK2,chrX,8068
gene_16465,SLITRK3,chr3,4645
gene_16466,SLITRK4,chrX,9255
gene_16467,SLITRK5,chr13,4446
gene_16468,SLITRK6,chr13,4181
gene_16469,SLK,chr10,5606
gene_16470,SLMAP,chr3,7181
gene_16471,SLMO1,chr18,2109
gene_16472,SLMO2,chr20,2563
gene_16473,SLN,chr11,730
gene_16474,SLPI,chr20,598
gene_16475,SLTM,chr15,6547
gene_16476,SLU7,chr5,3740
gene_16477,SLURP1,chr8,537
gene_16478,SMAD1,chr4,3483
gene_16479,SMAD2,chr18,11348
gene_16480,SMAD3,chr15,6623
gene_16481,SMAD4,chr18,11855
gene_16482,SMAD5OS,chr5,1809
gene_16483,SMAD5,chr5,7093
gene_16484,SMAD6,chr15,3157
gene_16485,SMAD7,chr18,3591
gene_16486,SMAD9,chr13,5737
gene_16487,SMAGP,chr12,1358
gene_16488,SMAP1,chr6,4461
gene_16489,SMAP2,chr1,3705
gene_16490,SMARCA1,chrX,4668
gene_16491,SMARCA2,chr9,7069
gene_16492,SMARCA4,chr19,10848
gene_16493,SMARCA5,chr4,7926
gene_16494,SMARCAD1,chr4,6025
gene_16495,SMARCAL1,chr2,3318
gene_16496,SMARCB1,chr22,3004
gene_16497,SMARCC1,chr3,6014
gene_16498,SMARCC2,chr12,6011
gene_16499,SMARCD1,chr12,4331
gene_16500,SMARCD2,chr17,2975
gene_16501,SMARCD3,chr7,3870
gene_16502,SMARCE1,chr17,4486
gene_16503,SMC1A,chrX,10222
gene_16504,SMC1B,chr22,4381
gene_16505,SMC2,chr9,7515
gene_16506,SMC3,chr10,4112
gene_16507,SMC4,chr3,7001
gene_16508,SMC5,chr9,6036
gene_16509,SMC6,chr2,6319
gene_16510,SMCHD1,chr18,8815
gene_16511,SMCP,chr1,770
gene_16512,SMCR5,chr17,2844
gene_16513,SMCR7L,chr22,7371
gene_16514,SMCR7,chr17,4643
gene_16515,SMCR8,chr17,8310
gene_16516,SMEK1,chr14,6495
gene_16517,SMEK2,chr2,4939
gene_16518,SMEK3P,chrX,3131
gene_16519,SMG1,chr16,16430
gene_16520,SMG5,chr1,4563
gene_16521,SMG6,chr17,8444
gene_16522,SMG7,chr1,7721
gene_16523,SMN1,chr5,1964
gene_16524,SMN2,chr5,3256
gene_16525,SMNDC1,chr10,2029
gene_16526,SMOC1,chr14,5820
gene_16527,SMOC2,chr6,3617
gene_16528,SMOX,chr20,3278
gene_16529,SMO,chr7,5646
gene_16530,SMPD1,chr11,4776
gene_16531,SMPD2,chr6,2036
gene_16532,SMPD3,chr16,5441
gene_16533,SMPD4,chr2,7642
gene_16534,SMPDL3A,chr6,2194
gene_16535,SMPDL3B,chr1,2574
gene_16536,SMPX,chrX,1037
gene_16537,SMR3A,chr4,598
gene_16538,SMR3B,chr4,920
gene_16539,SMS,chrX,1839
gene_16540,SMTNL1,chr11,1649
gene_16541,SMTNL2,chr17,2403
gene_16542,SMTN,chr22,7398
gene_16543,SMU1,chr9,7091
gene_16544,SMUG1,chr12,6238
gene_16545,SMURF1,chr7,5839
gene_16546,SMURF2,chr17,3980
gene_16547,SMYD1,chr2,5862
gene_16548,SMYD2,chr1,1685
gene_16549,SMYD3,chr1,2706
gene_16550,SMYD4,chr17,5801
gene_16551,SMYD5,chr2,2688
gene_16552,SNAI1,chr20,1706
gene_16553,SNAI2,chr8,2109
gene_16554,SNAI3,chr16,1713
gene_16555,SNAP23,chr15,2641
gene_16556,SNAP25,chr20,2427
gene_16557,SNAP29,chr22,4261
gene_16558,SNAP47,chr1,3797
gene_16559,SNAP91,chr6,5526
gene_16560,SNAPC1,chr14,2656
gene_16561,SNAPC2,chr19,1688
gene_16562,SNAPC3,chr9,4315
gene_16563,SNAPC4,chr9,4650
gene_16564,SNAPC5,chr15,852
gene_16565,SNAPIN,chr1,1271
gene_16566,SNAR-A13,,
gene_16567,SNAR-A2,,
gene_16568,SNAR-A3,chr19,1210
gene_16569,SNAR-A4,,
gene_16570,SNAR-B2,chr19,240
gene_16571,SNAR-C2,chr19,360
gene_16572,SNAR-C3,chr19,119
gene_16573,SNAR-C4,chr19,120
gene_16574,SNAR-D,chr19,119
gene_16575,SNAR-E,chr19,120
gene_16576,SNAR-F,chr19,123
gene_16577,SNAR-G1,chr19,128
gene_16578,SNAR-G2,chr19,119
gene_16579,SNAR-H,chr2,120
gene_16580,SNAR-I,chr3,121
gene_16581,SNCAIP,chr5,6778
gene_16582,SNCA,chr4,3681
gene_16583,SNCB,chr5,2329
gene_16584,SNCG,chr10,826
gene_16585,SND1,chr7,3665
gene_16586,SNED1,chr2,12003
gene_16587,SNF8,chr17,1285
gene_16588,SNHG10,chr14,3291
gene_16589,SNHG11,chr20,4289
gene_16590,SNHG12,chr1,5068
gene_16591,SNHG1,chr11,3558
gene_16592,SNHG3-RCC1,,
gene_16593,SNHG3,chr1,2346
gene_16594,SNHG4,chr5,1217
gene_16595,SNHG5,chr6,1092
gene_16596,SNHG6,chr8,472
gene_16597,SNHG7,chr9,5301
gene_16598,SNHG8,chr4,844
gene_16599,SNHG9,chr16,233
gene_16600,SNIP1,chr1,4988
gene_16601,SNN,chr16,3293
gene_16602,SNORA10,chr16,133
gene_16603,SNORA11B,chr14,127
gene_16604,SNORA11C,chrX,127
gene_16605,SNORA11D,chrX,254
gene_16606,SNORA11E,,
gene_16607,SNORA11,chrX,131
gene_16608,SNORA12,chr10,147
gene_16609,SNORA13,chr5,133
gene_16610,SNORA14A,chr7,134
gene_16611,SNORA14B,chr1,135
gene_16612,SNORA15,chr7,133
gene_16613,SNORA16A,chr1,134
gene_16614,SNORA16B,chr1,133
gene_16615,SNORA18,chr11,132
gene_16616,SNORA19,chr10,126
gene_16617,SNORA1,,
gene_16618,SNORA20,chr6,132
gene_16619,SNORA21,chr17,133
gene_16620,SNORA22,chr7,134
gene_16621,SNORA23,chr11,189
gene_16622,SNORA24,chr4,131
gene_16623,SNORA25,,
gene_16624,SNORA26,chr4,122
gene_16625,SNORA27,chr13,126
gene_16626,SNORA28,chr14,126
gene_16627,SNORA29,chr6,140
gene_16628,SNORA2A,chr12,135
gene_16629,SNORA2B,chr12,137
gene_16630,SNORA30,chr16,129
gene_16631,SNORA31,chr13,130
gene_16632,SNORA32,,
gene_16633,SNORA34,chr12,149
gene_16634,SNORA35,chrX,128
gene_16635,SNORA36A,chrX,130
gene_16636,SNORA36B,chr1,135
gene_16637,SNORA36C,chr2,127
gene_16638,SNORA37,chr18,129
gene_16639,SNORA38B,chr17,132
gene_16640,SNORA38,chr6,132
gene_16641,SNORA39,chr20,1422
gene_16642,SNORA3,chr11,130
gene_16643,SNORA40,chr11,127
gene_16644,SNORA41,chr2,132
gene_16645,SNORA42,chr1,134
gene_16646,SNORA44,chr1,132
gene_16647,SNORA45,chr11,131
gene_16648,SNORA46,chr16,135
gene_16649,SNORA47,chr5,138
gene_16650,SNORA48,chr17,135
gene_16651,SNORA49,chr12,137
gene_16652,SNORA4,chr3,137
gene_16653,SNORA50,chr16,136
gene_16654,SNORA51,chr20,132
gene_16655,SNORA52,chr11,134
gene_16656,SNORA53,chr12,250
gene_16657,SNORA54,chr11,123
gene_16658,SNORA55,chr1,137
gene_16659,SNORA56,chrX,129
gene_16660,SNORA57,chr11,149
gene_16661,SNORA58,chr3,236
gene_16662,SNORA59B,chr1,152
gene_16663,SNORA5A,,
gene_16664,SNORA5B,chr7,132
gene_16665,SNORA5C,chr7,694
gene_16666,SNORA61,chr1,130
gene_16667,SNORA62,chr3,154
gene_16668,SNORA63,chr3,135
gene_16669,SNORA64,chr16,134
gene_16670,SNORA65,chr9,136
gene_16671,SNORA66,chr1,133
gene_16672,SNORA67,chr17,137
gene_16673,SNORA68,chr19,133
gene_16674,SNORA69,chrX,132
gene_16675,SNORA6,chr3,149
gene_16676,SNORA70B,chr2,134
gene_16677,SNORA70C,chr9,136
gene_16678,SNORA70,chrX,135
gene_16679,SNORA71A,chr20,138
gene_16680,SNORA71B,chr20,136
gene_16681,SNORA71C,chr20,138
gene_16682,SNORA71D,chr20,138
gene_16683,SNORA72,chr8,132
gene_16684,SNORA74A,chr5,200
gene_16685,SNORA74B,chr5,204
gene_16686,SNORA75,chr2,137
gene_16687,SNORA76,chr17,133
gene_16688,SNORA77,chr1,125
gene_16689,SNORA78,chr16,127
gene_16690,SNORA79,chr14,140
gene_16691,SNORA7B,chr3,139
gene_16692,SNORA80,chr21,136
gene_16693,SNORA81,chr3,181
gene_16694,SNORA84,chr9,136
gene_16695,SNORA8,chr11,1985
gene_16696,SNORA9,chr7,133
gene_16697,SNORD102,chr13,72
gene_16698,SNORD103A,chr1,176
gene_16699,SNORD104,chr17,80
gene_16700,SNORD105B,chr19,92
gene_16701,SNORD105,chr19,85
gene_16702,SNORD109B,chr15,134
gene_16703,SNORD10,chr17,148
gene_16704,SNORD110,chr20,75
gene_16705,SNORD111B,chr16,101
gene_16706,SNORD111,chr16,94
gene_16707,SNORD113-1,chr14,70
gene_16708,SNORD113-2,chr14,71
gene_16709,SNORD113-4,chr14,74
gene_16710,SNORD113-5,chr14,77
gene_16711,SNORD113-6,chr14,74
gene_16712,SNORD113-7,chr14,76
gene_16713,SNORD113-9,chr14,71
gene_16714,SNORD114-10,chr14,71
gene_16715,SNORD114-11,chr14,74
gene_16716,SNORD114-12,chr14,74
gene_16717,SNORD114-13,chr14,73
gene_16718,SNORD114-14,chr14,74
gene_16719,SNORD114-15,chr14,71
gene_16720,SNORD114-16,chr14,69
gene_16721,SNORD114-17,chr14,74
gene_16722,SNORD114-18,chr14,71
gene_16723,SNORD114-19,chr14,74
gene_16724,SNORD114-1,chr14,71
gene_16725,SNORD114-20,chr14,71
gene_16726,SNORD114-21,chr14,71
gene_16727,SNORD114-22,chr14,71
gene_16728,SNORD114-23,chr14,71
gene_16729,SNORD114-24,chr14,71
gene_16730,SNORD114-25,chr14,71
gene_16731,SNORD114-26,chr14,71
gene_16732,SNORD114-27,chr14,69
gene_16733,SNORD114-28,chr14,71
gene_16734,SNORD114-29,chr14,69
gene_16735,SNORD114-2,chr14,77
gene_16736,SNORD114-30,chr14,71
gene_16737,SNORD114-31,chr14,74
gene_16738,SNORD114-3,chr14,74
gene_16739,SNORD114-4,chr14,104
gene_16740,SNORD114-5,chr14,69
gene_16741,SNORD114-6,chr14,71
gene_16742,SNORD114-7,chr14,76
gene_16743,SNORD114-8,chr14,71
gene_16744,SNORD114-9,chr14,71
gene_16745,SNORD115-10,chr15,163
gene_16746,SNORD115-11,chr15,328
gene_16747,SNORD115-13,chr15,82
gene_16748,SNORD115-14,chr15,81
gene_16749,SNORD115-16,chr15,82
gene_16750,SNORD115-17,chr15,246
gene_16751,SNORD115-1,chr15,82
gene_16752,SNORD115-20,,
gene_16753,SNORD115-22,chr15,82
gene_16754,SNORD115-25,chr15,82
gene_16755,SNORD115-26,chr15,82
gene_16756,SNORD115-2,chr15,82
gene_16757,SNORD115-30,chr15,82
gene_16758,SNORD115-31,chr15,82
gene_16759,SNORD115-32,chr15,82
gene_16760,SNORD115-33,chr15,82
gene_16761,SNORD115-35,chr15,82
gene_16762,SNORD115-37,chr15,82
gene_16763,SNORD115-38,chr15,82
gene_16764,SNORD115-39,chr15,82
gene_16765,SNORD115-3,chr15,82
gene_16766,SNORD115-40,chr15,82
gene_16767,SNORD115-41,chr15,82
gene_16768,SNORD115-44,chr15,82
gene_16769,SNORD115-48,chr15,76
gene_16770,SNORD115-4,chr15,82
gene_16771,SNORD115-5,chr15,82
gene_16772,SNORD115-6,chr15,82
gene_16773,SNORD115-7,chr15,82
gene_16774,SNORD115-8,chr15,82
gene_16775,SNORD115-9,chr15,164
gene_16776,SNORD116-10,chr15,104
gene_16777,SNORD116-11,chr15,94
gene_16778,SNORD116-12,chr15,94
gene_16779,SNORD116-13,chr15,1178
gene_16780,SNORD116-14,,
gene_16781,SNORD116-15,chr15,94
gene_16782,SNORD116-16,chr15,94
gene_16783,SNORD116-18,chr15,94
gene_16784,SNORD116-19,chr15,199
gene_16785,SNORD116-1,chr15,97
gene_16786,SNORD116-20,chr15,1236
gene_16787,SNORD116-22,chr15,99
gene_16788,SNORD116-23,chr15,94
gene_16789,SNORD116-24,chr15,94
gene_16790,SNORD116-25,chr15,94
gene_16791,SNORD116-26,chr15,2170
gene_16792,SNORD116-27,,
gene_16793,SNORD116-28,chr15,93
gene_16794,SNORD116-29,chr15,85
gene_16795,SNORD116-2,chr15,2956
gene_16796,SNORD116-3,chr15,194
gene_16797,SNORD116-4,chr15,98
gene_16798,SNORD116-5,chr15,97
gene_16799,SNORD116-8,chr15,97
gene_16800,SNORD117,chr6,76
gene_16801,SNORD119,chr20,96
gene_16802,SNORD11B,chr2,112
gene_16803,SNORD11,chr2,84
gene_16804,SNORD121A,chr9,91
gene_16805,SNORD121B,,
gene_16806,SNORD123,chr5,88
gene_16807,SNORD124,,
gene_16808,SNORD125,,
gene_16809,SNORD126,chr14,99
gene_16810,SNORD127,chr14,99
gene_16811,SNORD12B,chr20,103
gene_16812,SNORD12C,chr20,79
gene_16813,SNORD12,chr20,90
gene_16814,SNORD15A,chr11,148
gene_16815,SNORD15B,chr11,146
gene_16816,SNORD16,chr15,100
gene_16817,SNORD17,chr20,237
gene_16818,SNORD18A,chr15,70
gene_16819,SNORD18B,chr15,70
gene_16820,SNORD18C,chr15,67
gene_16821,SNORD19B,chr3,93
gene_16822,SNORD19,chr3,76
gene_16823,SNORD1A,chr17,74
gene_16824,SNORD1B,chr17,86
gene_16825,SNORD1C,chr17,78
gene_16826,SNORD20,chr2,80
gene_16827,SNORD21,chr1,95
gene_16828,SNORD22,chr11,126
gene_16829,SNORD23,chr19,110
gene_16830,SNORD24,chr9,75
gene_16831,SNORD25,chr11,67
gene_16832,SNORD26,chr11,75
gene_16833,SNORD27,chr11,72
gene_16834,SNORD28,chr11,75
gene_16835,SNORD29,chr11,65
gene_16836,SNORD2,chr3,70
gene_16837,SNORD30,chr11,70
gene_16838,SNORD31,chr11,68
gene_16839,SNORD32A,chr19,82
gene_16840,SNORD32B,chr6,77
gene_16841,SNORD33,chr19,83
gene_16842,SNORD34,chr19,66
gene_16843,SNORD35A,chr19,86
gene_16844,SNORD35B,chr19,87
gene_16845,SNORD36A,chr9,72
gene_16846,SNORD36B,chr9,71
gene_16847,SNORD36C,chr9,67
gene_16848,SNORD37,chr19,66
gene_16849,SNORD38A,chr1,71
gene_16850,SNORD38B,chr1,69
gene_16851,SNORD41,chr19,70
gene_16852,SNORD42A,chr17,63
gene_16853,SNORD42B,chr17,67
gene_16854,SNORD43,chr22,62
gene_16855,SNORD44,chr1,61
gene_16856,SNORD45A,chr1,84
gene_16857,SNORD45B,chr1,71
gene_16858,SNORD45C,chr1,78
gene_16859,SNORD46,chr1,98
gene_16860,SNORD47,chr1,77
gene_16861,SNORD48,chr6,64
gene_16862,SNORD49A,chr17,71
gene_16863,SNORD49B,chr17,48
gene_16864,SNORD4A,chr17,72
gene_16865,SNORD4B,chr17,74
gene_16866,SNORD50A,chr6,75
gene_16867,SNORD50B,chr6,71
gene_16868,SNORD51,chr2,70
gene_16869,SNORD52,chr6,64
gene_16870,SNORD53,chr2,76
gene_16871,SNORD54,chr8,63
gene_16872,SNORD55,chr1,74
gene_16873,SNORD56B,chr14,71
gene_16874,SNORD56,,
gene_16875,SNORD57,,
gene_16876,SNORD58A,chr18,65
gene_16877,SNORD58C,chr18,90
gene_16878,SNORD59A,chr12,75
gene_16879,SNORD59B,chr12,75
gene_16880,SNORD5,chr11,73
gene_16881,SNORD60,chr16,83
gene_16882,SNORD61,chrX,73
gene_16883,SNORD62A,chr9,172
gene_16884,SNORD63,chr5,68
gene_16885,SNORD65,chr17,73
gene_16886,SNORD66,chr3,76
gene_16887,SNORD67,chr11,111
gene_16888,SNORD68,chr16,72
gene_16889,SNORD69,chr3,77
gene_16890,SNORD6,,
gene_16891,SNORD70,chr2,88
gene_16892,SNORD71,chr16,86
gene_16893,SNORD72,chr5,80
gene_16894,SNORD73A,chr4,65
gene_16895,SNORD74,chr1,72
gene_16896,SNORD75,chr1,60
gene_16897,SNORD76,chr1,81
gene_16898,SNORD77,chr1,61
gene_16899,SNORD78,chr1,54
gene_16900,SNORD79,chr1,81
gene_16901,SNORD7,chr17,97
gene_16902,SNORD80,chr1,71
gene_16903,SNORD81,chr1,43
gene_16904,SNORD82,chr2,75
gene_16905,SNORD84,chr6,78
gene_16906,SNORD85,chr1,75
gene_16907,SNORD86,,
gene_16908,SNORD87,chr8,76
gene_16909,SNORD88A,chr19,97
gene_16910,SNORD88B,chr19,97
gene_16911,SNORD88C,chr19,97
gene_16912,SNORD89,chr2,114
gene_16913,SNORD8,chr14,109
gene_16914,SNORD90,chr9,107
gene_16915,SNORD91A,chr17,92
gene_16916,SNORD91B,chr17,86
gene_16917,SNORD92,chr2,89
gene_16918,SNORD93,chr7,74
gene_16919,SNORD94,chr2,137
gene_16920,SNORD95,chr5,63
gene_16921,SNORD96A,chr5,72
gene_16922,SNORD96B,chrX,72
gene_16923,SNORD97,chr11,142
gene_16924,SNORD98,chr10,67
gene_16925,SNORD99,chr1,80
gene_16926,SNORD9,chr14,103
gene_16927,SNPH,chr20,5668
gene_16928,SNRK,chr3,6457
gene_16929,SNRNP200,chr2,11438
gene_16930,SNRNP25,chr16,1086
gene_16931,SNRNP27,chr2,2335
gene_16932,SNRNP35,chr12,2595
gene_16933,SNRNP40,chr1,2355
gene_16934,SNRNP48,chr6,8793
gene_16935,SNRNP70,chr19,4275
gene_16936,SNRPA1,chr15,1059
gene_16937,SNRPA,chr19,1629
gene_16938,SNRPB2,chr20,1782
gene_16939,SNRPB,chr20,3636
gene_16940,SNRPC,chr6,1333
gene_16941,SNRPD1,chr18,1600
gene_16942,SNRPD2,chr19,868
gene_16943,SNRPD3,chr22,2384
gene_16944,SNRPE,chr1,1733
gene_16945,SNRPF,chr12,793
gene_16946,SNRPG,chr2,1337
gene_16947,SNRPN,chr15,3976
gene_16948,SNTA1,chr20,2454
gene_16949,SNTB1,chr8,6080
gene_16950,SNTB2,chr16,9771
gene_16951,SNTG1,chr8,2337
gene_16952,SNTG2,chr2,3165
gene_16953,SNTN,chr3,1584
gene_16954,SNUPN,chr15,2937
gene_16955,SNURF,chr15,1439
gene_16956,SNW1,chr14,2835
gene_16957,SNX10,chr7,3294
gene_16958,SNX11,chr17,2598
gene_16959,SNX12,chrX,3237
gene_16960,SNX13,chr7,14757
gene_16961,SNX14,chr6,5394
gene_16962,SNX15,,
gene_16963,SNX16,chr8,3456
gene_16964,SNX17,chr2,3167
gene_16965,SNX18,chr5,10429
gene_16966,SNX19,chr11,6947
gene_16967,SNX1,chr15,14998
gene_16968,SNX20,chr16,7745
gene_16969,SNX21,chr20,5791
gene_16970,SNX22,chr15,7875
gene_16971,SNX24,chr5,2480
gene_16972,SNX25,chr4,3972
gene_16973,SNX27,chr1,8217
gene_16974,SNX29,chr16,9771
gene_16975,SNX2,chr5,7326
gene_16976,SNX30,chr9,7864
gene_16977,SNX31,chr8,2613
gene_16978,SNX32,chr11,3122
gene_16979,SNX33,chr15,3829
gene_16980,SNX3,chr6,1551
gene_16981,SNX4,chr3,2530
gene_16982,SNX5,chr20,3930
gene_16983,SNX6,chr14,3356
gene_16984,SNX7,chr1,1897
gene_16985,SNX8,chr7,4727
gene_16986,SNX9,chr6,4200
gene_16987,SOAT1,chr1,7157
gene_16988,SOAT2,chr12,2073
gene_16989,SOBP,chr6,8089
gene_16990,SOCS1,chr16,1216
gene_16991,SOCS2,chr12,8026
gene_16992,SOCS3,chr17,2734
gene_16993,SOCS4,chr14,7012
gene_16994,SOCS5,chr2,4662
gene_16995,SOCS6,chr18,5896
gene_16996,SOCS7,chr17,8827
gene_16997,SOD1,chr21,965
gene_16998,SOD2,chr6,3809
gene_16999,SOD3,chr4,1529
gene_17000,SOHLH1,chr9,2462
gene_17001,SOHLH2,chr13,2193
gene_17002,SOLH,chr16,7940
gene_17003,SON,chr21,15920
gene_17004,SORBS1,chr10,11242
gene_17005,SORBS2,chr4,9631
gene_17006,SORBS3,chr8,3330
gene_17007,SORCS1,chr10,12631
gene_17008,SORCS2,chr4,6297
gene_17009,SORCS3,chr10,6179
gene_17010,SORD,chr15,3882
gene_17011,SORL1,chr11,11831
gene_17012,SORT1,chr1,7481
gene_17013,SOS1,chr2,12617
gene_17014,SOS2,chr14,6678
gene_17015,SOSTDC1,chr7,2473
gene_17016,SOST,chr17,2300
gene_17017,SOX10,chr22,3914
gene_17018,SOX11,chr2,8719
gene_17019,SOX12,chr20,4658
gene_17020,SOX13,chr1,6724
gene_17021,SOX14,chr3,2039
gene_17022,SOX15,chr17,2075
gene_17023,SOX17,chr8,2350
gene_17024,SOX18,chr20,1705
gene_17025,SOX1,chr13,4108
gene_17026,SOX21,chr13,2511
gene_17027,SOX2OT,chr3,4083
gene_17028,SOX2,chr3,2512
gene_17029,SOX30,chr5,3471
gene_17030,SOX3,chrX,2074
gene_17031,SOX4,chr6,4878
gene_17032,SOX5,chr12,5960
gene_17033,SOX6,chr11,19096
gene_17034,SOX7,chr8,3643
gene_17035,SOX8,chr16,3049
gene_17036,SOX9,chr17,3934
gene_17037,SP100,chr2,8010
gene_17038,SP110,chr2,3248
gene_17039,SP140L,chr2,5218
gene_17040,SP140,chr2,3982
gene_17041,SP1,chr12,9067
gene_17042,SP2,chr17,3432
gene_17043,SP3,chr2,6932
gene_17044,SP4,chr7,7321
gene_17045,SP5,chr2,1947
gene_17046,SP6,chr17,4026
gene_17047,SP7,chr12,3116
gene_17048,SP8,chr7,3729
gene_17049,SP9,chr2,1455
gene_17050,SPA17,chr11,937
gene_17051,SPACA1,chr6,1499
gene_17052,SPACA3,chr17,1155
gene_17053,SPACA4,chr19,972
gene_17054,SPACA5,chrX,1468
gene_17055,SPAG11A,chr8,1233
gene_17056,SPAG11B,chr8,2196
gene_17057,SPAG16,chr2,8143
gene_17058,SPAG17,chr1,8782
gene_17059,SPAG1,chr8,4600
gene_17060,SPAG4,chr20,1778
gene_17061,SPAG5,chr17,3808
gene_17062,SPAG6,chr10,3427
gene_17063,SPAG7,chr17,1716
gene_17064,SPAG8,chr9,2332
gene_17065,SPAG9,chr17,9918
gene_17066,SPAM1,chr7,3680
gene_17067,SPANXA2,chrX,836
gene_17068,SPANXB2,,
gene_17069,SPANXC,chrX,536
gene_17070,SPANXE,chrX,441
gene_17071,SPANXN1,chrX,613
gene_17072,SPANXN2,chrX,1377
gene_17073,SPANXN3,chrX,594
gene_17074,SPANXN4,chrX,431
gene_17075,SPANXN5,chrX,561
gene_17076,SPARCL1,chr4,4431
gene_17077,SPARC,chr5,3625
gene_17078,SPAST,chr2,5213
gene_17079,SPATA12,chr3,2413
gene_17080,SPATA13,chr13,15544
gene_17081,SPATA16,chr3,2107
gene_17082,SPATA17,chr1,1570
gene_17083,SPATA18,chr4,4686
gene_17084,SPATA19,chr11,866
gene_17085,SPATA1,,
gene_17086,SPATA20,chr17,4570
gene_17087,SPATA21,chr1,4160
gene_17088,SPATA22,chr17,2666
gene_17089,SPATA24,chr5,1393
gene_17090,SPATA2L,chr16,2958
gene_17091,SPATA2,chr20,4304
gene_17092,SPATA3,chr2,1821
gene_17093,SPATA4,chr4,1233
gene_17094,SPATA5L1,chr15,2802
gene_17095,SPATA5,chr4,8573
gene_17096,SPATA6,chr1,5056
gene_17097,SPATA7,chr14,3801
gene_17098,SPATA8,chr15,1023
gene_17099,SPATA9,chr5,3310
gene_17100,SPATC1,chr8,2036
gene_17101,SPATS1,chr6,2628
gene_17102,SPATS2L,chr2,7432
gene_17103,SPATS2,chr12,5362
gene_17104,SPC24,chr19,654
gene_17105,SPC25,chr2,1346
gene_17106,SPCS1,chr3,1084
gene_17107,SPCS2,chr11,2708
gene_17108,SPCS3,chr4,4596
gene_17109,SPDEF,chr6,1914
gene_17110,SPDYA,chr2,3261
gene_17111,SPDYC,chr11,882
gene_17112,SPDYE1,chr7,2650
gene_17113,SPDYE2,,
gene_17114,SPDYE3,chr7,3185
gene_17115,SPDYE4,chr17,923
gene_17116,SPDYE5,chr7,2667
gene_17117,SPDYE6,chr7,3145
gene_17118,SPDYE7P,chr7,6338
gene_17119,SPDYE8P,chr7,9648
gene_17120,SPEF1,chr20,1587
gene_17121,SPEF2,chr5,11186
gene_17122,SPEG,chr2,15892
gene_17123,SPEM1,chr17,982
gene_17124,SPEN,chr1,12508
gene_17125,SPERT,chr13,2077
gene_17126,SPESP1,chr15,1431
gene_17127,SPG11,chr15,9011
gene_17128,SPG20,chr13,6493
gene_17129,SPG21,chr15,1867
gene_17130,SPG7,chr16,5458
gene_17131,SPHAR,chr1,1122
gene_17132,SPHK1,chr17,4879
gene_17133,SPHK2,chr19,6794
gene_17134,SPHKAP,chr2,6913
gene_17135,SPI1,chr11,2331
gene_17136,SPIB,chr19,3793
gene_17137,SPIC,chr12,1234
gene_17138,SPIN1,chr9,5597
gene_17139,SPIN2A,chrX,1319
gene_17140,SPIN2B,chrX,2466
gene_17141,SPIN3,chrX,6221
gene_17142,SPIN4,chrX,4112
gene_17143,SPINK13,chr5,840
gene_17144,SPINK14,chr5,388
gene_17145,SPINK1,chr5,441
gene_17146,SPINK2,chr4,1813
gene_17147,SPINK4,chr9,368
gene_17148,SPINK5,chr5,4236
gene_17149,SPINK6,chr5,967
gene_17150,SPINK7,chr5,549
gene_17151,SPINK8,chr3,440
gene_17152,SPINK9,chr5,453
gene_17153,SPINLW1,chr20,5915
gene_17154,SPINT1,chr15,3230
gene_17155,SPINT2,chr19,1802
gene_17156,SPINT3,chr20,476
gene_17157,SPINT4,chr20,380
gene_17158,SPIRE1,chr18,5776
gene_17159,SPIRE2,chr16,4417
gene_17160,SPNS1,chr16,5377
gene_17161,SPNS2,chr17,4534
gene_17162,SPNS3,chr17,1893
gene_17163,SPN,chr16,7037
gene_17164,SPO11,chr20,1817
gene_17165,SPOCD1,chr1,7809
gene_17166,SPOCK1,chr5,5204
gene_17167,SPOCK2,chr10,7130
gene_17168,SPOCK3,chr4,4522
gene_17169,SPON1,chr11,5135
gene_17170,SPON2,chr4,7010
gene_17171,SPOPL,chr2,5734
gene_17172,SPOP,chr17,3715
gene_17173,SPP1,chr4,1814
gene_17174,SPP2,chr2,1019
gene_17175,SPPL2A,chr15,2003
gene_17176,SPPL2B,chr19,6156
gene_17177,SPPL3,chr12,5315
gene_17178,SPRED1,chr15,7255
gene_17179,SPRED2,chr2,4650
gene_17180,SPRED3,chr19,5285
gene_17181,SPRN,chr10,3173
gene_17182,SPRR1A,chr1,1258
gene_17183,SPRR1B,chr1,619
gene_17184,SPRR2A,chr1,744
gene_17185,SPRR2B,chr1,658
gene_17186,SPRR2C,chr1,678
gene_17187,SPRR2D,chr1,682
gene_17188,SPRR2E,chr1,678
gene_17189,SPRR2F,chr1,656
gene_17190,SPRR2G,chr1,650
gene_17191,SPRR3,chr1,1817
gene_17192,SPRR4,chr1,766
gene_17193,SPRY1,chr4,3041
gene_17194,SPRY2,chr13,3037
gene_17195,SPRY3,chrX,18076
gene_17196,SPRY4,chr5,4992
gene_17197,SPRYD3,chr12,2932
gene_17198,SPRYD4,chr12,2870
gene_17199,SPRYD5,chr11,1866
gene_17200,SPR,chr2,1459
gene_17201,SPSB1,chr1,3996
gene_17202,SPSB2,chr12,2076
gene_17203,SPSB3,chr16,3932
gene_17204,SPSB4,chr3,2531
gene_17205,SPTA1,chr1,8017
gene_17206,SPTAN1,chr9,11590
gene_17207,SPTBN1,chr2,14696
gene_17208,SPTBN2,chr11,9056
gene_17209,SPTBN4,chr19,12033
gene_17210,SPTBN5,chr15,11723
gene_17211,SPTB,chr14,10661
gene_17212,SPTLC1,chr9,7470
gene_17213,SPTLC2,chr14,8164
gene_17214,SPTLC3,chr20,5069
gene_17215,SPTY2D1,chr11,6058
gene_17216,SPZ1,chr5,1871
gene_17217,SQLE,chr8,2989
gene_17218,SQRDL,chr15,2179
gene_17219,SQSTM1,chr5,6201
gene_17220,SR140,chr3,9712
gene_17221,SRA1,chr5,2445
gene_17222,SRBD1,chr2,3774
gene_17223,SRCAP,chr16,12804
gene_17224,SRCIN1,chr17,10970
gene_17225,SRCRB4D,chr7,2910
gene_17226,SRC,chr20,4201
gene_17227,SRD5A1,chr5,2766
gene_17228,SRD5A2,chr2,2443
gene_17229,SRD5A3,chr4,4081
gene_17230,SREBF1,chr17,6854
gene_17231,SREBF2,chr22,4826
gene_17232,SRFBP1,chr5,2836
gene_17233,SRF,chr6,4380
gene_17234,SRGAP1,chr12,10473
gene_17235,SRGAP2,chr1,8035
gene_17236,SRGAP3,chr3,15753
gene_17237,SRGN,chr10,1254
gene_17238,SRI,chr7,3199
gene_17239,SRL,chr16,5592
gene_17240,SRMS,chr20,1516
gene_17241,SRM,chr1,1273
gene_17242,SRP14,chr15,1166
gene_17243,SRP19,chr5,3977
gene_17244,SRP54,chr14,2369
gene_17245,SRP68,chr17,3240
gene_17246,SRP72,chr4,4060
gene_17247,SRP9,chr1,5318
gene_17248,SRPK1,chr6,5162
gene_17249,SRPK2,chr7,5163
gene_17250,SRPK3,chrX,5019
gene_17251,SRPRB,chr3,2827
gene_17252,SRPR,chr11,3092
gene_17253,SRPX2,chrX,2190
gene_17254,SRPX,chrX,1903
gene_17255,SRRD,chr22,1492
gene_17256,SRRM1,chr1,4840
gene_17257,SRRM2,chr16,9582
gene_17258,SRRM3,chr7,8350
gene_17259,SRRM4,chr12,8477
gene_17260,SRRM5,chr19,2398
gene_17261,SRRT,chr7,3258
gene_17262,SRR,chr17,2962
gene_17263,SRXN1,chr20,3490
gene_17264,SRY,chrY,897
gene_17265,SS18L1,chr20,6344
gene_17266,SS18L2,chr3,815
gene_17267,SS18,chr18,3826
gene_17268,SSBP1,chr7,2898
gene_17269,SSBP2,chr5,4533
gene_17270,SSBP3,chr1,3254
gene_17271,SSBP4,chr19,1787
gene_17272,SSB,chr2,1944
gene_17273,SSC5D,chr19,5119
gene_17274,SSFA2,chr2,9278
gene_17275,SSH1,chr12,10290
gene_17276,SSH2,chr17,11443
gene_17277,SSH3,chr11,3668
gene_17278,SSNA1,chr9,941
gene_17279,SSPN,chr12,4780
gene_17280,SSPO,chr7,16424
gene_17281,SSR1,chr6,9858
gene_17282,SSR2,chr1,7191
gene_17283,SSR3,chr3,3854
gene_17284,SSR4,chrX,1297
gene_17285,SSRP1,chr11,3058
gene_17286,SSSCA1,chr11,654
gene_17287,SSTR1,chr14,4291
gene_17288,SSTR2,chr17,2964
gene_17289,SSTR3,chr22,2149
gene_17290,SSTR4,chr20,1258
gene_17291,SSTR5,chr16,5331
gene_17292,SST,chr3,632
gene_17293,SSU72,chr1,4676
gene_17294,SSX1,chrX,1253
gene_17295,SSX2IP,chr1,7887
gene_17296,SSX2,chrX,2900
gene_17297,SSX3,chrX,2017
gene_17298,SSX4,,
gene_17299,SSX5,chrX,1384
gene_17300,SSX6,chrX,2405
gene_17301,SSX7,chrX,1340
gene_17302,SSX8,chrX,1650
gene_17303,ST13,chr22,3240
gene_17304,ST14,chr11,3633
gene_17305,ST18,chr8,11348
gene_17306,ST20,chr15,1572
gene_17307,ST3GAL1,chr8,7650
gene_17308,ST3GAL2,chr16,6897
gene_17309,ST3GAL3,chr1,4376
gene_17310,ST3GAL4,chr11,3656
gene_17311,ST3GAL5,chr2,3499
gene_17312,ST3GAL6,chr3,3938
gene_17313,ST5,chr11,6499
gene_17314,ST6GAL1,chr3,4732
gene_17315,ST6GAL2,chr2,7068
gene_17316,ST6GALNAC1,chr17,2681
gene_17317,ST6GALNAC2,chr17,2105
gene_17318,ST6GALNAC3,chr1,3621
gene_17319,ST6GALNAC4,chr9,1691
gene_17320,ST6GALNAC5,chr1,2136
gene_17321,ST6GALNAC6,chr9,4562
gene_17322,ST7L,chr1,5798
gene_17323,ST7OT1,chr7,1888
gene_17324,ST7OT2,chr7,1947
gene_17325,ST7OT3,chr7,1024
gene_17326,ST7OT4,chr7,1572
gene_17327,ST7,chr7,4247
gene_17328,ST8SIA1,chr12,9714
gene_17329,ST8SIA2,chr15,5626
gene_17330,ST8SIA3,chr18,10153
gene_17331,ST8SIA4,chr5,7610
gene_17332,ST8SIA5,chr18,3869
gene_17333,ST8SIA6,chr10,1398
gene_17334,STAB1,chr3,9895
gene_17335,STAB2,chr12,8230
gene_17336,STAC2,chr17,3382
gene_17337,STAC3,chr12,1650
gene_17338,STAC,chr3,3346
gene_17339,STAG1,chr3,6352
gene_17340,STAG2,chrX,6613
gene_17341,STAG3L1,chr7,5202
gene_17342,STAG3L2,chr7,3895
gene_17343,STAG3L3,chr7,6027
gene_17344,STAG3L4,chr7,2202
gene_17345,STAG3,chr7,4927
gene_17346,STAM2,chr2,6364
gene_17347,STAMBPL1,chr10,14707
gene_17348,STAMBP,chr2,6980
gene_17349,STAM,chr10,3970
gene_17350,STAP1,chr4,1749
gene_17351,STAP2,chr19,2512
gene_17352,STARD10,chr11,2597
gene_17353,STARD13,chr13,8713
gene_17354,STARD3NL,chr7,1744
gene_17355,STARD3,chr17,4469
gene_17356,STARD4,chr5,3311
gene_17357,STARD5,chr15,1316
gene_17358,STARD6,chr18,663
gene_17359,STARD7,chr2,3558
gene_17360,STARD8,chrX,5133
gene_17361,STAR,chr8,2695
gene_17362,STAT1,chr2,5173
gene_17363,STAT2,chr12,4986
gene_17364,STAT3,chr17,5375
gene_17365,STAT4,chr2,5861
gene_17366,STAT5A,chr17,6256
gene_17367,STAT5B,chr17,5718
gene_17368,STAT6,chr12,4680
gene_17369,STATH,chr4,600
gene_17370,STAU1,chr20,4144
gene_17371,STAU2,chr8,8239
gene_17372,STBD1,chr4,2951
gene_17373,STC1,chr8,3877
gene_17374,STC2,chr5,5901
gene_17375,STEAP1,chr7,1651
gene_17376,STEAP2,chr7,8470
gene_17377,STEAP3,chr2,4584
gene_17378,STEAP4,chr7,4572
gene_17379,STH,chr17,445
gene_17380,STIL,chr1,7665
gene_17381,STIM1,chr11,4651
gene_17382,STIM2,chr4,5365
gene_17383,STIP1,chr11,2503
gene_17384,STK10,chr5,6019
gene_17385,STK11IP,chr2,5519
gene_17386,STK11,chr19,3276
gene_17387,STK16,chr2,4113
gene_17388,STK17A,chr7,3933
gene_17389,STK17B,chr2,5585
gene_17390,STK19,chr6,4641
gene_17391,STK24,chr13,4937
gene_17392,STK25,chr2,9100
gene_17393,STK31,chr7,4938
gene_17394,STK32A,chr5,3024
gene_17395,STK32B,chr4,3334
gene_17396,STK32C,chr10,4057
gene_17397,STK33,chr11,4560
gene_17398,STK35,chr20,6411
gene_17399,STK36,chr2,5046
gene_17400,STK38L,chr12,5667
gene_17401,STK38,chr6,4428
gene_17402,STK39,chr2,3274
gene_17403,STK3,chr8,3338
gene_17404,STK40,chr1,7766
gene_17405,STK4,chr20,7025
gene_17406,STL,chr6,5342
gene_17407,STMN1,chr1,3867
gene_17408,STMN2,chr8,2403
gene_17409,STMN3,chr20,2908
gene_17410,STMN4,chr8,2191
gene_17411,STOML1,chr15,2454
gene_17412,STOML2,chr9,1277
gene_17413,STOML3,chr13,1998
gene_17414,STOM,chr9,6447
gene_17415,STON1-GTF2A1L,chr2,4133
gene_17416,STON1,chr2,5633
gene_17417,STON2,chr14,17769
gene_17418,STOX1,chr10,4070
gene_17419,STOX2,chr4,4703
gene_17420,STRA13,chr17,870
gene_17421,STRA6,chr15,7335
gene_17422,STRA8,chr7,993
gene_17423,STRADA,chr17,6465
gene_17424,STRADB,chr2,3142
gene_17425,STRAP,chr12,1944
gene_17426,STRBP,chr9,6765
gene_17427,STRC,chr15,9951
gene_17428,STRN3,chr14,4222
gene_17429,STRN4,chr19,3954
gene_17430,STRN,chr2,14110
gene_17431,STS,chrX,7088
gene_17432,STT3A,chr11,3356
gene_17433,STT3B,chr3,2836
gene_17434,STUB1,chr16,1890
gene_17435,STX10,chr19,2136
gene_17436,STX11,chr6,5504
gene_17437,STX12,chr1,3079
gene_17438,STX16,chr20,6227
gene_17439,STX17,chr9,9004
gene_17440,STX18,chr4,2157
gene_17441,STX19,chr3,1156
gene_17442,STX1A,chr7,2295
gene_17443,STX1B,chr16,4703
gene_17444,STX2,chr12,3513
gene_17445,STX3,chr11,6586
gene_17446,STX4,chr16,2258
gene_17447,STX5,chr11,2641
gene_17448,STX6,chr1,4535
gene_17449,STX7,chr6,4366
gene_17450,STX8,chr17,968
gene_17451,STXBP1,chr9,3967
gene_17452,STXBP2,chr19,5167
gene_17453,STXBP3,chr1,2602
gene_17454,STXBP4,chr17,7428
gene_17455,STXBP5L,chr3,9365
gene_17456,STXBP5,chr6,10962
gene_17457,STXBP6,chr14,5299
gene_17458,STYK1,chr12,2995
gene_17459,STYXL1,chr7,3310
gene_17460,STYX,chr14,4982
gene_17461,SUB1,chr5,3809
gene_17462,SUCLA2,chr13,2809
gene_17463,SUCLG1,chr2,2085
gene_17464,SUCLG2,chr3,2663
gene_17465,SUCNR1,chr3,1650
gene_17466,SUDS3,chr12,4728
gene_17467,SUFU,chr10,7026
gene_17468,SUGT1L1,chr13,1049
gene_17469,SUGT1P1,chr9,769
gene_17470,SUGT1,chr13,1914
gene_17471,SULF1,chr8,7499
gene_17472,SULF2,chr20,5241
gene_17473,SULT1A1,chr16,3061
gene_17474,SULT1A2,chr16,1398
gene_17475,SULT1A3,chr16,2592
gene_17476,SULT1B1,chr4,1309
gene_17477,SULT1C2,chr2,3334
gene_17478,SULT1C3,chr2,915
gene_17479,SULT1C4,chr2,1664
gene_17480,SULT1E1,chr4,2218
gene_17481,SULT2A1,chr19,1987
gene_17482,SULT2B1,chr19,1548
gene_17483,SULT4A1,chr22,2731
gene_17484,SULT6B1,chr2,1018
gene_17485,SUMF1,chr3,4281
gene_17486,SUMF2,chr7,2631
gene_17487,SUMO1P1,chr20,1209
gene_17488,SUMO1P3,chr1,1206
gene_17489,SUMO1,chr2,1527
gene_17490,SUMO2,chr17,1066
gene_17491,SUMO3,chr21,2050
gene_17492,SUMO4,chr6,688
gene_17493,SUN1,chr7,8155
gene_17494,SUN2,chr22,4659
gene_17495,SUN3,chr7,1789
gene_17496,SUN5,chr20,1252
gene_17497,SUOX,chr12,3748
gene_17498,SUPT16H,chr14,5473
gene_17499,SUPT3H,chr6,4880
gene_17500,SUPT4H1,chr17,1702
gene_17501,SUPT5H,chr19,6696
gene_17502,SUPT6H,chr17,7800
gene_17503,SUPT7L,chr2,6431
gene_17504,SUPV3L1,chr10,2609
gene_17505,SURF1,chr9,1037
gene_17506,SURF2,chr9,844
gene_17507,SURF4,chr9,3973
gene_17508,SURF6,chr9,2317
gene_17509,SUSD1,chr9,3061
gene_17510,SUSD2,chr22,3183
gene_17511,SUSD3,chr9,1304
gene_17512,SUSD4,chr1,4155
gene_17513,SUSD5,chr3,5005
gene_17514,SUV39H1,chrX,3441
gene_17515,SUV39H2,chr10,3587
gene_17516,SUV420H1,chr11,6394
gene_17517,SUV420H2,chr19,3172
gene_17518,SUZ12P,chr17,2614
gene_17519,SUZ12,chr17,4477
gene_17520,SV2A,chr1,5304
gene_17521,SV2B,chr15,13378
gene_17522,SV2C,chr5,2362
gene_17523,SVEP1,chr9,15896
gene_17524,SVIL,chr10,9621
gene_17525,SVIP,chr11,1389
gene_17526,SVOPL,chr7,1819
gene_17527,SVOP,chr12,3310
gene_17528,SWAP70,chr11,6607
gene_17529,SYAP1,chrX,3606
gene_17530,SYBU,chr8,5848
gene_17531,SYCE1L,chr16,972
gene_17532,SYCE1,chr10,3851
gene_17533,SYCE2,chr19,933
gene_17534,SYCN,chr19,482
gene_17535,SYCP1,chr1,3728
gene_17536,SYCP2L,chr6,3493
gene_17537,SYCP2,chr20,5960
gene_17538,SYCP3,chr12,1386
gene_17539,SYDE1,chr19,5298
gene_17540,SYDE2,chr1,6749
gene_17541,SYF2,chr1,4420
gene_17542,SYK,chr9,5552
gene_17543,SYMPK,chr19,8577
gene_17544,SYN1,chrX,4271
gene_17545,SYN2,chr3,6089
gene_17546,SYN3,chr22,3472
gene_17547,SYNCRIP,chr6,14027
gene_17548,SYNC,chr1,3493
gene_17549,SYNE1,chr6,41149
gene_17550,SYNE2,chr14,28563
gene_17551,SYNGAP1,chr6,6655
gene_17552,SYNGR1,chr22,5357
gene_17553,SYNGR2,chr17,2905
gene_17554,SYNGR3,chr16,2051
gene_17555,SYNGR4,chr19,1015
gene_17556,SYNJ1,chr21,7426
gene_17557,SYNJ2BP,chr14,7060
gene_17558,SYNJ2,chr6,9961
gene_17559,SYNM,chr15,13574
gene_17560,SYNPO2L,chr10,5040
gene_17561,SYNPO2,chr4,19377
gene_17562,SYNPO,chr5,10611
gene_17563,SYNPR,chr3,3020
gene_17564,SYNRG,chr17,13907
gene_17565,SYPL1,chr7,2541
gene_17566,SYPL2,chr1,4853
gene_17567,SYP,chrX,2433
gene_17568,SYS1-DBNDD2,chr20,1344
gene_17569,SYS1,chr20,5686
gene_17570,SYT10,chr12,3466
gene_17571,SYT11,chr1,5280
gene_17572,SYT12,chr11,3718
gene_17573,SYT13,chr11,5375
gene_17574,SYT14L,chr4,2628
gene_17575,SYT14,chr1,5645
gene_17576,SYT15,chr10,6276
gene_17577,SYT16,chr14,4246
gene_17578,SYT17,chr16,4450
gene_17579,SYT1,chr12,5553
gene_17580,SYT2,chr1,7908
gene_17581,SYT3,chr19,3789
gene_17582,SYT4,chr18,5014
gene_17583,SYT5,chr19,3079
gene_17584,SYT6,chr1,4593
gene_17585,SYT7,chr11,6532
gene_17586,SYT8,chr11,2620
gene_17587,SYT9,chr11,4730
gene_17588,SYTL1,chr1,5306
gene_17589,SYTL2,chr11,9491
gene_17590,SYTL3,chr6,3461
gene_17591,SYTL4,chrX,8285
gene_17592,SYTL5,chrX,4883
gene_17593,SYVN1,chr11,3222
gene_17594,TAAR1,chr6,1020
gene_17595,TAAR2,chr6,2000
gene_17596,TAAR5,chr6,1147
gene_17597,TAAR6,chr6,1038
gene_17598,TAAR8,chr6,1029
gene_17599,TAAR9,,
gene_17600,TAB1,chr22,6168
gene_17601,TAB2,chr6,4935
gene_17602,TAB3,chrX,6952
gene_17603,TAC1,chr7,1188
gene_17604,TAC3,chr12,1291
gene_17605,TAC4,chr17,882
gene_17606,TACC1,chr8,11348
gene_17607,TACC2,chr10,13179
gene_17608,TACC3,chr4,3590
gene_17609,TACO1,chr17,1469
gene_17610,TACR1,chr2,5190
gene_17611,TACR2,chr10,2777
gene_17612,TACR3,chr4,1753
gene_17613,TACSTD2,chr1,2072
gene_17614,TADA1,chr1,4467
gene_17615,TADA2A,chr17,2348
gene_17616,TADA2B,chr4,4397
gene_17617,TADA3,chr3,5499
gene_17618,TAF10,chr11,817
gene_17619,TAF11,chr6,1562
gene_17620,TAF12,chr1,2073
gene_17621,TAF13,chr1,577
gene_17622,TAF15,chr17,2400
gene_17623,TAF1A,chr1,2803
gene_17624,TAF1B,chr2,3115
gene_17625,TAF1C,chr16,5157
gene_17626,TAF1D,chr11,2067
gene_17627,TAF1L,chr9,6216
gene_17628,TAF1,chrX,9406
gene_17629,TAF2,chr8,5020
gene_17630,TAF3,chr10,3298
gene_17631,TAF4B,chr18,5023
gene_17632,TAF4,chr20,4628
gene_17633,TAF5L,chr1,6840
gene_17634,TAF5,chr10,3268
gene_17635,TAF6L,chr11,2972
gene_17636,TAF6,chr7,3629
gene_17637,TAF7L,chrX,2797
gene_17638,TAF7,chr5,2295
gene_17639,TAF8,chr6,5914
gene_17640,TAF9B,chrX,2689
gene_17641,TAF9,chr5,2630
gene_17642,TAGAP,chr6,4020
gene_17643,TAGLN2,chr1,2627
gene_17644,TAGLN3,chr3,2391
gene_17645,TAGLN,chr11,3612
gene_17646,TAL1,chr1,5507
gene_17647,TAL2,chr9,648
gene_17648,TALDO1,chr11,2281
gene_17649,TANC1,chr2,10109
gene_17650,TANC2,chr17,15456
gene_17651,TANK,chr2,2454
gene_17652,TAOK1,chr17,16626
gene_17653,TAOK2,chr16,10088
gene_17654,TAOK3,chr12,6124
gene_17655,TAP1,chr6,3116
gene_17656,TAP2,chr6,10954
gene_17657,TAPBPL,chr12,3192
gene_17658,TAPBP,chr6,6211
gene_17659,TAPT1,chr4,5863
gene_17660,TARBP1,chr1,5130
gene_17661,TARBP2,chr12,2996
gene_17662,TARDBP,chr1,4217
gene_17663,TARM1,chr19,897
gene_17664,TARP,chr7,3630
gene_17665,TARS2,chr1,2942
gene_17666,TARSL2,chr15,3553
gene_17667,TARS,chr5,3365
gene_17668,TAS1R1,chr1,2795
gene_17669,TAS1R2,chr1,2521
gene_17670,TAS1R3,chr1,2559
gene_17671,TAS2R10,chr12,924
gene_17672,TAS2R13,chr12,1637
gene_17673,TAS2R14,chr12,954
gene_17674,TAS2R16,chr7,996
gene_17675,TAS2R19,chr12,900
gene_17676,TAS2R1,chr5,1355
gene_17677,TAS2R20,chr12,1914
gene_17678,TAS2R30,chr12,960
gene_17679,TAS2R31,chr12,1021
gene_17680,TAS2R38,chr7,1143
gene_17681,TAS2R39,chr7,1017
gene_17682,TAS2R3,chr7,1101
gene_17683,TAS2R40,chr7,972
gene_17684,TAS2R41,chr7,924
gene_17685,TAS2R42,chr12,945
gene_17686,TAS2R43,chr12,1027
gene_17687,TAS2R46,chr12,930
gene_17688,TAS2R4,chr7,900
gene_17689,TAS2R50,chr12,1000
gene_17690,TAS2R5,chr7,1150
gene_17691,TAS2R60,chr7,957
gene_17692,TAS2R7,chr12,1096
gene_17693,TAS2R8,chr12,930
gene_17694,TAS2R9,chr12,1075
gene_17695,TASP1,chr20,3469
gene_17696,TATDN1,chr8,1148
gene_17697,TATDN2,chr3,6452
gene_17698,TATDN3,chr1,4665
gene_17699,TAT,chr16,4684
gene_17700,TAX1BP1,chr7,3714
gene_17701,TAX1BP3,chr17,3135
gene_17702,TAZ,chrX,2451
gene_17703,TBC1D10A,chr22,2118
gene_17704,TBC1D10B,chr16,4300
gene_17705,TBC1D10C,chr11,1873
gene_17706,TBC1D12,chr10,5749
gene_17707,TBC1D13,chr9,3879
gene_17708,TBC1D14,chr4,5545
gene_17709,TBC1D15,chr12,5957
gene_17710,TBC1D16,chr17,11575
gene_17711,TBC1D17,chr19,3153
gene_17712,TBC1D19,chr4,2607
gene_17713,TBC1D1,chr4,7449
gene_17714,TBC1D20,chr20,5854
gene_17715,TBC1D21,chr15,1208
gene_17716,TBC1D22A,chr22,5027
gene_17717,TBC1D22B,chr6,4195
gene_17718,TBC1D23,chr3,4211
gene_17719,TBC1D24,chr16,7462
gene_17720,TBC1D25,chrX,4664
gene_17721,TBC1D26,chr17,3009
gene_17722,TBC1D28,chr17,1978
gene_17723,TBC1D29,chr17,1210
gene_17724,TBC1D2B,chr15,11120
gene_17725,TBC1D2,chr9,3883
gene_17726,TBC1D3B,chr17,2114
gene_17727,TBC1D3C,chr17,2115
gene_17728,TBC1D3G,chr17,4344
gene_17729,TBC1D3H,chr17,6153
gene_17730,TBC1D3P2,chr17,2172
gene_17731,TBC1D3,chr17,8424
gene_17732,TBC1D4,chr13,6495
gene_17733,TBC1D5,chr3,9309
gene_17734,TBC1D7,chr6,6369
gene_17735,TBC1D8B,chrX,9215
gene_17736,TBC1D8,chr2,5237
gene_17737,TBC1D9B,chr5,9329
gene_17738,TBC1D9,chr4,5486
gene_17739,TBCA,chr5,2783
gene_17740,TBCB,chr19,1475
gene_17741,TBCCD1,chr3,3150
gene_17742,TBCC,chr6,1651
gene_17743,TBCD,chr17,6449
gene_17744,TBCEL,chr11,4513
gene_17745,TBCE,chr1,2574
gene_17746,TBCK,chr4,4408
gene_17747,TBK1,chr12,3087
gene_17748,TBKBP1,chr17,4134
gene_17749,TBL1XR1,chr3,6810
gene_17750,TBL1X,chrX,6816
gene_17751,TBL1Y,chrY,2541
gene_17752,TBL2,chr7,3554
gene_17753,TBL3,chr16,4189
gene_17754,TBPL1,chr6,1889
gene_17755,TBPL2,chr14,1295
gene_17756,TBP,chr6,2698
gene_17757,TBR1,chr2,3379
gene_17758,TBRG1,chr11,5399
gene_17759,TBRG4,chr7,4801
gene_17760,TBX10,chr11,1548
gene_17761,TBX15,chr1,3594
gene_17762,TBX18,chr6,6501
gene_17763,TBX19,chr1,3110
gene_17764,TBX1,chr22,2804
gene_17765,TBX20,chr7,1824
gene_17766,TBX21,chr17,2572
gene_17767,TBX22,chrX,2734
gene_17768,TBX2,chr17,8145
gene_17769,TBX3,chr12,5974
gene_17770,TBX4,chr17,5033
gene_17771,TBX5,chr12,4657
gene_17772,TBX6,chr16,3314
gene_17773,TBXA2R,chr19,3369
gene_17774,TBXAS1,chr7,4319
gene_17775,TC2N,chr14,5439
gene_17776,TCAM1P,chr17,3317
gene_17777,TCAP,chr17,963
gene_17778,TCEA1,chr8,3153
gene_17779,TCEA2,chr20,5063
gene_17780,TCEA3,chr1,1957
gene_17781,TCEAL1,chrX,1348
gene_17782,TCEAL2,chrX,1101
gene_17783,TCEAL3,chrX,1278
gene_17784,TCEAL4,chrX,2553
gene_17785,TCEAL5,chrX,1166
gene_17786,TCEAL6,chrX,1532
gene_17787,TCEAL7,chrX,1184
gene_17788,TCEAL8,chrX,1212
gene_17789,TCEANC,chrX,2352
gene_17790,TCEB1,chr8,2512
gene_17791,TCEB2,chr16,1290
gene_17792,TCEB3B,chr18,3046
gene_17793,TCEB3C,chr18,1877
gene_17794,TCEB3,chr1,4943
gene_17795,TCERG1L,chr10,5257
gene_17796,TCERG1,chr5,4390
gene_17797,TCF12,chr15,6447
gene_17798,TCF15,chr20,1227
gene_17799,TCF19,chr6,3871
gene_17800,TCF20,chr22,7407
gene_17801,TCF21,chr6,3751
gene_17802,TCF23,chr2,786
gene_17803,TCF25,chr16,3090
gene_17804,TCF3,chr19,8930
gene_17805,TCF4,chr18,17726
gene_17806,TCF7L1,chr2,2918
gene_17807,TCF7L2,chr10,5570
gene_17808,TCF7,chr5,9713
gene_17809,TCFL5,chr20,4725
gene_17810,TCHHL1,chr1,3603
gene_17811,TCHH,chr1,7236
gene_17812,TCHP,chr12,3770
gene_17813,TCIRG1,chr11,3492
gene_17814,TCL1A,chr14,1669
gene_17815,TCL1B,chr14,5259
gene_17816,TCL6,chr14,9327
gene_17817,TCN1,chr11,1567
gene_17818,TCN2,chr22,2161
gene_17819,TCOF1,chr5,6077
gene_17820,TCP10L2,chr6,2185
gene_17821,TCP10L,chr21,2697
gene_17822,TCP10,chr6,5733
gene_17823,TCP11L1,chr11,5744
gene_17824,TCP11L2,chr12,5881
gene_17825,TCP11,chr6,2260
gene_17826,TCP1,chr6,3319
gene_17827,TCTA,chr3,2147
gene_17828,TCTE1,chr6,1683
gene_17829,TCTE3,chr6,747
gene_17830,TCTEX1D1,chr1,2394
gene_17831,TCTEX1D2,chr3,679
gene_17832,TCTEX1D4,chr1,1264
gene_17833,TCTN1,chr12,4767
gene_17834,TCTN2,chr12,3105
gene_17835,TCTN3,chr10,3841
gene_17836,TDGF1,chr3,2192
gene_17837,TDGF3,chrX,2710
gene_17838,TDG,chr12,4156
gene_17839,TDH,chr8,2100
gene_17840,TDO2,chr4,1703
gene_17841,TDP1,chr14,5723
gene_17842,TDP2,chr6,2315
gene_17843,TDRD10,chr1,3230
gene_17844,TDRD12,chr19,4046
gene_17845,TDRD1,chr10,6453
gene_17846,TDRD3,chr13,4090
gene_17847,TDRD5,chr1,4797
gene_17848,TDRD6,chr6,8977
gene_17849,TDRD7,chr9,4181
gene_17850,TDRD9,chr14,5027
gene_17851,TDRG1,chr6,1085
gene_17852,TDRKH,chr1,4533
gene_17853,TEAD1,chr11,10877
gene_17854,TEAD2,chr19,3241
gene_17855,TEAD3,chr6,4929
gene_17856,TEAD4,chr12,2254
gene_17857,TECPR1,chr7,6255
gene_17858,TECPR2,chr14,9679
gene_17859,TECRL,chr4,3123
gene_17860,TECR,chr19,1514
gene_17861,TECTA,chr11,6468
gene_17862,TECTB,chr10,990
gene_17863,TEC,chr4,3620
gene_17864,TEDDM1,chr1,2500
gene_17865,TEF,chr22,4996
gene_17866,TEKT1,chr17,1413
gene_17867,TEKT2,chr1,2013
gene_17868,TEKT3,chr17,1784
gene_17869,TEKT4,chr2,2229
gene_17870,TEKT5,chr16,1609
gene_17871,TEK,chr9,5506
gene_17872,TELO2,chr16,3664
gene_17873,TENC1,chr12,7624
gene_17874,TEP1,chr14,13149
gene_17875,TEPP,chr16,1686
gene_17876,TERC,chr3,451
gene_17877,TERF1,chr8,3036
gene_17878,TERF2IP,chr16,2178
gene_17879,TERF2,chr16,3404
gene_17880,TERT,chr5,4715
gene_17881,TESC,chr12,1086
gene_17882,TESK1,chr9,2516
gene_17883,TESK2,chr1,3585
gene_17884,TES,chr7,3983
gene_17885,TET1,chr10,9672
gene_17886,TET2,chr4,20418
gene_17887,TET3,chr2,11743
gene_17888,TEX101,chr19,1739
gene_17889,TEX10,chr9,4645
gene_17890,TEX11,chrX,3291
gene_17891,TEX12,chr11,1245
gene_17892,TEX13A,chrX,2644
gene_17893,TEX13B,chrX,1248
gene_17894,TEX14,chr17,5198
gene_17895,TEX15,chr8,10112
gene_17896,TEX19,chr17,1936
gene_17897,TEX261,chr2,3431
gene_17898,TEX264,chr3,1996
gene_17899,TEX28,chrX,1771
gene_17900,TEX2,chr17,5486
gene_17901,TEX9,chr15,5634
gene_17902,TFAMP1,chr7,2223
gene_17903,TFAM,chr10,5369
gene_17904,TFAP2A,chr6,6199
gene_17905,TFAP2B,chr6,5770
gene_17906,TFAP2C,chr20,2972
gene_17907,TFAP2D,chr6,2169
gene_17908,TFAP2E,chr1,2187
gene_17909,TFAP4,chr16,2140
gene_17910,TFB1M,chr6,3050
gene_17911,TFB2M,chr1,1786
gene_17912,TFCP2L1,chr2,9286
gene_17913,TFCP2,chr12,5428
gene_17914,TFDP1,chr13,3859
gene_17915,TFDP2,chr3,10285
gene_17916,TFDP3,chrX,1680
gene_17917,TFE3,chrX,3941
gene_17918,TFEB,chr6,6120
gene_17919,TFEC,chr7,9291
gene_17920,TFF1,chr21,492
gene_17921,TFF2,chr21,707
gene_17922,TFF3,chr21,1054
gene_17923,TFG,chr3,2432
gene_17924,TFIP11,chr22,3686
gene_17925,TFPI2,chr7,2689
gene_17926,TFPI,chr2,4172
gene_17927,TFPT,chr19,1524
gene_17928,TFR2,chr7,4408
gene_17929,TFRC,chr3,5343
gene_17930,TF,chr3,4806
gene_17931,TGDS,chr13,1902
gene_17932,TGFA,chr2,5218
gene_17933,TGFB1I1,chr16,1866
gene_17934,TGFB1,chr19,2200
gene_17935,TGFB2,chr1,12713
gene_17936,TGFB3,chr14,3610
gene_17937,TGFBI,chr5,3816
gene_17938,TGFBR1,chr9,6804
gene_17939,TGFBR2,chr3,5064
gene_17940,TGFBR3,chr1,8188
gene_17941,TGFBRAP1,chr2,3957
gene_17942,TGIF1,chr18,5308
gene_17943,TGIF2LX,chrX,847
gene_17944,TGIF2LY,chrY,861
gene_17945,TGIF2,chr20,3722
gene_17946,TGM1,chr14,3005
gene_17947,TGM2,chr20,7675
gene_17948,TGM3,chr20,2677
gene_17949,TGM4,chr3,4481
gene_17950,TGM5,chr15,3348
gene_17951,TGM6,chr20,2292
gene_17952,TGM7,chr15,2312
gene_17953,TGOLN2,chr2,17967
gene_17954,TGS1,chr8,3756
gene_17955,TG,chr8,8780
gene_17956,TH1L,chr20,3062
gene_17957,THADA,chr2,13452
gene_17958,THAP10,chr15,2047
gene_17959,THAP11,chr16,1886
gene_17960,THAP1,chr8,2167
gene_17961,THAP2,chr12,4840
gene_17962,THAP3,chr1,3140
gene_17963,THAP4,chr2,2318
gene_17964,THAP5,chr7,3661
gene_17965,THAP6,chr4,6589
gene_17966,THAP7,chr22,1352
gene_17967,THAP8,chr19,2220
gene_17968,THAP9,chr4,7064
gene_17969,THBD,chr20,4032
gene_17970,THBS1,chr15,6277
gene_17971,THBS2,chr6,5809
gene_17972,THBS3,chr1,4734
gene_17973,THBS4,chr5,3220
gene_17974,THEG,chr19,1326
gene_17975,THEM4,chr1,5403
gene_17976,THEM5,chr1,1146
gene_17977,THEMIS,chr6,4492
gene_17978,THG1L,chr5,1380
gene_17979,THNSL1,chr10,3770
gene_17980,THNSL2,chr2,6124
gene_17981,THOC1,chr18,3749
gene_17982,THOC2,chrX,8476
gene_17983,THOC3,chr5,1951
gene_17984,THOC4,chr17,1097
gene_17985,THOC5,chr22,2962
gene_17986,THOC6,chr16,1751
gene_17987,THOC7,chr3,1008
gene_17988,THOP1,chr19,3858
gene_17989,THPO,chr3,5608
gene_17990,THRAP3,chr1,4680
gene_17991,THRA,chr17,4408
gene_17992,THRB,chr3,9017
gene_17993,THRSP,chr11,1180
gene_17994,THSD1P1,,
gene_17995,THSD1,chr13,3347
gene_17996,THSD4,chr15,15490
gene_17997,THSD7A,chr7,10711
gene_17998,THSD7B,chr2,6804
gene_17999,THTPA,chr14,6271
gene_18000,THUMPD1,chr16,7848
gene_18001,THUMPD2,chr2,3026
gene_18002,THUMPD3,chr3,4075
gene_18003,THY1,chr11,2397
gene_18004,THYN1,chr11,1908
gene_18005,TH,chr11,2019
gene_18006,TIA1,chr2,5720
gene_18007,TIAF1,chr17,2089
gene_18008,TIAL1,chr10,5140
gene_18009,TIAM1,chr21,8332
gene_18010,TIAM2,chr6,8074
gene_18011,TICAM1,chr19,2722
gene_18012,TICAM2,chr5,3057
gene_18013,TIE1,chr1,7551
gene_18014,TIFAB,chr5,1273
gene_18015,TIFA,chr4,3073
gene_18016,TIGD1,chr2,2505
gene_18017,TIGD2,chr4,2085
gene_18018,TIGD3,chr11,1966
gene_18019,TIGD4,chr4,2472
gene_18020,TIGD5,chr8,2412
gene_18021,TIGD6,chr5,4682
gene_18022,TIGD7,chr16,3430
gene_18023,TIGIT,chr3,3647
gene_18024,TIMD4,chr5,1528
gene_18025,TIMELESS,chr12,5291
gene_18026,TIMM10,chr11,674
gene_18027,TIMM13,chr19,1956
gene_18028,TIMM16,chr16,584
gene_18029,TIMM17A,chr1,1659
gene_18030,TIMM17B,chrX,1100
gene_18031,TIMM22,chr17,1673
gene_18032,TIMM44,chr19,2189
gene_18033,TIMM50,chr19,3973
gene_18034,TIMM8A,chrX,1806
gene_18035,TIMM8B,chr11,1140
gene_18036,TIMM9,chr14,1078
gene_18037,TIMP1,chrX,3249
gene_18038,TIMP2,chr17,4118
gene_18039,TIMP3,chr22,5486
gene_18040,TIMP4,chr3,1633
gene_18041,TINAGL1,chr1,3470
gene_18042,TINAG,chr6,3548
gene_18043,TINF2,chr14,3838
gene_18044,TIPARP,chr3,4530
gene_18045,TIPIN,chr15,1363
gene_18046,TIPRL,chr1,3219
gene_18047,TIRAP,chr11,4189
gene_18048,TJAP1,chr6,8198
gene_18049,TJP1,chr15,7589
gene_18050,TJP2,chr9,10224
gene_18051,TJP3,chr19,3440
gene_18052,TK1,chr17,1595
gene_18053,TK2,chr16,6050
gene_18054,TKTL1,chrX,3117
gene_18055,TKTL2,chr4,2801
gene_18056,TKT,chr3,3687
gene_18057,TLCD1,chr17,1197
gene_18058,TLE1,chr9,6792
gene_18059,TLE2,chr19,3841
gene_18060,TLE3,chr15,6930
gene_18061,TLE4,chr9,5273
gene_18062,TLE6,chr19,2090
gene_18063,TLK1,chr2,8643
gene_18064,TLK2,chr17,5936
gene_18065,TLL1,chr4,7965
gene_18066,TLL2,chr10,6861
gene_18067,TLN1,chr9,9397
gene_18068,TLN2,chr15,15261
gene_18069,TLR10,chr4,7307
gene_18070,TLR1,chr4,2851
gene_18071,TLR2,chr4,3819
gene_18072,TLR3,chr4,5201
gene_18073,TLR4,chr9,5781
gene_18074,TLR5,chr1,4361
gene_18075,TLR6,chr4,5887
gene_18076,TLR7,chrX,4992
gene_18077,TLR8,chrX,4353
gene_18078,TLR9,chr3,4831
gene_18079,TLX1NB,chr10,1882
gene_18080,TLX1,chr10,3229
gene_18081,TLX2,chr2,2577
gene_18082,TLX3,chr5,1493
gene_18083,TM2D1,chr1,1250
gene_18084,TM2D2,chr8,4209
gene_18085,TM2D3,chr15,3343
gene_18086,TM4SF18,chr3,4119
gene_18087,TM4SF19,chr3,1225
gene_18088,TM4SF1,chr3,4806
gene_18089,TM4SF20,chr2,2294
gene_18090,TM4SF4,chr3,1607
gene_18091,TM4SF5,chr17,708
gene_18092,TM6SF1,chr15,2001
gene_18093,TM6SF2,chr19,1483
gene_18094,TM7SF2,chr11,2565
gene_18095,TM7SF3,chr12,4343
gene_18096,TM7SF4,chr8,2822
gene_18097,TM9SF1,chr14,4959
gene_18098,TM9SF2,chr13,3515
gene_18099,TM9SF3,chr10,6140
gene_18100,TM9SF4,chr20,4528
gene_18101,TMBIM1,chr2,3035
gene_18102,TMBIM4,chr12,2039
gene_18103,TMBIM6,chr12,4176
gene_18104,TMC1,chr9,3821
gene_18105,TMC2,chr20,4090
gene_18106,TMC3,chr15,3820
gene_18107,TMC4,chr19,3212
gene_18108,TMC5,chr16,6703
gene_18109,TMC6,chr17,6354
gene_18110,TMC7,chr16,5836
gene_18111,TMC8,chr17,6763
gene_18112,TMCC1,chr3,7092
gene_18113,TMCC2,chr1,8313
gene_18114,TMCC3,chr12,6002
gene_18115,TMCO1,chr1,5649
gene_18116,TMCO2,chr1,741
gene_18117,TMCO3,chr13,3393
gene_18118,TMCO4,chr1,4451
gene_18119,TMCO5A,chr15,2523
gene_18120,TMCO6,chr5,3640
gene_18121,TMCO7,chr16,5720
gene_18122,TMED10P1,chr8,4033
gene_18123,TMED10,chr14,4628
gene_18124,TMED1,chr19,1357
gene_18125,TMED2,chr12,2126
gene_18126,TMED3,chr15,2096
gene_18127,TMED4,chr7,2853
gene_18128,TMED5,chr1,6185
gene_18129,TMED6,chr16,940
gene_18130,TMED7-TICAM2,chr5,6183
gene_18131,TMED7,chr5,4242
gene_18132,TMED8,chr14,2928
gene_18133,TMED9,chr5,1393
gene_18134,TMEFF1,chr9,2486
gene_18135,TMEFF2,chr2,6180
gene_18136,TMEM100,chr17,2499
gene_18137,TMEM101,chr17,1603
gene_18138,TMEM102,chr17,2309
gene_18139,TMEM104,chr17,5885
gene_18140,TMEM105,chr17,3319
gene_18141,TMEM106A,chr17,3073
gene_18142,TMEM106B,chr7,6514
gene_18143,TMEM106C,chr12,1759
gene_18144,TMEM107,chr17,4068
gene_18145,TMEM108,chr3,7456
gene_18146,TMEM109,chr11,2388
gene_18147,TMEM110,chr3,4736
gene_18148,TMEM111,chr3,2221
gene_18149,TMEM114,chr16,644
gene_18150,TMEM115,chr3,2095
gene_18151,TMEM116,chr12,2831
gene_18152,TMEM117,chr12,2697
gene_18153,TMEM119,chr12,2701
gene_18154,TMEM11,chr17,1688
gene_18155,TMEM120A,chr7,2531
gene_18156,TMEM120B,chr12,7510
gene_18157,TMEM121,chr14,1519
gene_18158,TMEM123,chr11,3590
gene_18159,TMEM125,chr1,1994
gene_18160,TMEM126A,chr11,818
gene_18161,TMEM126B,chr11,3278
gene_18162,TMEM127,chr2,4945
gene_18163,TMEM128,chr4,7453
gene_18164,TMEM129,chr4,3025
gene_18165,TMEM130,chr7,4876
gene_18166,TMEM131,chr2,10431
gene_18167,TMEM132A,chr11,8081
gene_18168,TMEM132B,chr12,12233
gene_18169,TMEM132C,chr12,4947
gene_18170,TMEM132D,chr12,7281
gene_18171,TMEM132E,chr17,4369
gene_18172,TMEM133,chr11,1856
gene_18173,TMEM134,chr11,2342
gene_18174,TMEM135,chr11,9948
gene_18175,TMEM136,chr11,8372
gene_18176,TMEM138,chr11,2653
gene_18177,TMEM139,chr7,2253
gene_18178,TMEM140,chr7,2055
gene_18179,TMEM141,chr9,974
gene_18180,TMEM143,chr19,5007
gene_18181,TMEM144,chr4,3318
gene_18182,TMEM145,chr19,1779
gene_18183,TMEM146,chr19,3036
gene_18184,TMEM147,chr19,1253
gene_18185,TMEM149,chr19,2877
gene_18186,TMEM14A,chr6,1014
gene_18187,TMEM14B,chr6,2294
gene_18188,TMEM14C,chr6,1935
gene_18189,TMEM14E,chr3,1293
gene_18190,TMEM150A,chr2,2802
gene_18191,TMEM150B,chr19,1852
gene_18192,TMEM150C,chr4,2083
gene_18193,TMEM151A,chr11,2530
gene_18194,TMEM151B,chr6,5906
gene_18195,TMEM154,chr4,3216
gene_18196,TMEM155,chr4,2316
gene_18197,TMEM156,chr4,1962
gene_18198,TMEM158,chr3,1859
gene_18199,TMEM159,chr16,2309
gene_18200,TMEM160,chr19,655
gene_18201,TMEM161A,chr19,1827
gene_18202,TMEM161B,chr5,3175
gene_18203,TMEM163,chr2,2135
gene_18204,TMEM164,chrX,5708
gene_18205,TMEM165,chr4,2078
gene_18206,TMEM167A,chr5,4587
gene_18207,TMEM167B,chr1,2750
gene_18208,TMEM168,chr7,4042
gene_18209,TMEM169,chr2,3679
gene_18210,TMEM170A,chr16,9143
gene_18211,TMEM170B,chr6,8413
gene_18212,TMEM171,chr5,1543
gene_18213,TMEM173,chr5,2175
gene_18214,TMEM174,chr5,1758
gene_18215,TMEM175,chr4,4216
gene_18216,TMEM176A,chr7,1038
gene_18217,TMEM176B,chr7,1995
gene_18218,TMEM177,chr2,5019
gene_18219,TMEM178,chr2,2729
gene_18220,TMEM179B,chr11,1043
gene_18221,TMEM179,chr14,1623
gene_18222,TMEM17,chr2,4200
gene_18223,TMEM180,chr10,3528
gene_18224,TMEM181,chr6,6671
gene_18225,TMEM182,chr2,3987
gene_18226,TMEM183A,chr1,2837
gene_18227,TMEM184A,chr7,7778
gene_18228,TMEM184B,chr22,4101
gene_18229,TMEM184C,chr4,2973
gene_18230,TMEM185A,chrX,3094
gene_18231,TMEM185B,chr2,5938
gene_18232,TMEM186,chr16,1448
gene_18233,TMEM187,chrX,1667
gene_18234,TMEM188,chr16,2097
gene_18235,TMEM189-UBE2V1,chr20,2918
gene_18236,TMEM189,chr20,2599
gene_18237,TMEM18,chr2,2525
gene_18238,TMEM190,chr19,593
gene_18239,TMEM191A,chr22,1958
gene_18240,TMEM192,chr4,4495
gene_18241,TMEM194A,chr12,5691
gene_18242,TMEM194B,chr2,3942
gene_18243,TMEM195,chr7,2475
gene_18244,TMEM196,chr7,3463
gene_18245,TMEM198,chr2,2969
gene_18246,TMEM199,chr17,1449
gene_18247,TMEM19,chr12,5608
gene_18248,TMEM200A,chr6,5592
gene_18249,TMEM200B,chr1,2616
gene_18250,TMEM200C,chr18,1920
gene_18251,TMEM201,chr1,6746
gene_18252,TMEM202,chr15,1296
gene_18253,TMEM203,chr9,1556
gene_18254,TMEM204,chr16,2532
gene_18255,TMEM205,chr19,1881
gene_18256,TMEM206,chr1,2145
gene_18257,TMEM207,chr3,1448
gene_18258,TMEM208,chr16,957
gene_18259,TMEM209,chr7,4372
gene_18260,TMEM20,chr10,3261
gene_18261,TMEM211,chr22,507
gene_18262,TMEM212,chr3,1881
gene_18263,TMEM213,chr7,3459
gene_18264,TMEM214,chr2,3040
gene_18265,TMEM215,chr9,5383
gene_18266,TMEM216,chr11,2187
gene_18267,TMEM217,chr6,3583
gene_18268,TMEM218,chr11,5199
gene_18269,TMEM219,chr16,1430
gene_18270,TMEM220,chr17,3092
gene_18271,TMEM222,chr1,1855
gene_18272,TMEM223,chr11,937
gene_18273,TMEM225,chr11,1098
gene_18274,TMEM229A,chr7,2554
gene_18275,TMEM229B,chr14,5763
gene_18276,TMEM22,chr3,2601
gene_18277,TMEM231,chr16,3791
gene_18278,TMEM232,chr5,9097
gene_18279,TMEM233,chr12,1573
gene_18280,TMEM25,chr11,3720
gene_18281,TMEM26,chr10,8282
gene_18282,TMEM27,chrX,1578
gene_18283,TMEM2,chr9,7189
gene_18284,TMEM30A,chr6,4544
gene_18285,TMEM30B,chr14,4442
gene_18286,TMEM30C,chr3,375
gene_18287,TMEM31,chrX,732
gene_18288,TMEM33,chr4,7717
gene_18289,TMEM35,chrX,2070
gene_18290,TMEM37,chr2,1687
gene_18291,TMEM38A,chr19,1625
gene_18292,TMEM38B,chr9,3543
gene_18293,TMEM39A,chr3,5018
gene_18294,TMEM39B,chr1,3003
gene_18295,TMEM40,chr3,1917
gene_18296,TMEM41A,chr3,7533
gene_18297,TMEM41B,chr11,4880
gene_18298,TMEM42,chr3,971
gene_18299,TMEM43,chr3,5196
gene_18300,TMEM44,chr3,3739
gene_18301,TMEM45A,chr3,5859
gene_18302,TMEM45B,chr11,2639
gene_18303,TMEM47,chrX,4222
gene_18304,TMEM48,chr1,4937
gene_18305,TMEM49,chr17,2174
gene_18306,TMEM50A,chr1,2302
gene_18307,TMEM50B,chr21,3221
gene_18308,TMEM51,chr1,3287
gene_18309,TMEM52,chr1,1503
gene_18310,TMEM53,chr1,3930
gene_18311,TMEM54,chr1,1083
gene_18312,TMEM55A,chr8,2403
gene_18313,TMEM55B,chr14,2009
gene_18314,TMEM56,chr1,7185
gene_18315,TMEM57,chr1,4197
gene_18316,TMEM59L,chr19,2529
gene_18317,TMEM59,chr1,3497
gene_18318,TMEM5,chr12,2293
gene_18319,TMEM60,chr7,873
gene_18320,TMEM61,chr1,1097
gene_18321,TMEM62,chr15,2768
gene_18322,TMEM63A,chr1,4571
gene_18323,TMEM63B,chr6,4402
gene_18324,TMEM63C,chr14,5462
gene_18325,TMEM64,chr8,5344
gene_18326,TMEM65,chr8,4307
gene_18327,TMEM66,chr8,1977
gene_18328,TMEM67,chr8,8029
gene_18329,TMEM68,chr8,4774
gene_18330,TMEM69,chr1,1471
gene_18331,TMEM70,chr8,2298
gene_18332,TMEM71,chr8,2254
gene_18333,TMEM72,chr10,1085
gene_18334,TMEM74,chr8,3223
gene_18335,TMEM79,chr1,2897
gene_18336,TMEM80,chr11,3199
gene_18337,TMEM81,chr1,1332
gene_18338,TMEM82,chr1,1265
gene_18339,TMEM84,chr15,3513
gene_18340,TMEM85,chr15,2005
gene_18341,TMEM86A,chr11,3582
gene_18342,TMEM86B,chr19,2334
gene_18343,TMEM87A,chr15,4488
gene_18344,TMEM87B,chr2,5212
gene_18345,TMEM88B,chr1,492
gene_18346,TMEM88,chr17,874
gene_18347,TMEM89,chr3,480
gene_18348,TMEM8A,chr16,3862
gene_18349,TMEM8B,chr9,4492
gene_18350,TMEM8C,chr9,818
gene_18351,TMEM90A,chr14,2607
gene_18352,TMEM90B,chr20,2437
gene_18353,TMEM91,chr19,4020
gene_18354,TMEM92,chr17,2911
gene_18355,TMEM93,chr17,892
gene_18356,TMEM95,chr17,1330
gene_18357,TMEM97,chr17,2568
gene_18358,TMEM98,chr17,1795
gene_18359,TMEM99,chr17,2239
gene_18360,TMEM9B,chr11,1798
gene_18361,TMEM9,chr1,3370
gene_18362,TMF1,chr3,8093
gene_18363,TMIE,chr3,2992
gene_18364,TMIGD1,chr17,1201
gene_18365,TMIGD2,chr19,1368
gene_18366,TMLHE,chrX,4126
gene_18367,TMOD1,chr9,3426
gene_18368,TMOD2,chr15,9266
gene_18369,TMOD3,chr15,5399
gene_18370,TMOD4,chr1,1633
gene_18371,TMPO,chr12,9370
gene_18372,TMPPE,chr3,7365
gene_18373,TMPRSS11A,chr4,2547
gene_18374,TMPRSS11BNL,chr4,3202
gene_18375,TMPRSS11B,chr4,2645
gene_18376,TMPRSS11D,chr4,3207
gene_18377,TMPRSS11F,chr4,2077
gene_18378,TMPRSS12,chr12,4096
gene_18379,TMPRSS13,chr11,5611
gene_18380,TMPRSS15,chr21,3944
gene_18381,TMPRSS2,chr21,3698
gene_18382,TMPRSS3,chr21,6098
gene_18383,TMPRSS4,chr11,3781
gene_18384,TMPRSS5,chr11,2417
gene_18385,TMPRSS6,chr22,3783
gene_18386,TMPRSS7,chr3,2622
gene_18387,TMPRSS9,chr19,3783
gene_18388,TMSB10,chr2,482
gene_18389,TMSB15A,chrX,666
gene_18390,TMSB15B,chrX,3295
gene_18391,TMSB4Y,chrY,1667
gene_18392,TMSL3,,
gene_18393,TMTC1,chr12,14471
gene_18394,TMTC2,chr12,5899
gene_18395,TMTC3,chr12,7327
gene_18396,TMTC4,chr13,5792
gene_18397,TMUB1,chr7,2402
gene_18398,TMUB2,chr17,4271
gene_18399,TMX1,chr14,4905
gene_18400,TMX2,chr11,1906
gene_18401,TMX3,chr18,5460
gene_18402,TMX4,chr20,2365
gene_18403,TNC,chr9,9023
gene_18404,TNFAIP1,chr17,4033
gene_18405,TNFAIP2,chr14,4774
gene_18406,TNFAIP3,chr6,5526
gene_18407,TNFAIP6,chr2,1424
gene_18408,TNFAIP8L1,chr19,3960
gene_18409,TNFAIP8L2,chr1,1178
gene_18410,TNFAIP8L3,chr15,2258
gene_18411,TNFAIP8,chr5,4238
gene_18412,TNFRSF10A,chr8,1750
gene_18413,TNFRSF10B,chr8,4618
gene_18414,TNFRSF10C,chr8,1494
gene_18415,TNFRSF10D,chr8,3538
gene_18416,TNFRSF11A,chr18,4793
gene_18417,TNFRSF11B,chr8,2627
gene_18418,TNFRSF12A,chr16,1962
gene_18419,TNFRSF13B,chr17,2253
gene_18420,TNFRSF13C,chr22,1168
gene_18421,TNFRSF14,chr1,6629
gene_18422,TNFRSF17,chr16,1118
gene_18423,TNFRSF18,chr1,2146
gene_18424,TNFRSF19,chr13,6668
gene_18425,TNFRSF1A,chr12,3231
gene_18426,TNFRSF1B,chr1,3675
gene_18427,TNFRSF21,chr6,3634
gene_18428,TNFRSF25,chr1,2843
gene_18429,TNFRSF4,chr1,2391
gene_18430,TNFRSF6B,chr20,2028
gene_18431,TNFRSF8,chr1,4043
gene_18432,TNFRSF9,chr1,5993
gene_18433,TNFSF10,chr3,3064
gene_18434,TNFSF11,chr13,2727
gene_18435,TNFSF12-TNFSF13,chr17,1864
gene_18436,TNFSF12,chr17,1625
gene_18437,TNFSF13B,chr13,2759
gene_18438,TNFSF13,chr17,3383
gene_18439,TNFSF14,chr19,3094
gene_18440,TNFSF15,chr9,6813
gene_18441,TNFSF18,chr1,748
gene_18442,TNFSF4,chr1,3741
gene_18443,TNFSF8,chr9,4704
gene_18444,TNFSF9,chr19,1665
gene_18445,TNF,chr6,1740
gene_18446,TNIK,chr3,7402
gene_18447,TNIP1,chr5,4344
gene_18448,TNIP2,chr4,2051
gene_18449,TNIP3,chr4,3275
gene_18450,TNK1,chr17,3185
gene_18451,TNK2,chr3,12791
gene_18452,TNKS1BP1,chr11,7455
gene_18453,TNKS2,chr10,6274
gene_18454,TNKS,chr8,10431
gene_18455,TNMD,chrX,3730
gene_18456,TNNC1,chr3,696
gene_18457,TNNC2,chr20,681
gene_18458,TNNI1,chr1,8687
gene_18459,TNNI2,chr11,807
gene_18460,TNNI3K,chr1,3023
gene_18461,TNNI3,chr19,864
gene_18462,TNNT1,chr19,1282
gene_18463,TNNT2,chr1,2989
gene_18464,TNNT3,chr11,1716
gene_18465,TNN,chr1,5008
gene_18466,TNP1,chr2,401
gene_18467,TNP2,chr16,597
gene_18468,TNPO1,chr5,8763
gene_18469,TNPO2,chr19,6365
gene_18470,TNPO3,chr7,4815
gene_18471,TNRC18,chr7,12869
gene_18472,TNRC6A,chr16,12487
gene_18473,TNRC6B,chr22,19507
gene_18474,TNRC6C,chr17,13037
gene_18475,TNR,chr1,5930
gene_18476,TNS1,chr2,13563
gene_18477,TNS3,chr7,8612
gene_18478,TNS4,chr17,4248
gene_18479,TNXB,chr6,18087
gene_18480,TOB1,chr17,4253
gene_18481,TOB2,chr22,4565
gene_18482,TOE1,chr1,3093
gene_18483,TOLLIP,chr11,3820
gene_18484,TOM1L1,chr17,4677
gene_18485,TOM1L2,chr17,6403
gene_18486,TOM1,chr22,3021
gene_18487,TOMM20L,chr14,610
gene_18488,TOMM20,chr1,3385
gene_18489,TOMM22,chr22,1379
gene_18490,TOMM34,chr20,2049
gene_18491,TOMM40L,chr1,5360
gene_18492,TOMM40,chr19,4933
gene_18493,TOMM5,chr9,4317
gene_18494,TOMM6,chr6,3249
gene_18495,TOMM70A,chr3,4381
gene_18496,TOMM7,chr7,779
gene_18497,TOP1MT,chr8,4941
gene_18498,TOP1P1,chr1,2429
gene_18499,TOP1P2,chr22,1519
gene_18500,TOP1,chr20,4825
gene_18501,TOP2A,chr17,5876
gene_18502,TOP2B,chr3,5690
gene_18503,TOP3A,chr17,4532
gene_18504,TOP3B,chr22,5266
gene_18505,TOPBP1,chr3,5647
gene_18506,TOPORS,chr9,4173
gene_18507,TOR1AIP1,chr1,4111
gene_18508,TOR1AIP2,chr1,15156
gene_18509,TOR1A,chr9,3577
gene_18510,TOR1B,chr9,2769
gene_18511,TOR2A,chr9,3765
gene_18512,TOR3A,chr1,2122
gene_18513,TOX2,chr20,4245
gene_18514,TOX3,chr16,3636
gene_18515,TOX4,chr14,6925
gene_18516,TOX,chr8,4131
gene_18517,TP53AIP1,chr11,5505
gene_18518,TP53BP1,chr15,8340
gene_18519,TP53BP2,chr1,5097
gene_18520,TP53I11,chr11,4732
gene_18521,TP53I13,chr17,1453
gene_18522,TP53I3,chr2,2814
gene_18523,TP53INP1,chr8,5652
gene_18524,TP53INP2,chr20,4124
gene_18525,TP53RK,chr20,3687
gene_18526,TP53TG1,chr7,1111
gene_18527,TP53TG3B,chr16,8806
gene_18528,TP53TG5,chr20,981
gene_18529,TP53,chr17,4620
gene_18530,TP63,chr3,7366
gene_18531,TP73,chr1,7226
gene_18532,TPBG,chr6,3477
gene_18533,TPCN1,chr12,6439
gene_18534,TPCN2,chr11,6665
gene_18535,TPD52L1,chr6,3466
gene_18536,TPD52L2,chr20,2716
gene_18537,TPD52L3,chr9,4846
gene_18538,TPD52,chr8,5299
gene_18539,TPH1,chr11,1815
gene_18540,TPH2,chr12,2528
gene_18541,TPI1P2,chr7,2017
gene_18542,TPI1P3,chr6,1214
gene_18543,TPI1,chr12,1856
gene_18544,TPK1,chr7,3083
gene_18545,TPM1,chr15,3879
gene_18546,TPM2,chr9,1924
gene_18547,TPM3,chr1,14930
gene_18548,TPM4,chr19,3066
gene_18549,TPMT,chr6,4231
gene_18550,TPO,chr2,3995
gene_18551,TPP1,chr11,4131
gene_18552,TPP2,chr13,4710
gene_18553,TPPP2,chr14,797
gene_18554,TPPP3,chr16,2155
gene_18555,TPPP,chr5,7051
gene_18556,TPRA1,chr3,2362
gene_18557,TPRG1L,chr1,2548
gene_18558,TPRG1,chr3,4875
gene_18559,TPRKB,chr2,1093
gene_18560,TPRN,chr9,3380
gene_18561,TPRX1,chr19,1908
gene_18562,TPRXL,chr3,3317
gene_18563,TPR,chr1,10538
gene_18564,TPSAB1,chr16,1433
gene_18565,TPSB2,chr16,2196
gene_18566,TPSD1,chr16,1094
gene_18567,TPSG1,chr16,1105
gene_18568,TPST1,chr7,2489
gene_18569,TPST2,chr22,2245
gene_18570,TPT1,chr13,1589
gene_18571,TPTE2P1,chr13,7257
gene_18572,TPTE2P3,chr13,2613
gene_18573,TPTE2,chr13,2946
gene_18574,TPTE,chr21,4352
gene_18575,TPX2,chr20,3770
gene_18576,TRA2A,chr7,2607
gene_18577,TRA2B,chr3,9025
gene_18578,TRABD,chr22,2471
gene_18579,TRADD,chr16,3110
gene_18580,TRAF1,chr9,4714
gene_18581,TRAF2,chr9,2860
gene_18582,TRAF3IP1,chr2,4176
gene_18583,TRAF3IP2,chr6,7432
gene_18584,TRAF3IP3,chr1,3292
gene_18585,TRAF3,chr14,7776
gene_18586,TRAF4,chr17,3095
gene_18587,TRAF5,chr1,4317
gene_18588,TRAF6,chr11,8021
gene_18589,TRAF7,chr16,3667
gene_18590,TRAFD1,chr12,4088
gene_18591,TRAIP,chr3,2808
gene_18592,TRAK1,chr3,10671
gene_18593,TRAK2,chr2,6844
gene_18594,TRAM1L1,chr4,2027
gene_18595,TRAM1,chr8,3327
gene_18596,TRAM2,chr6,7258
gene_18597,TRANK1,chr3,10484
gene_18598,TRAP1,chr16,3103
gene_18599,TRAPPC10,chr21,8756
gene_18600,TRAPPC1,chr17,978
gene_18601,TRAPPC2L,chr16,1374
gene_18602,TRAPPC2P1,chr19,732
gene_18603,TRAPPC2,chrX,4138
gene_18604,TRAPPC3,chr1,2031
gene_18605,TRAPPC4,chr11,1931
gene_18606,TRAPPC5,chr19,1114
gene_18607,TRAPPC6A,chr19,920
gene_18608,TRAPPC6B,chr14,3452
gene_18609,TRAPPC9,chr8,4857
gene_18610,TRAT1,chr3,1695
gene_18611,TRDMT1,chr10,9119
gene_18612,TRDN,chr6,11363
gene_18613,TREH,chr11,2558
gene_18614,TREM1,chr6,3248
gene_18615,TREM2,chr6,1289
gene_18616,TREML1,chr6,1340
gene_18617,TREML2P1,chr6,213
gene_18618,TREML2,chr6,3758
gene_18619,TREML3,chr6,1137
gene_18620,TREML4,chr6,2212
gene_18621,TRERF1,chr6,10172
gene_18622,TREX1,chr3,7877
gene_18623,TREX2,chrX,2000
gene_18624,TRHDE,chr12,5552
gene_18625,TRHR,chr8,1414
gene_18626,TRH,chr3,1890
gene_18627,TRIAP1,chr12,1182
gene_18628,TRIB1,chr8,3757
gene_18629,TRIB2,chr2,4545
gene_18630,TRIB3,chr20,2850
gene_18631,TRIL,chr7,5053
gene_18632,TRIM10,chr6,5547
gene_18633,TRIM11,chr1,4433
gene_18634,TRIM13,chr13,7836
gene_18635,TRIM14,chr9,5674
gene_18636,TRIM15,chr6,2224
gene_18637,TRIM16L,chr17,2815
gene_18638,TRIM16,chr17,8715
gene_18639,TRIM17,chr1,3517
gene_18640,TRIM21,chr11,1929
gene_18641,TRIM22,chr11,5575
gene_18642,TRIM23,chr5,4761
gene_18643,TRIM24,chr7,4409
gene_18644,TRIM25,chr17,5805
gene_18645,TRIM26,chr6,4699
gene_18646,TRIM27,chr6,10191
gene_18647,TRIM28,chr19,2984
gene_18648,TRIM29,chr11,4139
gene_18649,TRIM2,chr4,9563
gene_18650,TRIM31,chr6,2694
gene_18651,TRIM32,chr9,7355
gene_18652,TRIM33,chr1,10066
gene_18653,TRIM34,chr11,2524
gene_18654,TRIM35,chr8,4339
gene_18655,TRIM36,chr5,5246
gene_18656,TRIM37,chr17,4954
gene_18657,TRIM38,chr6,5755
gene_18658,TRIM39,chr6,4347
gene_18659,TRIM3,chr11,3936
gene_18660,TRIM40,chr6,2224
gene_18661,TRIM41,chr5,10657
gene_18662,TRIM42,chr3,2554
gene_18663,TRIM43,chr2,1625
gene_18664,TRIM44,chr11,4337
gene_18665,TRIM45,chr1,4261
gene_18666,TRIM46,chr1,5705
gene_18667,TRIM47,chr17,2397
gene_18668,TRIM48,chr11,1445
gene_18669,TRIM49L,chr11,3298
gene_18670,TRIM49,chr11,2163
gene_18671,TRIM4,chr7,4583
gene_18672,TRIM50,chr7,2174
gene_18673,TRIM52,chr5,2228
gene_18674,TRIM53,chr11,3458
gene_18675,TRIM54,chr2,2060
gene_18676,TRIM55,chr8,2851
gene_18677,TRIM56,chr7,4436
gene_18678,TRIM58,chr1,6578
gene_18679,TRIM59,chr3,3876
gene_18680,TRIM5,chr11,7660
gene_18681,TRIM6-TRIM34,chr11,3478
gene_18682,TRIM60,chr4,2016
gene_18683,TRIM61,chr4,1580
gene_18684,TRIM62,chr1,3841
gene_18685,TRIM63,chr1,1770
gene_18686,TRIM64,chr11,1533
gene_18687,TRIM65,chr17,3439
gene_18688,TRIM66,chr11,10199
gene_18689,TRIM67,chr1,8522
gene_18690,TRIM68,chr11,4309
gene_18691,TRIM69,chr15,2886
gene_18692,TRIM6,chr11,4472
gene_18693,TRIM71,chr3,3138
gene_18694,TRIM72,chr16,2152
gene_18695,TRIM74,,
gene_18696,TRIM77,chr11,1353
gene_18697,TRIM78P,,
gene_18698,TRIM7,chr5,5525
gene_18699,TRIM8,chr10,2744
gene_18700,TRIM9,chr14,8221
gene_18701,TRIML1,chr4,1863
gene_18702,TRIML2,chr4,2520
gene_18703,TRIOBP,chr22,16682
gene_18704,TRIO,chr5,12879
gene_18705,TRIP10,chr19,2491
gene_18706,TRIP11,chr14,8480
gene_18707,TRIP12,chr2,8175
gene_18708,TRIP13,chr5,2968
gene_18709,TRIP4,chr15,2045
gene_18710,TRIP6,chr7,2068
gene_18711,TRIT1,chr1,2682
gene_18712,TRMT112,chr11,581
gene_18713,TRMT11,chr6,2246
gene_18714,TRMT12,chr8,2219
gene_18715,TRMT1,chr19,3513
gene_18716,TRMT2A,chr22,4852
gene_18717,TRMT2B,chrX,4289
gene_18718,TRMT5,chr14,5281
gene_18719,TRMT61A,chr14,3241
gene_18720,TRMT61B,chr2,1843
gene_18721,TRMT6,chr20,3450
gene_18722,TRMU,chr22,2749
gene_18723,TRNAU1AP,chr1,2015
gene_18724,TRNP1,chr1,1949
gene_18725,TRNT1,chr3,4246
gene_18726,TROAP,chr12,4724
gene_18727,TROVE2,chr1,4592
gene_18728,TRO,chrX,6035
gene_18729,TRPA1,chr8,5190
gene_18730,TRPC1,chr3,4170
gene_18731,TRPC2,chr11,1213
gene_18732,TRPC3,chr4,4449
gene_18733,TRPC4AP,chr20,5295
gene_18734,TRPC4,chr13,5041
gene_18735,TRPC5,chrX,7096
gene_18736,TRPC6,chr11,4612
gene_18737,TRPC7,chr5,3116
gene_18738,TRPM1,chr15,7359
gene_18739,TRPM2,chr21,7430
gene_18740,TRPM3,chr9,13116
gene_18741,TRPM4,chr19,5234
gene_18742,TRPM5,chr11,4198
gene_18743,TRPM6,chr9,9345
gene_18744,TRPM7,chr15,11900
gene_18745,TRPM8,chr2,6719
gene_18746,TRPS1,chr8,10268
gene_18747,TRPT1,chr11,1536
gene_18748,TRPV1,chr17,5691
gene_18749,TRPV2,chr17,3214
gene_18750,TRPV3,chr17,10909
gene_18751,TRPV4,chr12,4004
gene_18752,TRPV5,chr7,3433
gene_18753,TRPV6,chr7,3977
gene_18754,TRRAP,chr7,13094
gene_18755,TRUB1,chr10,3493
gene_18756,TRUB2,chr9,1439
gene_18757,TRY6,chr7,1105
gene_18758,TRYX3,chr7,1278
gene_18759,TSC1,chr9,10923
gene_18760,TSC22D1,chr13,10806
gene_18761,TSC22D2,chr3,4042
gene_18762,TSC22D3,chrX,3838
gene_18763,TSC22D4,chr7,4147
gene_18764,TSC2,chr16,7655
gene_18765,TSEN15,chr1,2075
gene_18766,TSEN2,chr3,5408
gene_18767,TSEN34,chr19,3297
gene_18768,TSEN54,chr17,2348
gene_18769,TSFM,chr12,2672
gene_18770,TSG101,chr11,1548
gene_18771,TSG1,chr6,12057
gene_18772,TSGA10IP,chr11,1913
gene_18773,TSGA10,chr2,6922
gene_18774,TSGA13,chr7,2355
gene_18775,TSGA14,chr7,9969
gene_18776,TSHB,chr1,901
gene_18777,TSHR,chr14,5251
gene_18778,TSHZ1,chr18,4992
gene_18779,TSHZ2,chr20,12581
gene_18780,TSHZ3,chr19,4913
gene_18781,TSIX,chrX,37027
gene_18782,TSKS,chr19,1812
gene_18783,TSKU,chr11,2831
gene_18784,TSLP,chr5,4536
gene_18785,TSNARE1,chr8,3361
gene_18786,TSNAX-DISC1,chr1,10180
gene_18787,TSNAXIP1,chr16,4187
gene_18788,TSNAX,chr1,2649
gene_18789,TSN,chr2,4011
gene_18790,TSPAN10,chr17,4570
gene_18791,TSPAN11,chr12,5931
gene_18792,TSPAN12,chr7,2720
gene_18793,TSPAN13,chr7,1902
gene_18794,TSPAN14,chr10,5579
gene_18795,TSPAN15,chr10,1699
gene_18796,TSPAN16,chr19,1403
gene_18797,TSPAN17,chr5,5021
gene_18798,TSPAN18,chr11,4706
gene_18799,TSPAN19,chr12,1020
gene_18800,TSPAN1,chr1,1629
gene_18801,TSPAN2,chr1,3212
gene_18802,TSPAN31,chr12,2038
gene_18803,TSPAN32,chr11,5331
gene_18804,TSPAN33,chr7,3247
gene_18805,TSPAN3,chr15,3853
gene_18806,TSPAN4,chr11,1875
gene_18807,TSPAN5,chr4,3507
gene_18808,TSPAN6,chrX,2594
gene_18809,TSPAN7,chrX,2075
gene_18810,TSPAN8,chr12,1796
gene_18811,TSPAN9,chr12,4351
gene_18812,TSPO2,chr6,1105
gene_18813,TSPO,chr22,1362
gene_18814,TSPY1,chrY,2201
gene_18815,TSPY2,chrY,1253
gene_18816,TSPY3,chrY,2982
gene_18817,TSPY4,chrY,2556
gene_18818,TSPYL1,chr6,5259
gene_18819,TSPYL2,chrX,8345
gene_18820,TSPYL3,chr20,1215
gene_18821,TSPYL4,chr6,4131
gene_18822,TSPYL5,chr8,4463
gene_18823,TSPYL6,chr2,3095
gene_18824,TSR1,chr17,4880
gene_18825,TSR2,chrX,1326
gene_18826,TSSC1,chr2,2633
gene_18827,TSSC4,chr11,2808
gene_18828,TSSK1B,chr5,2478
gene_18829,TSSK2,chr22,1816
gene_18830,TSSK3,chr1,1315
gene_18831,TSSK4,chr14,2796
gene_18832,TSSK6,chr19,1442
gene_18833,TSTA3,chr8,1661
gene_18834,TSTD1,chr1,1030
gene_18835,TSTD2,chr9,7670
gene_18836,TST,chr22,2449
gene_18837,TTBK1,chr6,10862
gene_18838,TTBK2,chr15,5950
gene_18839,TTC12,chr11,3556
gene_18840,TTC13,chr1,3659
gene_18841,TTC14,chr3,7339
gene_18842,TTC15,chr2,3148
gene_18843,TTC16,chr9,4202
gene_18844,TTC17,chr11,7605
gene_18845,TTC18,chr10,8114
gene_18846,TTC19,chr17,6884
gene_18847,TTC1,chr5,1407
gene_18848,TTC21A,chr3,7411
gene_18849,TTC21B,chr2,6897
gene_18850,TTC22,chr1,3073
gene_18851,TTC23L,chr5,4312
gene_18852,TTC23,chr15,5427
gene_18853,TTC24,chr1,2005
gene_18854,TTC25,chr17,2171
gene_18855,TTC26,chr7,3149
gene_18856,TTC27,chr2,3032
gene_18857,TTC28,chr22,11795
gene_18858,TTC29,chr4,2105
gene_18859,TTC30A,chr2,4669
gene_18860,TTC30B,chr2,2644
gene_18861,TTC31,chr2,4322
gene_18862,TTC32,chr2,819
gene_18863,TTC33,chr5,5506
gene_18864,TTC35,chr8,1238
gene_18865,TTC36,chr11,980
gene_18866,TTC37,chr5,5704
gene_18867,TTC38,chr22,2610
gene_18868,TTC39A,chr1,9470
gene_18869,TTC39B,chr9,4916
gene_18870,TTC39C,chr18,5945
gene_18871,TTC3,chr21,12474
gene_18872,TTC4,chr1,2669
gene_18873,TTC5,chr14,2009
gene_18874,TTC7A,chr2,6387
gene_18875,TTC7B,chr14,3680
gene_18876,TTC8,chr14,2814
gene_18877,TTC9B,chr19,843
gene_18878,TTC9C,chr11,2028
gene_18879,TTC9,chr14,5217
gene_18880,TTF1,chr9,3380
gene_18881,TTF2,chr1,5402
gene_18882,TTK,chr6,3297
gene_18883,TTLL10,chr1,3367
gene_18884,TTLL11,chr9,4219
gene_18885,TTLL12,chr22,4281
gene_18886,TTLL13,chr15,4723
gene_18887,TTLL1,chr22,2085
gene_18888,TTLL2,chr6,2877
gene_18889,TTLL3,chr3,12809
gene_18890,TTLL4,chr2,7589
gene_18891,TTLL5,chr14,8712
gene_18892,TTLL6,chr17,5727
gene_18893,TTLL7,chr1,5076
gene_18894,TTLL8,,
gene_18895,TTLL9,chr20,5397
gene_18896,TTL,chr2,5163
gene_18897,TTN,chr2,118091
gene_18898,TTPAL,chr20,6804
gene_18899,TTPA,chr8,2632
gene_18900,TTR,chr18,928
gene_18901,TTTY10,chrY,1628
gene_18902,TTTY11,chrY,829
gene_18903,TTTY12,chrY,978
gene_18904,TTTY13,chrY,659
gene_18905,TTTY14,chrY,515
gene_18906,TTTY15,chrY,5242
gene_18907,TTTY16,chrY,192
gene_18908,TTTY17A,chrY,498
gene_18909,TTTY17B,,
gene_18910,TTTY18,chrY,221
gene_18911,TTTY19,chrY,269
gene_18912,TTTY1B,chrY,1880
gene_18913,TTTY20,chrY,259
gene_18914,TTTY21,chrY,614
gene_18915,TTTY22,chrY,427
gene_18916,TTTY23,chrY,1024
gene_18917,TTTY2,chrY,3266
gene_18918,TTTY3B,,
gene_18919,TTTY4C,,
gene_18920,TTTY5,chrY,1562
gene_18921,TTTY6B,,
gene_18922,TTTY6,chrY,1187
gene_18923,TTTY7,chrY,2734
gene_18924,TTTY8,chrY,1062
gene_18925,TTTY9B,chrY,3274
gene_18926,TTYH1,chr19,5308
gene_18927,TTYH2,chr17,4243
gene_18928,TTYH3,chr7,5174
gene_18929,TUBA1A,chr12,3260
gene_18930,TUBA1B,chr12,3647
gene_18931,TUBA1C,chr12,1794
gene_18932,TUBA3C,chr13,1551
gene_18933,TUBA3D,chr2,1632
gene_18934,TUBA3E,chr2,1540
gene_18935,TUBA4A,chr2,1992
gene_18936,TUBA4B,chr2,2329
gene_18937,TUBA8,chr22,2872
gene_18938,TUBAL3,chr10,1922
gene_18939,TUBB1,chr20,3496
gene_18940,TUBB2A,chr6,1824
gene_18941,TUBB2B,chr6,2019
gene_18942,TUBB2C,chr9,3387
gene_18943,TUBB3,chr16,6975
gene_18944,TUBB4Q,,
gene_18945,TUBB4,chr19,2287
gene_18946,TUBB6,chr18,4214
gene_18947,TUBB8,chr10,1504
gene_18948,TUBBP5,chr9,2660
gene_18949,TUBB,chr6,2736
gene_18950,TUBD1,chr17,2853
gene_18951,TUBE1,chr6,2297
gene_18952,TUBG1,chr17,1951
gene_18953,TUBG2,chr17,2458
gene_18954,TUBGCP2,chr10,7961
gene_18955,TUBGCP3,chr13,4375
gene_18956,TUBGCP4,chr15,3274
gene_18957,TUBGCP5,chr15,5699
gene_18958,TUBGCP6,chr22,10926
gene_18959,TUB,chr11,6717
gene_18960,TUFM,chr16,2071
gene_18961,TUFT1,chr1,3344
gene_18962,TUG1,chr22,9979
gene_18963,TULP1,chr6,3468
gene_18964,TULP2,chr19,1760
gene_18965,TULP3,chr12,4238
gene_18966,TULP4,chr6,11603
gene_18967,TUSC1,chr9,2470
gene_18968,TUSC2,chr3,1775
gene_18969,TUSC3,chr8,3884
gene_18970,TUSC5,chr17,3596
gene_18971,TUT1,chr11,2826
gene_18972,TWF1,chr12,3121
gene_18973,TWF2,chr3,1625
gene_18974,TWIST1,chr7,1666
gene_18975,TWIST2,chr2,1435
gene_18976,TWISTNB,chr7,3892
gene_18977,TWSG1,chr18,3914
gene_18978,TXK,chr4,3526
gene_18979,TXLNA,chr1,5246
gene_18980,TXLNB,chr6,4684
gene_18981,TXLNG,chrX,4396
gene_18982,TXN2,chr22,1549
gene_18983,TXNDC11,chr16,3128
gene_18984,TXNDC12,chr1,6182
gene_18985,TXNDC15,chr5,4592
gene_18986,TXNDC16,chr14,4850
gene_18987,TXNDC17,chr17,2075
gene_18988,TXNDC2,chr18,2484
gene_18989,TXNDC3,chr7,2311
gene_18990,TXNDC5,chr6,3627
gene_18991,TXNDC6,chr3,2804
gene_18992,TXNDC8,chr9,492
gene_18993,TXNDC9,chr2,2487
gene_18994,TXNIP,chr1,3246
gene_18995,TXNL1,chr18,5103
gene_18996,TXNL4A,chr18,1671
gene_18997,TXNL4B,chr16,3249
gene_18998,TXNRD1,chr12,8022
gene_18999,TXNRD2,chr22,5873
gene_19000,TXNRD3IT1,chr3,1212
gene_19001,TXN,chr9,868
gene_19002,TYK2,chr19,4874
gene_19003,TYMP,chr22,3421
gene_19004,TYMS,chr18,1583
gene_19005,TYRO3,chr15,3971
gene_19006,TYROBP,chr19,770
gene_19007,TYRP1,chr9,2876
gene_19008,TYR,chr11,2065
gene_19009,TYSND1,chr10,4524
gene_19010,TYW1B,chr7,3794
gene_19011,TYW1,chr7,3558
gene_19012,TYW3,chr1,3790
gene_19013,T,chr6,3443
gene_19014,U2AF1L4,chr19,2953
gene_19015,U2AF1,chr21,7352
gene_19016,U2AF2,chr19,3218
gene_19017,UACA,chr15,7262
gene_19018,UAP1L1,chr9,3902
gene_19019,UAP1,chr1,2327
gene_19020,UBA1,chrX,4876
gene_19021,UBA2,chr19,3013
gene_19022,UBA3,chr3,2119
gene_19023,UBA52,chr19,2895
gene_19024,UBA5,chr3,3565
gene_19025,UBA6,chr4,9122
gene_19026,UBA7,chr3,3313
gene_19027,UBAC1,chr9,1867
gene_19028,UBAC2,chr13,3742
gene_19029,UBAP1,chr9,3608
gene_19030,UBAP2L,chr1,5815
gene_19031,UBAP2,chr9,12966
gene_19032,UBASH3A,chr21,3554
gene_19033,UBASH3B,chr11,6903
gene_19034,UBB,chr17,1581
gene_19035,UBC,chr12,5841
gene_19036,UBD,chr6,990
gene_19037,UBE2A,chrX,3058
gene_19038,UBE2B,chr5,2631
gene_19039,UBE2CBP,chr6,6479
gene_19040,UBE2C,chr20,2068
gene_19041,UBE2D1,chr10,2655
gene_19042,UBE2D2,chr5,2866
gene_19043,UBE2D3,chr4,4184
gene_19044,UBE2D4,chr7,3982
gene_19045,UBE2DNL,chrX,740
gene_19046,UBE2E1,chr3,2637
gene_19047,UBE2E2,chr3,1861
gene_19048,UBE2E3,chr2,2091
gene_19049,UBE2F,chr2,2422
gene_19050,UBE2G1,chr17,4208
gene_19051,UBE2G2,chr21,3498
gene_19052,UBE2H,chr7,5223
gene_19053,UBE2I,chr16,6061
gene_19054,UBE2J1,chr6,4342
gene_19055,UBE2J2,chr1,2761
gene_19056,UBE2K,chr4,5407
gene_19057,UBE2L3,chr22,3989
gene_19058,UBE2L6,chr11,1743
gene_19059,UBE2MP1,chr16,961
gene_19060,UBE2M,chr19,1524
gene_19061,UBE2NL,chrX,1185
gene_19062,UBE2N,chr12,2552
gene_19063,UBE2O,chr17,6898
gene_19064,UBE2Q1,chr1,3223
gene_19065,UBE2Q2P1,chr15,2150
gene_19066,UBE2Q2,chr15,3545
gene_19067,UBE2QL1,chr5,6129
gene_19068,UBE2R2,chr9,4457
gene_19069,UBE2S,chr19,1191
gene_19070,UBE2T,chr1,908
gene_19071,UBE2U,chr1,1136
gene_19072,UBE2V1,chr20,4058
gene_19073,UBE2V2,chr8,1524
gene_19074,UBE2W,chr8,9088
gene_19075,UBE2Z,chr17,3126
gene_19076,UBE3A,chr15,5656
gene_19077,UBE3B,chr12,8827
gene_19078,UBE3C,chr7,8577
gene_19079,UBE4A,chr11,6288
gene_19080,UBE4B,chr1,6631
gene_19081,UBFD1,chr16,4931
gene_19082,UBIAD1,chr1,3654
gene_19083,UBL3,chr13,4346
gene_19084,UBL4A,chrX,2305
gene_19085,UBL4B,chr1,1508
gene_19086,UBL5,chr19,624
gene_19087,UBL7,chr15,1695
gene_19088,UBLCP1,chr5,2392
gene_19089,UBN1,chr16,8794
gene_19090,UBN2,chr7,16062
gene_19091,UBOX5,chr20,7082
gene_19092,UBP1,chr3,4409
gene_19093,UBQLN1,chr9,4168
gene_19094,UBQLN2,chrX,3418
gene_19095,UBQLN3,chr11,2345
gene_19096,UBQLN4,chr1,3665
gene_19097,UBQLNL,chr11,2334
gene_19098,UBR1,chr15,7959
gene_19099,UBR2,chr6,10997
gene_19100,UBR3,chr2,9534
gene_19101,UBR4,chr1,20461
gene_19102,UBR5,chr8,11614
gene_19103,UBR7,chr14,3836
gene_19104,UBTD1,chr10,1557
gene_19105,UBTD2,chr5,3015
gene_19106,UBTFL1,chr11,1182
gene_19107,UBTF,chr17,5700
gene_19108,UBXN10,chr1,2972
gene_19109,UBXN11,chr1,3515
gene_19110,UBXN1,chr11,4850
gene_19111,UBXN2A,chr2,2464
gene_19112,UBXN2B,chr8,5068
gene_19113,UBXN4,chr2,5053
gene_19114,UBXN6,chr19,1993
gene_19115,UBXN7,chr3,5336
gene_19116,UBXN8,chr8,1810
gene_19117,UCA1,chr19,2314
gene_19118,UCHL1,chr4,1747
gene_19119,UCHL3,chr13,1163
gene_19120,UCHL5,chr1,6905
gene_19121,UCK1,chr9,2622
gene_19122,UCK2,chr1,4920
gene_19123,UCKL1AS,chr20,3571
gene_19124,UCKL1,chr20,2772
gene_19125,UCMA,chr10,823
gene_19126,UCN2,chr3,1485
gene_19127,UCN3,chr10,710
gene_19128,UCN,chr2,615
gene_19129,UCP1,chr4,1198
gene_19130,UCP2,chr11,1646
gene_19131,UCP3,chr11,3666
gene_19132,UEVLD,chr11,2872
gene_19133,UFC1,chr1,1122
gene_19134,UFD1L,chr22,6792
gene_19135,UFM1,chr13,4288
gene_19136,UFSP1,chr7,996
gene_19137,UFSP2,chr4,2538
gene_19138,UGCG,chr9,1631
gene_19139,UGDH,chr4,3196
gene_19140,UGGT1,chr2,11529
gene_19141,UGGT2,chr13,6917
gene_19142,UGP2,chr2,2490
gene_19143,UGT1A10,chr2,4470
gene_19144,UGT1A1,chr2,4448
gene_19145,UGT1A3,chr2,2485
gene_19146,UGT1A4,chr2,2514
gene_19147,UGT1A5,chr2,2485
gene_19148,UGT1A6,chr2,4782
gene_19149,UGT1A7,chr2,2473
gene_19150,UGT1A8,chr2,2536
gene_19151,UGT1A9,chr2,2710
gene_19152,UGT2A1,chr4,4249
gene_19153,UGT2A3,chr4,3066
gene_19154,UGT2B10,chr4,5279
gene_19155,UGT2B11,chr4,1706
gene_19156,UGT2B15,chr4,2258
gene_19157,UGT2B28,chr4,1833
gene_19158,UGT2B4,chr4,2701
gene_19159,UGT2B7,chr4,1887
gene_19160,UGT3A1,chr5,7876
gene_19161,UGT3A2,chr5,2385
gene_19162,UGT8,chr4,4390
gene_19163,UHMK1,chr1,8658
gene_19164,UHRF1BP1L,chr12,5477
gene_19165,UHRF1BP1,chr6,10430
gene_19166,UHRF1,chr19,4646
gene_19167,UHRF2,chr9,7412
gene_19168,UIMC1,chr5,4112
gene_19169,ULBP1,chr6,3142
gene_19170,ULBP2,chr6,1346
gene_19171,ULBP3,chr6,2102
gene_19172,ULK1,chr12,5222
gene_19173,ULK2,chr17,9476
gene_19174,ULK3,chr15,3755
gene_19175,ULK4,chr3,5452
gene_19176,UMODL1,chr21,7372
gene_19177,UMOD,chr16,2541
gene_19178,UMPS,chr3,8037
gene_19179,UNC119B,chr12,4404
gene_19180,UNC119,chr17,2527
gene_19181,UNC13A,chr19,9880
gene_19182,UNC13B,chr9,6573
gene_19183,UNC13C,chr15,8679
gene_19184,UNC13D,chr17,6937
gene_19185,UNC45A,chr15,5709
gene_19186,UNC45B,chr17,5989
gene_19187,UNC50,chr2,3168
gene_19188,UNC5A,chr5,4741
gene_19189,UNC5B,chr10,6890
gene_19190,UNC5CL,chr6,3986
gene_19191,UNC5C,chr4,10104
gene_19192,UNC5D,chr8,9440
gene_19193,UNC80,chr2,19793
gene_19194,UNC93A,chr6,2111
gene_19195,UNC93B1,chr11,2313
gene_19196,UNCX,chr7,1596
gene_19197,UNG,chr12,2573
gene_19198,UNKL,chr16,7024
gene_19199,UNK,chr17,5045
gene_19200,UOX,chr1,1551
gene_19201,UPB1,chr22,3637
gene_19202,UPF0639,chr14,5388
gene_19203,UPF1,chr19,6520
gene_19204,UPF2,chr10,6649
gene_19205,UPF3A,chr13,4116
gene_19206,UPF3B,chrX,2404
gene_19207,UPK1A,chr19,1321
gene_19208,UPK1B,chr3,2157
gene_19209,UPK2,chr11,934
gene_19210,UPK3A,chr22,1046
gene_19211,UPK3BL,,
gene_19212,UPK3B,chr7,2149
gene_19213,UPP1,chr7,2666
gene_19214,UPP2,chr2,2665
gene_19215,UPRT,chrX,3020
gene_19216,UQCC,chr20,6654
gene_19217,UQCR10,chr22,1155
gene_19218,UQCR11,chr19,1335
gene_19219,UQCRB,chr8,5360
gene_19220,UQCRC1,chr3,1617
gene_19221,UQCRC2,chr16,3149
gene_19222,UQCRFS1,chr19,1224
gene_19223,UQCRHL,chr1,538
gene_19224,UQCRH,chr1,674
gene_19225,UQCRQ,chr5,1585
gene_19226,URB1,chr21,10808
gene_19227,URB2,chr1,5783
gene_19228,URGCP,chr7,7058
gene_19229,URM1,chr9,9719
gene_19230,UROC1,chr3,3508
gene_19231,UROD,chr1,5233
gene_19232,UROS,chr10,2518
gene_19233,USE1,chr19,2230
gene_19234,USF1,chr1,1920
gene_19235,USF2,chr19,2224
gene_19236,USH1C,chr11,3576
gene_19237,USH1G,chr17,4726
gene_19238,USH2A,chr1,20416
gene_19239,USHBP1,chr19,4604
gene_19240,USMG5,chr10,892
gene_19241,USO1,chr4,3935
gene_19242,USP10,chr16,3499
gene_19243,USP11,chrX,4087
gene_19244,USP12,chr13,4503
gene_19245,USP13,chr3,7933
gene_19246,USP14,chr18,4156
gene_19247,USP15,chr12,11043
gene_19248,USP16,chr21,3372
gene_19249,USP17L2,chr8,1593
gene_19250,USP17L6P,chr4,1197
gene_19251,USP17,chr4,1593
gene_19252,USP18,chr22,2035
gene_19253,USP19,chr3,6157
gene_19254,USP1,chr1,4362
gene_19255,USP20,chr9,6251
gene_19256,USP21,chr1,2427
gene_19257,USP22,chr17,5795
gene_19258,USP24,chr1,10957
gene_19259,USP25,chr21,5178
gene_19260,USP26,chrX,2794
gene_19261,USP27X,chrX,2699
gene_19262,USP28,chr11,5500
gene_19263,USP29,chr19,3606
gene_19264,USP2,chr11,4067
gene_19265,USP30,chr12,4527
gene_19266,USP31,chr16,12508
gene_19267,USP32,chr17,7748
gene_19268,USP33,chr1,4805
gene_19269,USP34,chr2,11739
gene_19270,USP35,chr11,5264
gene_19271,USP36,chr17,12030
gene_19272,USP37,chr2,8878
gene_19273,USP38,chr4,7307
gene_19274,USP39,chr2,3620
gene_19275,USP3,chr15,6215
gene_19276,USP40,chr2,8077
gene_19277,USP42,chr7,7040
gene_19278,USP43,chr17,5160
gene_19279,USP44,chr12,3763
gene_19280,USP45,chr6,7049
gene_19281,USP46,chr4,8686
gene_19282,USP47,chr11,8929
gene_19283,USP48,chr1,8680
gene_19284,USP49,chr6,3177
gene_19285,USP4,chr3,6299
gene_19286,USP50,chr15,1601
gene_19287,USP51,chrX,4403
gene_19288,USP53,chr4,8773
gene_19289,USP54,chr10,9977
gene_19290,USP5,chr12,3313
gene_19291,USP6NL,chr10,6349
gene_19292,USP6,chr17,11846
gene_19293,USP7,chr16,5954
gene_19294,USP8,chr15,7227
gene_19295,USP9X,chrX,12614
gene_19296,USP9Y,chrY,10281
gene_19297,USPL1,chr13,9166
gene_19298,UST,chr6,4391
gene_19299,UTF1,chr10,1157
gene_19300,UTP11L,chr1,2050
gene_19301,UTP14A,chrX,4430
gene_19302,UTP14C,chr13,9732
gene_19303,UTP15,chr5,3871
gene_19304,UTP18,chr17,1884
gene_19305,UTP20,chr12,9705
gene_19306,UTP23,chr8,3691
gene_19307,UTP3,chr4,2073
gene_19308,UTP6,chr17,3625
gene_19309,UTRN,chr6,12649
gene_19310,UTS2D,chr3,2408
gene_19311,UTS2R,chr17,1170
gene_19312,UTS2,chr1,1942
gene_19313,UTY,chrY,11284
gene_19314,UVRAG,chr11,6382
gene_19315,UXS1,chr2,4316
gene_19316,UXT,chrX,1015
gene_19317,VAC14,chr16,4006
gene_19318,VAMP1,chr12,6044
gene_19319,VAMP2,chr17,2155
gene_19320,VAMP3,chr1,2205
gene_19321,VAMP4,chr1,7406
gene_19322,VAMP5,chr2,665
gene_19323,VAMP7,chrX,5800
gene_19324,VAMP8,chr2,776
gene_19325,VANGL1,chr1,8896
gene_19326,VANGL2,chr1,5461
gene_19327,VAPA,chr18,6994
gene_19328,VAPB,chr20,8151
gene_19329,VARS2,chr6,7794
gene_19330,VARS,chr6,4486
gene_19331,VASH1,chr14,6531
gene_19332,VASH2,chr1,8043
gene_19333,VASN,chr16,2806
gene_19334,VASP,chr19,2388
gene_19335,VAT1L,chr16,3766
gene_19336,VAT1,chr17,3044
gene_19337,VAV1,chr19,3061
gene_19338,VAV2,chr9,5821
gene_19339,VAV3,chr1,6080
gene_19340,VAX1,chr10,5788
gene_19341,VAX2,chr2,1146
gene_19342,VBP1,chrX,1749
gene_19343,VCAM1,chr1,3293
gene_19344,VCAN,chr5,19908
gene_19345,VCL,chr10,8756
gene_19346,VCPIP1,chr8,8176
gene_19347,VCP,chr9,4428
gene_19348,VCX2,chrX,815
gene_19349,VCX3A,chrX,1855
gene_19350,VCX3B,chrX,1586
gene_19351,VCX,chrX,967
gene_19352,VCY,chrY,1098
gene_19353,VDAC1,chr5,3206
gene_19354,VDAC2,chr10,2154
gene_19355,VDAC3,chr8,1594
gene_19356,VDR,chr12,5543
gene_19357,VEGFA,chr6,6935
gene_19358,VEGFB,chr11,1940
gene_19359,VEGFC,chr4,2079
gene_19360,VENTXP1,chrX,2716
gene_19361,VENTXP7,chr3,960
gene_19362,VENTX,chr10,2411
gene_19363,VEPH1,chr3,5580
gene_19364,VEZF1,chr17,4835
gene_19365,VEZT,chr12,7598
gene_19366,VGF,chr7,2553
gene_19367,VGLL1,chrX,1215
gene_19368,VGLL2,chr6,2231
gene_19369,VGLL3,chr3,10396
gene_19370,VGLL4,chr3,5001
gene_19371,VHLL,chr1,1014
gene_19372,VHL,chr3,4560
gene_19373,VIL1,chr2,3347
gene_19374,VILL,chr3,4152
gene_19375,VIM,chr10,2136
gene_19376,VIPAR,chr14,3709
gene_19377,VIPR1,chr3,3942
gene_19378,VIPR2,chr7,4715
gene_19379,VIP,chr6,1802
gene_19380,VIT,chr2,3524
gene_19381,VKORC1L1,chr7,1146
gene_19382,VKORC1,chr16,1080
gene_19383,VLDLR,chr9,3790
gene_19384,VMA21,chrX,4736
gene_19385,VMAC,chr19,1670
gene_19386,VMO1,chr17,1016
gene_19387,VN1R1,chr19,1566
gene_19388,VN1R2,chr19,1311
gene_19389,VN1R4,chr19,906
gene_19390,VN1R5,,
gene_19391,VNN1,chr6,4773
gene_19392,VNN2,chr6,2247
gene_19393,VNN3,chr6,3648
gene_19394,VOPP1,chr7,3467
gene_19395,VPRBP,chr3,7024
gene_19396,VPREB1,chr22,641
gene_19397,VPREB3,chr22,585
gene_19398,VPS11,chr11,3770
gene_19399,VPS13A,chr9,14604
gene_19400,VPS13B,chr8,15206
gene_19401,VPS13C,chr15,17809
gene_19402,VPS13D,chr1,19042
gene_19403,VPS16,chr20,3205
gene_19404,VPS18,chr15,3895
gene_19405,VPS24,chr2,3374
gene_19406,VPS25,chr17,1101
gene_19407,VPS26A,chr10,2807
gene_19408,VPS26B,chr11,3669
gene_19409,VPS28,chr8,1460
gene_19410,VPS29,chr12,1231
gene_19411,VPS33A,chr12,3961
gene_19412,VPS33B,chr15,2639
gene_19413,VPS35,chr16,8000
gene_19414,VPS36,chr13,4691
gene_19415,VPS37A,chr8,4819
gene_19416,VPS37B,chr12,2749
gene_19417,VPS37C,chr11,3793
gene_19418,VPS37D,chr7,1605
gene_19419,VPS39,chr15,6324
gene_19420,VPS41,chr7,4988
gene_19421,VPS45,chr1,4288
gene_19422,VPS4A,chr16,2176
gene_19423,VPS4B,chr18,4290
gene_19424,VPS52,chr6,3954
gene_19425,VPS53,chr17,14432
gene_19426,VPS54,chr2,7964
gene_19427,VPS72,chr1,3698
gene_19428,VPS8,chr3,7059
gene_19429,VRK1,chr14,1703
gene_19430,VRK2,chr2,3967
gene_19431,VRK3,chr19,4128
gene_19432,VSIG10L,chr19,3766
gene_19433,VSIG10,chr12,5003
gene_19434,VSIG1,chrX,3236
gene_19435,VSIG2,chr11,1550
gene_19436,VSIG4,chrX,3406
gene_19437,VSIG8,chr1,1818
gene_19438,VSNL1,chr2,2005
gene_19439,VSTM1,chr19,1330
gene_19440,VSTM2A,chr7,1723
gene_19441,VSTM2B,chr19,1243
gene_19442,VSTM2L,chr20,1961
gene_19443,VSX1,chr20,3858
gene_19444,VSX2,chr14,2995
gene_19445,VTA1,chr6,3244
gene_19446,VTCN1,chr1,3716
gene_19447,VTI1A,chr10,7289
gene_19448,VTI1B,chr14,1492
gene_19449,VTN,chr17,1677
gene_19450,VTRNA1-1,chr5,98
gene_19451,VTRNA1-2,chr5,88
gene_19452,VTRNA1-3,chr5,88
gene_19453,VWA1,chr1,4822
gene_19454,VWA2,chr10,6759
gene_19455,VWA3A,chr16,4887
gene_19456,VWA3B,chr2,9281
gene_19457,VWA5A,chr11,4324
gene_19458,VWA5B1,chr1,6437
gene_19459,VWA5B2,chr3,6098
gene_19460,VWC2L,chr2,908
gene_19461,VWC2,chr7,1891
gene_19462,VWCE,chr11,3807
gene_19463,VWDE,chr7,6256
gene_19464,VWF,chr12,9468
gene_19465,WAC,chr10,6836
gene_19466,WAPAL,chr10,6693
gene_19467,WARS2,chr1,5822
gene_19468,WARS,chr14,3472
gene_19469,WASF1,chr6,3260
gene_19470,WASF2,chr1,5671
gene_19471,WASF3,chr13,5001
gene_19472,WASH2P,chr2,3856
gene_19473,WASH3P,chr15,4657
gene_19474,WASH5P,chr19,1137
gene_19475,WASH7P,chr1,8050
gene_19476,WASL,chr7,4422
gene_19477,WAS,chrX,1830
gene_19478,WBP11P1,chr18,2972
gene_19479,WBP11,chr12,2674
gene_19480,WBP1,chr2,2327
gene_19481,WBP2NL,chr22,3192
gene_19482,WBP2,chr17,2619
gene_19483,WBP4,chr13,2333
gene_19484,WBP5,chrX,1941
gene_19485,WBSCR16,chr7,3025
gene_19486,WBSCR17,chr7,3690
gene_19487,WBSCR22,chr7,3777
gene_19488,WBSCR26,chr7,473
gene_19489,WBSCR27,chr7,1470
gene_19490,WBSCR28,chr7,977
gene_19491,WDFY1,chr2,4607
gene_19492,WDFY2,chr13,4217
gene_19493,WDFY3,chr4,16074
gene_19494,WDFY4,chr10,12598
gene_19495,WDHD1,chr14,6032
gene_19496,WDR11,chr10,5905
gene_19497,WDR12,chr2,2282
gene_19498,WDR13,chrX,4230
gene_19499,WDR16,chr17,2516
gene_19500,WDR17,chr4,9214
gene_19501,WDR18,chr19,1551
gene_19502,WDR19,chr4,5171
gene_19503,WDR1,chr4,6480
gene_19504,WDR20,chr14,7484
gene_19505,WDR24,chr16,3165
gene_19506,WDR25,chr14,2422
gene_19507,WDR26,chr1,10032
gene_19508,WDR27,chr6,7740
gene_19509,WDR31,chr9,2817
gene_19510,WDR33,chr2,11468
gene_19511,WDR34,chr9,2408
gene_19512,WDR35,chr2,7716
gene_19513,WDR36,chr5,6709
gene_19514,WDR37,chr10,8801
gene_19515,WDR38,chr9,1964
gene_19516,WDR3,chr1,4195
gene_19517,WDR41,chr5,2659
gene_19518,WDR43,chr2,3501
gene_19519,WDR44,chrX,4305
gene_19520,WDR45L,chr17,2639
gene_19521,WDR45,chrX,4369
gene_19522,WDR46,chr6,2538
gene_19523,WDR47,chr1,4748
gene_19524,WDR48,chr3,5698
gene_19525,WDR49,chr3,3908
gene_19526,WDR4,chr21,3135
gene_19527,WDR52,chr3,10967
gene_19528,WDR53,chr3,1571
gene_19529,WDR54,chr2,1119
gene_19530,WDR55,chr5,3138
gene_19531,WDR59,chr16,4924
gene_19532,WDR5B,chr3,4183
gene_19533,WDR5,chr9,3322
gene_19534,WDR60,chr7,6680
gene_19535,WDR61,chr15,4137
gene_19536,WDR62,chr19,8185
gene_19537,WDR63,chr1,3007
gene_19538,WDR64,chr1,4458
gene_19539,WDR65,chr1,5591
gene_19540,WDR66,chr12,4434
gene_19541,WDR67,chr8,5887
gene_19542,WDR69,chr2,1937
gene_19543,WDR6,chr3,8786
gene_19544,WDR70,chr5,2473
gene_19545,WDR72,chr15,8303
gene_19546,WDR73,chr15,3163
gene_19547,WDR74,chr11,2554
gene_19548,WDR75,chr2,4432
gene_19549,WDR76,chr15,4319
gene_19550,WDR77,chr1,2536
gene_19551,WDR78,chr1,4682
gene_19552,WDR7,chr18,7361
gene_19553,WDR81,chr17,7864
gene_19554,WDR82,chr3,5479
gene_19555,WDR83,chr19,1748
gene_19556,WDR85,chr9,4641
gene_19557,WDR86,chr7,3027
gene_19558,WDR87,chr19,9118
gene_19559,WDR88,chr19,1722
gene_19560,WDR89,chr14,3895
gene_19561,WDR8,chr1,7786
gene_19562,WDR90,chr16,11177
gene_19563,WDR91,chr7,5727
gene_19564,WDR92,chr2,3593
gene_19565,WDR93,chr15,4368
gene_19566,WDSUB1,chr2,2196
gene_19567,WDTC1,chr1,6390
gene_19568,WDYHV1,chr8,1400
gene_19569,WEE1,chr11,8929
gene_19570,WEE2,chr7,3061
gene_19571,WFDC10A,chr20,482
gene_19572,WFDC10B,chr20,632
gene_19573,WFDC11,chr20,615
gene_19574,WFDC12,chr20,774
gene_19575,WFDC13,chr20,1372
gene_19576,WFDC1,chr16,1895
gene_19577,WFDC2,chr20,945
gene_19578,WFDC3,chr20,1063
gene_19579,WFDC5,chr20,1018
gene_19580,WFDC6,chr20,619
gene_19581,WFDC8,chr20,1673
gene_19582,WFDC9,chr20,659
gene_19583,WFIKKN1,chr16,1948
gene_19584,WFIKKN2,chr17,4137
gene_19585,WFS1,chr4,4518
gene_19586,WHAMML1,chr15,4596
gene_19587,WHAMML2,chr15,9772
gene_19588,WHAMM,chr15,4261
gene_19589,WHSC1L1,chr8,7807
gene_19590,WHSC1,chr4,20224
gene_19591,WHSC2,chr4,3458
gene_19592,WIBG,chr12,1959
gene_19593,WIF1,chr12,2240
gene_19594,WIPF1,chr2,8563
gene_19595,WIPF2,chr17,6373
gene_19596,WIPF3,chr7,6074
gene_19597,WIPI1,chr17,1924
gene_19598,WIPI2,chr7,7193
gene_19599,WISP1,chr8,5277
gene_19600,WISP2,chr20,1629
gene_19601,WISP3,chr6,1541
gene_19602,WIT1,chr11,3137
gene_19603,WIZ,chr19,5340
gene_19604,WLS,chr1,3946
gene_19605,WNK1,chr12,12816
gene_19606,WNK2,chr9,10240
gene_19607,WNK3,chrX,11434
gene_19608,WNK4,chr17,5625
gene_19609,WNT10A,chr2,2375
gene_19610,WNT10B,chr12,2601
gene_19611,WNT11,chr11,2503
gene_19612,WNT16,chr7,3228
gene_19613,WNT1,chr12,2284
gene_19614,WNT2B,chr1,2715
gene_19615,WNT2,chr7,3120
gene_19616,WNT3A,chr1,3714
gene_19617,WNT3,chr17,3355
gene_19618,WNT4,chr1,4066
gene_19619,WNT5A,chr3,6673
gene_19620,WNT5B,chr12,3119
gene_19621,WNT6,chr2,1700
gene_19622,WNT7A,chr3,1714
gene_19623,WNT7B,chr22,4122
gene_19624,WNT8A,chr5,2406
gene_19625,WNT8B,chr10,1996
gene_19626,WNT9A,chr1,1240
gene_19627,WNT9B,chr17,3465
gene_19628,WRAP53,chr17,3882
gene_19629,WRB,chr21,4104
gene_19630,WRNIP1,chr6,2819
gene_19631,WRN,chr8,6023
gene_19632,WSB1,chr17,5082
gene_19633,WSB2,chr12,3472
gene_19634,WSCD1,chr17,6182
gene_19635,WSCD2,chr12,4933
gene_19636,WT1,chr11,3629
gene_19637,WTAP,chr6,7081
gene_19638,WTIP,chr19,2204
gene_19639,WWC1,chr5,7263
gene_19640,WWC2,chr4,10288
gene_19641,WWC3,chrX,6827
gene_19642,WWOX,chr16,3329
gene_19643,WWP1,chr8,4455
gene_19644,WWP2,chr16,7191
gene_19645,WWTR1,chr3,6070
gene_19646,XAB2,chr19,2655
gene_19647,XAF1,chr17,5822
gene_19648,XAGE1D,chrX,2337
gene_19649,XAGE2,chrX,1424
gene_19650,XAGE3,chrX,568
gene_19651,XAGE5,chrX,477
gene_19652,XBP1,chr22,2819
gene_19653,XCL1,chr1,1367
gene_19654,XCL2,chr1,565
gene_19655,XCR1,chr3,1373
gene_19656,XDH,chr2,5717
gene_19657,XG,chrX,3034
gene_19658,XIAP,chrX,8545
gene_19659,XIRP1,chr3,12343
gene_19660,XIRP2,chr2,22510
gene_19661,XIST,chrX,19280
gene_19662,XKR3,chr22,2029
gene_19663,XKR4,chr8,3909
gene_19664,XKR5,chr8,5141
gene_19665,XKR6,chr8,3758
gene_19666,XKR7,chr20,2910
gene_19667,XKR8,chr1,2158
gene_19668,XKR9,chr8,3402
gene_19669,XKRX,chrX,2851
gene_19670,XKRY2,,
gene_19671,XKRY,chrY,3162
gene_19672,XK,chrX,5085
gene_19673,XPA,chr9,1700
gene_19674,XPC,chr3,4029
gene_19675,XPNPEP1,chr10,5085
gene_19676,XPNPEP2,chrX,3808
gene_19677,XPNPEP3,chr22,10754
gene_19678,XPO1,chr2,8823
gene_19679,XPO4,chr13,10040
gene_19680,XPO5,chr6,5364
gene_19681,XPO6,chr16,4853
gene_19682,XPO7,chr8,5076
gene_19683,XPOT,chr12,3947
gene_19684,XPR1,chr1,8711
gene_19685,XRCC1,chr19,2102
gene_19686,XRCC2,chr7,3069
gene_19687,XRCC3,chr14,2844
gene_19688,XRCC4,chr5,2843
gene_19689,XRCC5,chr2,4340
gene_19690,XRCC6BP1,chr12,1160
gene_19691,XRCC6,chr22,2886
gene_19692,XRN1,chr3,11533
gene_19693,XRN2,chr20,3827
gene_19694,XRRA1,chr11,11151
gene_19695,XYLB,chr3,4079
gene_19696,XYLT1,chr16,9336
gene_19697,XYLT2,chr17,3567
gene_19698,YAF2,chr12,9145
gene_19699,YAP1,chr11,6006
gene_19700,YARS2,chr12,2173
gene_19701,YARS,chr1,5525
gene_19702,YBX1,chr1,1546
gene_19703,YBX2,chr17,1583
gene_19704,YDJC,chr22,1557
gene_19705,YEATS2,chr3,6874
gene_19706,YEATS4,chr12,1385
gene_19707,YES1,chr18,4843
gene_19708,YIF1A,chr11,1586
gene_19709,YIF1B,chr19,3787
gene_19710,YIPF1,chr1,1903
gene_19711,YIPF2,chr19,1580
gene_19712,YIPF3,chr6,1878
gene_19713,YIPF4,chr2,1965
gene_19714,YIPF5,chr5,3633
gene_19715,YIPF6,chrX,6282
gene_19716,YIPF7,chr4,1483
gene_19717,YJEFN3,chr19,3965
gene_19718,YKT6,chr7,2766
gene_19719,YLPM1,chr14,9192
gene_19720,YME1L1,chr10,6648
gene_19721,YOD1,chr1,6681
gene_19722,YPEL1,chr22,4993
gene_19723,YPEL2,chr17,8321
gene_19724,YPEL3,chr16,3027
gene_19725,YPEL4,chr11,1722
gene_19726,YPEL5,chr2,3254
gene_19727,YRDC,chr1,1836
gene_19728,YSK4,chr2,6872
gene_19729,YTHDC1,chr4,6249
gene_19730,YTHDC2,chr5,6617
gene_19731,YTHDF1,chr20,3408
gene_19732,YTHDF2,chr1,4083
gene_19733,YTHDF3,chr8,7337
gene_19734,YWHAB,chr20,3105
gene_19735,YWHAE,chr17,1939
gene_19736,YWHAG,chr7,3747
gene_19737,YWHAH,chr22,2138
gene_19738,YWHAQ,chr2,2166
gene_19739,YWHAZ,chr8,3886
gene_19740,YY1AP1,chr1,6381
gene_19741,YY1,chr14,3159
gene_19742,YY2,chrX,2741
gene_19743,ZACN,chr17,2872
gene_19744,ZADH2,chr18,5816
gene_19745,ZAK,chr2,12929
gene_19746,ZAN,chr7,9247
gene_19747,ZAP70,chr2,2999
gene_19748,ZAR1L,chr13,1103
gene_19749,ZAR1,chr4,1436
gene_19750,ZBBX,chr3,3478
gene_19751,ZBED1,chrX,18204
gene_19752,ZBED2,chr3,2203
gene_19753,ZBED3,chr5,1419
gene_19754,ZBED4,chr22,6886
gene_19755,ZBED5,chr11,10850
gene_19756,ZBP1,chr20,2909
gene_19757,ZBTB10,chr8,10514
gene_19758,ZBTB11,chr3,6720
gene_19759,ZBTB12,chr6,1865
gene_19760,ZBTB16,chr11,5238
gene_19761,ZBTB17,chr1,6260
gene_19762,ZBTB1,chr14,7997
gene_19763,ZBTB20,chr3,5838
gene_19764,ZBTB22,chr6,2729
gene_19765,ZBTB24,chr6,6925
gene_19766,ZBTB25,chr14,3434
gene_19767,ZBTB26,chr9,2112
gene_19768,ZBTB2,chr6,3086
gene_19769,ZBTB32,chr19,1982
gene_19770,ZBTB33,chrX,5311
gene_19771,ZBTB34,chr9,6563
gene_19772,ZBTB37,chr1,3597
gene_19773,ZBTB38,chr3,9108
gene_19774,ZBTB39,chr12,6238
gene_19775,ZBTB3,chr11,2974
gene_19776,ZBTB40,chr1,9858
gene_19777,ZBTB41,chr1,8558
gene_19778,ZBTB42,chr14,3636
gene_19779,ZBTB43,chr9,5972
gene_19780,ZBTB44,chr11,13327
gene_19781,ZBTB45,chr19,2432
gene_19782,ZBTB46,chr20,6140
gene_19783,ZBTB47,chr3,5507
gene_19784,ZBTB48,chr1,3940
gene_19785,ZBTB49,chr4,3724
gene_19786,ZBTB4,chr17,6112
gene_19787,ZBTB5,chr9,4649
gene_19788,ZBTB6,chr9,4104
gene_19789,ZBTB7A,chr19,4501
gene_19790,ZBTB7B,chr1,5664
gene_19791,ZBTB7C,chr18,6803
gene_19792,ZBTB8A,chr1,9356
gene_19793,ZBTB8B,chr1,4018
gene_19794,ZBTB8OS,chr1,894
gene_19795,ZBTB9,chr6,2711
gene_19796,ZC3H10,chr12,2121
gene_19797,ZC3H11A,chr1,11287
gene_19798,ZC3H12A,chr1,4938
gene_19799,ZC3H12B,chrX,7256
gene_19800,ZC3H12C,chr11,11670
gene_19801,ZC3H12D,chr6,5167
gene_19802,ZC3H13,chr13,9018
gene_19803,ZC3H14,chr14,5474
gene_19804,ZC3H15,chr2,2133
gene_19805,ZC3H18,chr16,5031
gene_19806,ZC3H3,chr8,3277
gene_19807,ZC3H4,chr19,8724
gene_19808,ZC3H6,chr2,14064
gene_19809,ZC3H7A,chr16,4818
gene_19810,ZC3H7B,chr22,10601
gene_19811,ZC3H8,chr2,1604
gene_19812,ZC3HAV1L,chr7,1753
gene_19813,ZC3HAV1,chr7,8136
gene_19814,ZC3HC1,chr7,1914
gene_19815,ZC4H2,chrX,7599
gene_19816,ZCCHC10,chr5,2341
gene_19817,ZCCHC11,chr1,9112
gene_19818,ZCCHC12,chrX,2197
gene_19819,ZCCHC13,chrX,845
gene_19820,ZCCHC14,chr16,11888
gene_19821,ZCCHC16,chrX,2958
gene_19822,ZCCHC17,chr1,1981
gene_19823,ZCCHC18,chrX,3778
gene_19824,ZCCHC24,chr10,5144
gene_19825,ZCCHC2,chr18,8260
gene_19826,ZCCHC3,chr20,2760
gene_19827,ZCCHC4,chr4,2991
gene_19828,ZCCHC5,chrX,2648
gene_19829,ZCCHC6,chr9,9255
gene_19830,ZCCHC7,chr9,3645
gene_19831,ZCCHC8,chr12,4859
gene_19832,ZCCHC9,chr5,1994
gene_19833,ZCRB1,chr12,1844
gene_19834,ZCWPW1,chr7,3773
gene_19835,ZCWPW2,chr3,1791
gene_19836,ZDBF2,chr2,10345
gene_19837,ZDHHC11,chr5,6357
gene_19838,ZDHHC12,chr9,1453
gene_19839,ZDHHC13,chr11,2434
gene_19840,ZDHHC14,chr6,4449
gene_19841,ZDHHC15,chrX,6646
gene_19842,ZDHHC16,chr10,2095
gene_19843,ZDHHC17,chr12,5003
gene_19844,ZDHHC18,chr1,3175
gene_19845,ZDHHC19,chr3,2520
gene_19846,ZDHHC1,chr16,2009
gene_19847,ZDHHC20,chr13,5916
gene_19848,ZDHHC21,chr9,9425
gene_19849,ZDHHC22,chr14,3408
gene_19850,ZDHHC23,chr3,9461
gene_19851,ZDHHC24,chr11,1950
gene_19852,ZDHHC2,chr8,4012
gene_19853,ZDHHC3,chr3,13421
gene_19854,ZDHHC4,chr7,1969
gene_19855,ZDHHC5,chr11,5187
gene_19856,ZDHHC6,chr10,2653
gene_19857,ZDHHC7,chr16,4682
gene_19858,ZDHHC8P1,chr22,2667
gene_19859,ZDHHC8,chr22,5999
gene_19860,ZDHHC9,chrX,5036
gene_19861,ZEB1,chr10,7766
gene_19862,ZEB2,chr2,16264
gene_19863,ZER1,chr9,4298
gene_19864,ZFAND1,chr8,2638
gene_19865,ZFAND2A,chr7,1236
gene_19866,ZFAND2B,chr2,5167
gene_19867,ZFAND3,chr6,3333
gene_19868,ZFAND5,chr9,6673
gene_19869,ZFAND6,chr15,2219
gene_19870,ZFATAS,chr8,939
gene_19871,ZFAT,chr8,8529
gene_19872,ZFC3H1,chr12,8336
gene_19873,ZFHX3,chr16,16168
gene_19874,ZFHX4,chr8,20704
gene_19875,ZFP106,chr15,11666
gene_19876,ZFP112,chr19,4096
gene_19877,ZFP14,chr19,7595
gene_19878,ZFP161,chr18,3776
gene_19879,ZFP1,chr16,3513
gene_19880,ZFP28,chr19,6713
gene_19881,ZFP2,chr5,2614
gene_19882,ZFP30,chr19,5194
gene_19883,ZFP36L1,chr14,6350
gene_19884,ZFP36L2,chr2,3693
gene_19885,ZFP36,chr19,1752
gene_19886,ZFP37,chr9,2964
gene_19887,ZFP3,chr17,4995
gene_19888,ZFP41,chr8,7564
gene_19889,ZFP42,chr4,2646
gene_19890,ZFP57,chr6,1870
gene_19891,ZFP62,chr5,5368
gene_19892,ZFP64,chr20,5571
gene_19893,ZFP82,chr19,2616
gene_19894,ZFP90,chr16,5831
gene_19895,ZFP91-CNTF,chr11,3543
gene_19896,ZFP91,chr11,5827
gene_19897,ZFP92,chrX,1251
gene_19898,ZFPL1,chr11,2405
gene_19899,ZFPM1,chr16,3241
gene_19900,ZFPM2,chr8,4806
gene_19901,ZFR2,chr19,5724
gene_19902,ZFR,chr5,5069
gene_19903,ZFX,chrX,8141
gene_19904,ZFYVE16,chr5,11605
gene_19905,ZFYVE19,chr15,3331
gene_19906,ZFYVE1,chr14,4627
gene_19907,ZFYVE20,chr3,6678
gene_19908,ZFYVE21,chr14,2839
gene_19909,ZFYVE26,chr14,13052
gene_19910,ZFYVE27,chr10,3642
gene_19911,ZFYVE28,chr4,7493
gene_19912,ZFYVE9,chr1,5470
gene_19913,ZFY,chrY,6127
gene_19914,ZG16B,chr16,828
gene_19915,ZG16,chr16,1807
gene_19916,ZGLP1,chr19,1980
gene_19917,ZGPAT,chr20,4987
gene_19918,ZHX1,chr8,5674
gene_19919,ZHX2,chr8,4359
gene_19920,ZHX3,chr20,13706
gene_19921,ZIC1,chr3,5231
gene_19922,ZIC2,chr13,2975
gene_19923,ZIC3,chrX,3939
gene_19924,ZIC4,chr3,7258
gene_19925,ZIC5,chr13,4597
gene_19926,ZIK1,chr19,3029
gene_19927,ZIM2,chr19,2736
gene_19928,ZIM3,chr19,2627
gene_19929,ZKSCAN1,chr7,6844
gene_19930,ZKSCAN2,chr16,8384
gene_19931,ZKSCAN3,chr6,4842
gene_19932,ZKSCAN4,chr6,2341
gene_19933,ZKSCAN5,chr7,6149
gene_19934,ZMAT1,chrX,7822
gene_19935,ZMAT2,chr5,1512
gene_19936,ZMAT3,chr3,17119
gene_19937,ZMAT4,chr8,2467
gene_19938,ZMAT5,chr22,3501
gene_19939,ZMIZ1,chr10,12457
gene_19940,ZMIZ2,chr7,7208
gene_19941,ZMPSTE24,chr1,3165
gene_19942,ZMYM1,chr1,8441
gene_19943,ZMYM2,chr13,14293
gene_19944,ZMYM3,chrX,7120
gene_19945,ZMYM4,chr1,7238
gene_19946,ZMYM5,chr13,4473
gene_19947,ZMYM6,chr1,13077
gene_19948,ZMYND10,chr3,2190
gene_19949,ZMYND11,chr10,5837
gene_19950,ZMYND12,chr1,1774
gene_19951,ZMYND15,chr17,2507
gene_19952,ZMYND17,chr10,7190
gene_19953,ZMYND19,chr9,1370
gene_19954,ZMYND8,chr20,8953
gene_19955,ZNF100,chr19,4829
gene_19956,ZNF101,chr19,1722
gene_19957,ZNF107,chr7,5505
gene_19958,ZNF10,chr12,4791
gene_19959,ZNF114,chr19,2823
gene_19960,ZNF117,chr7,6404
gene_19961,ZNF121,chr19,1950
gene_19962,ZNF124,chr1,5303
gene_19963,ZNF12,chr7,9273
gene_19964,ZNF131,chr5,6939
gene_19965,ZNF132,chr19,3031
gene_19966,ZNF133,chr20,4977
gene_19967,ZNF134,chr19,2248
gene_19968,ZNF135,chr19,11855
gene_19969,ZNF136,chr19,3018
gene_19970,ZNF137,chr19,2484
gene_19971,ZNF138,chr7,5034
gene_19972,ZNF140,chr12,3207
gene_19973,ZNF141,chr4,3206
gene_19974,ZNF142,chr2,7084
gene_19975,ZNF143,chr11,3028
gene_19976,ZNF146,chr19,4410
gene_19977,ZNF148,chr3,10331
gene_19978,ZNF14,chr19,2963
gene_19979,ZNF154,chr19,4931
gene_19980,ZNF155,chr19,3112
gene_19981,ZNF157,chrX,1695
gene_19982,ZNF160,chr19,5179
gene_19983,ZNF165,chr6,2674
gene_19984,ZNF167,chr3,4968
gene_19985,ZNF169,chr9,8985
gene_19986,ZNF16,chr8,2616
gene_19987,ZNF174,chr16,3188
gene_19988,ZNF175,chr19,3785
gene_19989,ZNF177,chr19,4212
gene_19990,ZNF17,chr19,2984
gene_19991,ZNF180,chr19,3706
gene_19992,ZNF181,chr19,3521
gene_19993,ZNF182,chrX,3674
gene_19994,ZNF184,chr6,4307
gene_19995,ZNF185,chrX,4914
gene_19996,ZNF187,chr6,5490
gene_19997,ZNF189,chr9,3721
gene_19998,ZNF18,chr17,2913
gene_19999,ZNF192,chr6,8074
gene_20000,ZNF193,chr6,1915
gene_20001,ZNF195,chr11,4062
gene_20002,ZNF197,chr3,6930
gene_20003,ZNF19,chr16,3282
gene_20004,ZNF200,chr16,6613
gene_20005,ZNF202,chr11,4607
gene_20006,ZNF204P,chr6,2889
gene_20007,ZNF205,chr16,2503
gene_20008,ZNF207,chr17,6083
gene_20009,ZNF208,chr19,9877
gene_20010,ZNF20,chr19,3257
gene_20011,ZNF211,chr19,4270
gene_20012,ZNF212,chr7,2810
gene_20013,ZNF213,chr16,9424
gene_20014,ZNF214,chr11,2874
gene_20015,ZNF215,chr11,4253
gene_20016,ZNF217,chr20,5862
gene_20017,ZNF219,chr14,3478
gene_20018,ZNF221,chr19,2574
gene_20019,ZNF222,chr19,1820
gene_20020,ZNF223,chr19,2414
gene_20021,ZNF224,chr19,2483
gene_20022,ZNF225,chr19,3029
gene_20023,ZNF226,chr19,8380
gene_20024,ZNF227,chr19,3350
gene_20025,ZNF229,chr19,5749
gene_20026,ZNF22,chr10,2204
gene_20027,ZNF230,chr19,4132
gene_20028,ZNF232,chr17,4128
gene_20029,ZNF233,chr19,3131
gene_20030,ZNF234,chr19,4659
gene_20031,ZNF235,chr19,4769
gene_20032,ZNF236,chr18,8675
gene_20033,ZNF238,chr1,8206
gene_20034,ZNF239,chr10,2631
gene_20035,ZNF23,chr16,7546
gene_20036,ZNF248,chr10,12754
gene_20037,ZNF24,chr18,6575
gene_20038,ZNF250,chr8,7849
gene_20039,ZNF251,chr8,3007
gene_20040,ZNF252,chr8,5430
gene_20041,ZNF253,chr19,4532
gene_20042,ZNF254,chr19,4393
gene_20043,ZNF256,chr19,2210
gene_20044,ZNF257,chr19,3641
gene_20045,ZNF259,chr11,1778
gene_20046,ZNF25,chr10,3759
gene_20047,ZNF260,chr19,5782
gene_20048,ZNF263,chr16,3369
gene_20049,ZNF264,chr19,12163
gene_20050,ZNF266,chr19,4991
gene_20051,ZNF267,chr16,3463
gene_20052,ZNF268,chr12,10002
gene_20053,ZNF26,chr12,3281
gene_20054,ZNF271,chr18,5983
gene_20055,ZNF273,chr7,6769
gene_20056,ZNF274,chr19,4209
gene_20057,ZNF275,chrX,11927
gene_20058,ZNF276,chr16,6656
gene_20059,ZNF277,chr7,5345
gene_20060,ZNF280A,chr22,2147
gene_20061,ZNF280B,chr22,5728
gene_20062,ZNF280C,chrX,4695
gene_20063,ZNF280D,chr15,9279
gene_20064,ZNF281,chr1,9420
gene_20065,ZNF282,chr7,6598
gene_20066,ZNF283,chr19,3756
gene_20067,ZNF284,chr19,4078
gene_20068,ZNF285,chr19,2707
gene_20069,ZNF286A,chr17,9270
gene_20070,ZNF286B,chr17,5328
gene_20071,ZNF287,chr17,4698
gene_20072,ZNF28,chr19,4712
gene_20073,ZNF292,chr6,12362
gene_20074,ZNF295,chr21,14653
gene_20075,ZNF296,chr19,1586
gene_20076,ZNF2,chr2,3953
gene_20077,ZNF300,chr5,3323
gene_20078,ZNF302,chr19,3465
gene_20079,ZNF304,chr19,4638
gene_20080,ZNF30,chr19,3143
gene_20081,ZNF311,chr6,3880
gene_20082,ZNF317,chr19,5543
gene_20083,ZNF318,chr6,8453
gene_20084,ZNF319,chr16,4220
gene_20085,ZNF320,chr19,7169
gene_20086,ZNF321,chr19,2334
gene_20087,ZNF322A,chr6,4892
gene_20088,ZNF322B,,
gene_20089,ZNF323,chr6,4987
gene_20090,ZNF324B,chr19,6660
gene_20091,ZNF324,chr19,3231
gene_20092,ZNF326,chr1,4260
gene_20093,ZNF329,chr19,9752
gene_20094,ZNF32,chr10,1279
gene_20095,ZNF330,chr4,1890
gene_20096,ZNF331,chr19,6086
gene_20097,ZNF333,chr19,4768
gene_20098,ZNF334,chr20,5951
gene_20099,ZNF335,chr20,8122
gene_20100,ZNF337,chr20,3746
gene_20101,ZNF33A,chr10,13875
gene_20102,ZNF33B,chr10,9270
gene_20103,ZNF341,chr20,5399
gene_20104,ZNF343,chr20,4024
gene_20105,ZNF345,chr19,4077
gene_20106,ZNF346,chr5,5422
gene_20107,ZNF347,chr19,4744
gene_20108,ZNF34,chr8,2476
gene_20109,ZNF350,chr19,2341
gene_20110,ZNF354A,chr5,2555
gene_20111,ZNF354B,chr5,2591
gene_20112,ZNF354C,chr5,2373
gene_20113,ZNF358,chr19,1953
gene_20114,ZNF35,chr3,2649
gene_20115,ZNF362,chr1,3106
gene_20116,ZNF365,chr10,7616
gene_20117,ZNF366,chr5,2770
gene_20118,ZNF367,chr9,4462
gene_20119,ZNF37A,chr10,7217
gene_20120,ZNF37B,chr10,12030
gene_20121,ZNF382,chr19,7356
gene_20122,ZNF383,chr19,3104
gene_20123,ZNF384,chr12,3829
gene_20124,ZNF385A,chr12,3016
gene_20125,ZNF385B,chr2,4862
gene_20126,ZNF385D,chr3,2396
gene_20127,ZNF389,chr6,1649
gene_20128,ZNF391,chr6,1596
gene_20129,ZNF394,chr7,3150
gene_20130,ZNF395,chr8,6143
gene_20131,ZNF396,chr18,2788
gene_20132,ZNF397OS,chr18,4664
gene_20133,ZNF397,chr18,4923
gene_20134,ZNF398,chr7,5971
gene_20135,ZNF3,chr7,4804
gene_20136,ZNF404,chr19,2031
gene_20137,ZNF407,chr18,9212
gene_20138,ZNF408,chr11,2545
gene_20139,ZNF410,chr14,5050
gene_20140,ZNF414,chr19,1930
gene_20141,ZNF415,chr19,3259
gene_20142,ZNF416,chr19,2509
gene_20143,ZNF417,chr19,5024
gene_20144,ZNF418,chr19,4041
gene_20145,ZNF419,chr19,2493
gene_20146,ZNF41,chrX,5462
gene_20147,ZNF420,chr19,2973
gene_20148,ZNF423,chr16,4893
gene_20149,ZNF425,chr7,3218
gene_20150,ZNF426,chr19,2636
gene_20151,ZNF428,chr19,1395
gene_20152,ZNF429,chr19,3881
gene_20153,ZNF430,chr19,4015
gene_20154,ZNF431,chr19,3967
gene_20155,ZNF432,chr19,2573
gene_20156,ZNF433,chr19,2495
gene_20157,ZNF434,chr16,5063
gene_20158,ZNF436,chr1,4907
gene_20159,ZNF438,chr10,4893
gene_20160,ZNF439,chr19,2717
gene_20161,ZNF43,chr19,6111
gene_20162,ZNF440,chr19,4181
gene_20163,ZNF441,chr19,4512
gene_20164,ZNF442,chr19,2825
gene_20165,ZNF443,chr19,2664
gene_20166,ZNF444,chr19,3331
gene_20167,ZNF445,chr3,10330
gene_20168,ZNF446,chr19,2351
gene_20169,ZNF449,chrX,8609
gene_20170,ZNF44,chr19,7683
gene_20171,ZNF451,chr6,15318
gene_20172,ZNF454,chr5,2518
gene_20173,ZNF45,chr19,4017
gene_20174,ZNF460,chr19,3923
gene_20175,ZNF461,chr19,3282
gene_20176,ZNF462,chr9,9872
gene_20177,ZNF467,chr7,2776
gene_20178,ZNF468,chr19,4522
gene_20179,ZNF469,chr16,13203
gene_20180,ZNF470,chr19,7826
gene_20181,ZNF471,chr19,4966
gene_20182,ZNF473,chr19,4768
gene_20183,ZNF474,chr5,1957
gene_20184,ZNF479,chr7,2067
gene_20185,ZNF480,chr19,4741
gene_20186,ZNF483,chr9,6272
gene_20187,ZNF484,chr9,4238
gene_20188,ZNF485,chr10,2055
gene_20189,ZNF486,chr19,3897
gene_20190,ZNF487,chr10,1491
gene_20191,ZNF488,chr10,3496
gene_20192,ZNF48,chr16,3894
gene_20193,ZNF490,chr19,6098
gene_20194,ZNF491,chr19,2823
gene_20195,ZNF492,chr19,4245
gene_20196,ZNF493,chr19,7601
gene_20197,ZNF496,chr1,4269
gene_20198,ZNF497,chr19,3562
gene_20199,ZNF498,chr7,10659
gene_20200,ZNF500,chr16,4775
gene_20201,ZNF501,chr3,3499
gene_20202,ZNF502,chr3,3371
gene_20203,ZNF503,chr10,3181
gene_20204,ZNF506,chr19,7750
gene_20205,ZNF507,chr19,11028
gene_20206,ZNF510,chr9,5629
gene_20207,ZNF511,chr10,2527
gene_20208,ZNF512B,chr20,5922
gene_20209,ZNF512,chr2,4862
gene_20210,ZNF513,chr2,2510
gene_20211,ZNF514,chr2,3699
gene_20212,ZNF516,chr18,10076
gene_20213,ZNF517,chr8,6923
gene_20214,ZNF518A,chr10,18994
gene_20215,ZNF518B,chr4,9467
gene_20216,ZNF519,chr18,8875
gene_20217,ZNF521,chr18,5138
gene_20218,ZNF524,chr19,1109
gene_20219,ZNF525,chr19,7788
gene_20220,ZNF526,chr19,3954
gene_20221,ZNF527,chr19,8135
gene_20222,ZNF528,chr19,7358
gene_20223,ZNF529,chr19,7936
gene_20224,ZNF530,chr19,5325
gene_20225,ZNF532,chr18,7447
gene_20226,ZNF534,chr19,3406
gene_20227,ZNF536,chr19,6504
gene_20228,ZNF540,chr19,3531
gene_20229,ZNF541,chr19,4935
gene_20230,ZNF542,chr19,4088
gene_20231,ZNF543,chr19,3671
gene_20232,ZNF544,chr19,6099
gene_20233,ZNF546,chr19,4678
gene_20234,ZNF547,chr19,2786
gene_20235,ZNF548,chr19,4550
gene_20236,ZNF549,chr19,4121
gene_20237,ZNF550,chr19,4818
gene_20238,ZNF551,chr19,3875
gene_20239,ZNF552,chr19,2733
gene_20240,ZNF554,chr19,3795
gene_20241,ZNF555,chr19,16639
gene_20242,ZNF556,chr19,2862
gene_20243,ZNF557,chr19,6371
gene_20244,ZNF558,chr19,4118
gene_20245,ZNF559,chr19,8597
gene_20246,ZNF560,chr19,2925
gene_20247,ZNF561,chr19,4540
gene_20248,ZNF562,chr19,7052
gene_20249,ZNF563,chr19,3298
gene_20250,ZNF564,chr19,2948
gene_20251,ZNF565,chr19,2316
gene_20252,ZNF566,chr19,5460
gene_20253,ZNF567,chr19,4750
gene_20254,ZNF568,chr19,11910
gene_20255,ZNF569,chr19,4858
gene_20256,ZNF570,chr19,2638
gene_20257,ZNF571,chr19,3756
gene_20258,ZNF572,chr8,3275
gene_20259,ZNF573,chr19,3074
gene_20260,ZNF574,chr19,3616
gene_20261,ZNF575,chr19,2729
gene_20262,ZNF576,chr19,4528
gene_20263,ZNF577,chr19,6851
gene_20264,ZNF578,chr19,7141
gene_20265,ZNF579,chr19,2168
gene_20266,ZNF57,chr19,2055
gene_20267,ZNF580,chr19,2603
gene_20268,ZNF581,chr19,1480
gene_20269,ZNF582,chr19,2603
gene_20270,ZNF583,chr19,2747
gene_20271,ZNF584,chr19,2742
gene_20272,ZNF585A,chr19,4183
gene_20273,ZNF585B,chr19,8463
gene_20274,ZNF586,chr19,3756
gene_20275,ZNF587,chr19,12872
gene_20276,ZNF589,chr3,10890
gene_20277,ZNF592,chr15,8347
gene_20278,ZNF593,chr1,649
gene_20279,ZNF594,chr17,4877
gene_20280,ZNF595,chr4,6737
gene_20281,ZNF596,chr8,3469
gene_20282,ZNF597,chr16,1773
gene_20283,ZNF598,chr16,3551
gene_20284,ZNF599,chr19,6021
gene_20285,ZNF600,chr19,2547
gene_20286,ZNF605,chr12,7452
gene_20287,ZNF606,chr19,4225
gene_20288,ZNF607,chr19,4634
gene_20289,ZNF608,chr5,6148
gene_20290,ZNF609,chr15,8617
gene_20291,ZNF610,chr19,2507
gene_20292,ZNF611,chr19,5032
gene_20293,ZNF613,chr19,2439
gene_20294,ZNF614,chr19,5529
gene_20295,ZNF615,chr19,4212
gene_20296,ZNF616,chr19,3145
gene_20297,ZNF618,chr9,13245
gene_20298,ZNF619,chr3,4425
gene_20299,ZNF620,chr3,2866
gene_20300,ZNF621,chr3,8469
gene_20301,ZNF622,chr5,1692
gene_20302,ZNF623,chr8,8167
gene_20303,ZNF624,chr17,4244
gene_20304,ZNF625,chr19,3027
gene_20305,ZNF626,chr19,6834
gene_20306,ZNF627,chr19,2864
gene_20307,ZNF628,chr19,3847
gene_20308,ZNF629,chr16,6087
gene_20309,ZNF630,chrX,3988
gene_20310,ZNF638,chr2,10238
gene_20311,ZNF639,chr3,3274
gene_20312,ZNF641,chr12,4776
gene_20313,ZNF642,chr1,2711
gene_20314,ZNF643,chr1,3033
gene_20315,ZNF644,chr1,6001
gene_20316,ZNF645,chrX,1547
gene_20317,ZNF646,chr16,6208
gene_20318,ZNF648,chr1,3649
gene_20319,ZNF649,chr19,3227
gene_20320,ZNF652,chr17,15602
gene_20321,ZNF653,chr19,2240
gene_20322,ZNF654,chr3,4957
gene_20323,ZNF655,chr7,7948
gene_20324,ZNF658,chr9,6064
gene_20325,ZNF660,chr3,2205
gene_20326,ZNF662,chr3,6890
gene_20327,ZNF664,chr12,4506
gene_20328,ZNF665,chr19,3291
gene_20329,ZNF667,chr19,6084
gene_20330,ZNF668,chr16,3935
gene_20331,ZNF669,chr1,2156
gene_20332,ZNF670,chr1,7985
gene_20333,ZNF671,chr19,2472
gene_20334,ZNF672,chr1,2936
gene_20335,ZNF673,chrX,2582
gene_20336,ZNF674,chrX,7988
gene_20337,ZNF675,chr19,2209
gene_20338,ZNF676,chr19,2934
gene_20339,ZNF677,chr19,4176
gene_20340,ZNF678,chr1,9594
gene_20341,ZNF679,chr7,1567
gene_20342,ZNF680,chr7,4912
gene_20343,ZNF681,chr19,7435
gene_20344,ZNF682,chr19,3586
gene_20345,ZNF683,chr1,1838
gene_20346,ZNF684,chr1,2097
gene_20347,ZNF687,chr1,6042
gene_20348,ZNF688,chr16,2113
gene_20349,ZNF689,chr16,3995
gene_20350,ZNF691,chr1,2364
gene_20351,ZNF692,chr1,4776
gene_20352,ZNF695,chr1,4149
gene_20353,ZNF696,chr8,4684
gene_20354,ZNF697,chr1,5080
gene_20355,ZNF699,chr19,2094
gene_20356,ZNF69,chr19,1659
gene_20357,ZNF700,chr19,3147
gene_20358,ZNF701,chr19,5728
gene_20359,ZNF702P,chr19,2997
gene_20360,ZNF703,chr8,2174
gene_20361,ZNF704,chr8,14386
gene_20362,ZNF705A,chr12,3438
gene_20363,ZNF705D,chr8,3683
gene_20364,ZNF706,chr8,3115
gene_20365,ZNF707,chr8,5545
gene_20366,ZNF708,chr19,4185
gene_20367,ZNF709,chr19,5202
gene_20368,ZNF70,chr22,4017
gene_20369,ZNF710,chr15,4489
gene_20370,ZNF711,chrX,7644
gene_20371,ZNF713,chr7,2873
gene_20372,ZNF714,chr19,12727
gene_20373,ZNF716,chr7,5210
gene_20374,ZNF717,chr3,5257
gene_20375,ZNF718,chr4,3398
gene_20376,ZNF71,chr19,3127
gene_20377,ZNF720,chr16,9684
gene_20378,ZNF721,chr4,6444
gene_20379,ZNF727,chr7,1679
gene_20380,ZNF732,chr4,2182
gene_20381,ZNF735,chr7,1239
gene_20382,ZNF737,chr19,8391
gene_20383,ZNF738,chr19,12395
gene_20384,ZNF740,chr12,4256
gene_20385,ZNF746,chr7,6488
gene_20386,ZNF747,chr16,4925
gene_20387,ZNF749,chr19,2929
gene_20388,ZNF74,chr22,4360
gene_20389,ZNF750,chr17,3191
gene_20390,ZNF75A,chr16,2601
gene_20391,ZNF75D,chrX,3269
gene_20392,ZNF761,chr19,4981
gene_20393,ZNF763,chr19,2956
gene_20394,ZNF764,chr16,5140
gene_20395,ZNF765,chr19,6625
gene_20396,ZNF766,chr19,5124
gene_20397,ZNF767,chr7,4981
gene_20398,ZNF768,chr16,3780
gene_20399,ZNF76,chr6,4494
gene_20400,ZNF770,chr15,5448
gene_20401,ZNF771,chr16,3348
gene_20402,ZNF772,chr19,5419
gene_20403,ZNF773,chr19,7742
gene_20404,ZNF774,chr15,1838
gene_20405,ZNF775,chr7,2275
gene_20406,ZNF776,chr19,5568
gene_20407,ZNF777,chr7,3072
gene_20408,ZNF778,chr16,3608
gene_20409,ZNF77,chr19,2040
gene_20410,ZNF780A,chr19,7677
gene_20411,ZNF780B,chr19,8973
gene_20412,ZNF781,chr19,3268
gene_20413,ZNF782,chr9,3420
gene_20414,ZNF784,chr19,2116
gene_20415,ZNF785,chr16,5312
gene_20416,ZNF786,chr7,3591
gene_20417,ZNF787,chr19,3506
gene_20418,ZNF788,chr19,5752
gene_20419,ZNF789,chr7,2531
gene_20420,ZNF790,chr19,2853
gene_20421,ZNF791,chr19,2635
gene_20422,ZNF792,chr19,3888
gene_20423,ZNF793,chr19,10500
gene_20424,ZNF799,chr19,4974
gene_20425,ZNF79,chr9,2674
gene_20426,ZNF7,chr8,7717
gene_20427,ZNF800,chr7,6755
gene_20428,ZNF804A,chr2,4685
gene_20429,ZNF804B,chr7,4588
gene_20430,ZNF805,chr19,10126
gene_20431,ZNF808,chr19,4458
gene_20432,ZNF80,chr3,2946
gene_20433,ZNF813,chr19,4227
gene_20434,ZNF814,chr19,8639
gene_20435,ZNF815,chr7,2924
gene_20436,ZNF816A,chr19,2942
gene_20437,ZNF81,chrX,7978
gene_20438,ZNF821,chr16,2648
gene_20439,ZNF823,chr19,2395
gene_20440,ZNF826,chr19,3471
gene_20441,ZNF827,chr4,4361
gene_20442,ZNF828,chr13,7440
gene_20443,ZNF829,chr19,7837
gene_20444,ZNF830,chr17,1657
gene_20445,ZNF831,chr20,9403
gene_20446,ZNF833,chr19,3562
gene_20447,ZNF835,chr19,2774
gene_20448,ZNF836,chr19,3493
gene_20449,ZNF837,chr19,2143
gene_20450,ZNF839,chr14,5697
gene_20451,ZNF83,chr19,7267
gene_20452,ZNF841,chr19,3876
gene_20453,ZNF843,chr16,2013
gene_20454,ZNF844,chr19,2834
gene_20455,ZNF845,chr19,4413
gene_20456,ZNF846,chr19,3070
gene_20457,ZNF84,chr12,7530
gene_20458,ZNF853,chr7,3578
gene_20459,ZNF85,chr19,4578
gene_20460,ZNF860,chr3,3206
gene_20461,ZNF862,chr7,6897
gene_20462,ZNF876P,chr4,2607
gene_20463,ZNF878,chr19,1762
gene_20464,ZNF879,chr5,2604
gene_20465,ZNF880,chr19,3571
gene_20466,ZNF883,chr9,2379
gene_20467,ZNF8,chr19,6664
gene_20468,ZNF90,chr19,4721
gene_20469,ZNF91,chr19,5396
gene_20470,ZNF92,chr7,3114
gene_20471,ZNF93,chr19,3784
gene_20472,ZNF98,chr19,2260
gene_20473,ZNF99,chr19,7881
gene_20474,ZNFX1,chr20,7369
gene_20475,ZNHIT1,chr7,4667
gene_20476,ZNHIT2,chr11,1296
gene_20477,ZNHIT3,chr17,2955
gene_20478,ZNHIT6,chr1,6885
gene_20479,ZNRD1,chr6,1154
gene_20480,ZNRF1,chr16,5192
gene_20481,ZNRF2,chr7,3460
gene_20482,ZNRF3,chr22,6770
gene_20483,ZNRF4,chr19,1442
gene_20484,ZP1,chr11,2605
gene_20485,ZP2,chr16,2984
gene_20486,ZP3,chr7,2795
gene_20487,ZP4,chr1,2474
gene_20488,ZPBP2,chr17,2257
gene_20489,ZPBP,chr7,1376
gene_20490,ZPLD1,chr3,4607
gene_20491,ZRANB1,chr10,5938
gene_20492,ZRANB2,chr1,3145
gene_20493,ZRANB3,chr2,4308
gene_20494,ZRSR2,chrX,1511
gene_20495,ZSCAN10,chr16,3754
gene_20496,ZSCAN12P1,chr6,4055
gene_20497,ZSCAN12,chr6,7136
gene_20498,ZSCAN16,chr6,2046
gene_20499,ZSCAN18,chr19,12410
gene_20500,ZSCAN1,chr19,2834
gene_20501,ZSCAN20,chr1,6273
gene_20502,ZSCAN21,chr7,3705
gene_20503,ZSCAN22,chr19,5081
gene_20504,ZSCAN23,chr6,5025
gene_20505,ZSCAN29,chr15,8051
gene_20506,ZSCAN2,chr15,7938
gene_20507,ZSCAN4,chr19,2246
gene_20508,ZSCAN5A,chr19,4361
gene_20509,ZSCAN5B,chr19,1626
gene_20510,ZSWIM1,chr20,2787
gene_20511,ZSWIM2,chr2,2446
gene_20512,ZSWIM3,chr20,2972
gene_20513,ZSWIM4,chr19,4690
gene_20514,ZSWIM5,chr1,5836
gene_20515,ZSWIM6,chr5,5503
gene_20516,ZSWIM7,chr17,4409
gene_20517,ZUFSP,chr6,2211
gene_20518,ZW10,chr11,3102
gene_20519,ZWILCH,chr15,3329
gene_20520,ZWINT,chr10,3754
gene_20521,ZXDA,chrX,5204
gene_20522,ZXDB,chrX,5642
gene_20523,ZXDC,chr3,15461
gene_20524,ZYG11A,chr1,4271
gene_20525,ZYG11B,chr1,8394
gene_20526,ZYX,chr7,2668
gene_20527,ZZEF1,chr17,16205
gene_20528,ZZZ3,chr1,6165
gene_20529,psiTPTE22,chr22,4713
gene_20530,tAKR,chr10,1437
